time,weather_code (wmo code),temperature_2m_max (°C),temperature_2m_min (°C),apparent_temperature_min (°C),apparent_temperature_max (°C),uv_index_max (),uv_index_clear_sky_max (),wind_speed_10m_max (km/h),wind_gusts_10m_max (km/h),wind_direction_10m_dominant (°),moonset (iso8601),shortwave_radiation_sum (MJ/m²),moon_phase (fraction),moonrise (iso8601),daylight_duration (s),sunshine_duration (s),sunset (iso8601),rain_sum (mm),showers_sum (mm),sunrise (iso8601),snowfall_sum (cm),precipitation_sum (mm),precipitation_hours (h),precipitation_probability_max (%),et0_fao_evapotranspiration (mm)
2018-01-01,1,-11.7,-34.2,-39.4,-16.3,NaN,NaN,9.4,17.3,299,2018-01-01T14:55,NaN,0.476,2018-01-01T23:45,28800.90,NaN,2018-01-01T23:40,NaN,NaN,2018-01-01T15:39,NaN,NaN,0.0,NaN,NaN
2018-01-02,2,-1.2,-10.9,-15.0,-4.4,NaN,NaN,8.0,25.2,189,2018-01-02T15:57,3.21,0.516,,28869.43,14400.00,2018-01-02T23:41,0.00,0.00,2018-01-02T15:39,0.00,0.00,0.0,NaN,0.36
2018-01-03,3,2.8,-5.4,-10.1,0.1,NaN,NaN,11.7,21.6,10,2018-01-03T16:48,4.37,0.555,2018-01-03T00:53,28943.59,25200.00,2018-01-03T23:42,0.00,0.00,2018-01-03T15:39,0.00,0.00,0.0,NaN,0.53
2018-01-04,45,-1.2,-8.1,-12.6,-4.2,NaN,NaN,11.3,18.4,18,2018-01-04T17:30,4.58,0.594,2018-01-04T02:09,29023.47,25200.00,2018-01-04T23:43,0.00,0.00,2018-01-04T15:39,0.00,0.00,0.0,NaN,0.43
2018-01-05,0,5.8,-10.3,-14.2,2.2,NaN,NaN,10.4,19.1,14,2018-01-05T18:03,2.74,0.631,2018-01-05T03:28,29109.94,14400.00,2018-01-05T23:44,0.00,0.00,2018-01-05T15:38,0.00,0.00,0.0,NaN,0.41
2018-01-06,61,6.1,1.1,-2.4,3.0,NaN,NaN,18.6,41.4,288,2018-01-06T18:31,4.49,0.667,2018-01-06T04:45,29202.93,25200.00,2018-01-06T23:45,3.30,0.00,2018-01-06T15:38,0.00,3.30,4.0,NaN,0.88
2018-01-07,3,1.8,-2.7,-7.2,-1.3,NaN,NaN,10.3,25.6,49,2018-01-07T18:56,4.53,0.702,2018-01-07T05:59,29302.21,24536.32,2018-01-07T23:47,0.00,0.00,2018-01-07T15:37,0.00,0.00,0.0,NaN,0.54
2018-01-08,3,3.6,-7.6,-11.5,0.1,NaN,NaN,10.9,22.7,205,2018-01-08T19:19,4.26,0.736,2018-01-08T07:11,29407.50,15972.43,2018-01-08T23:48,0.00,0.00,2018-01-08T15:37,0.00,0.00,0.0,NaN,0.51
2018-01-09,45,2.1,-14.6,-22.1,-1.0,NaN,NaN,29.4,54.4,350,2018-01-09T19:42,2.80,0.768,2018-01-09T08:20,29518.57,3600.00,2018-01-09T23:49,0.00,0.00,2018-01-09T15:36,0.00,0.00,0.0,NaN,0.16
2018-01-10,73,-14.8,-22.0,-27.8,-22.2,NaN,NaN,25.6,43.6,358,2018-01-10T20:06,3.91,0.800,2018-01-10T09:27,29635.15,0.00,2018-01-10T23:51,1.10,0.00,2018-01-10T15:36,2.24,4.30,10.0,NaN,0.19
2018-01-11,73,-22.3,-30.6,-35.9,-27.2,NaN,NaN,9.8,24.8,152,2018-01-11T20:32,5.23,0.831,2018-01-11T10:32,29757.00,25200.00,2018-01-11T23:52,0.20,0.00,2018-01-11T15:35,0.42,0.80,2.0,NaN,0.11
2018-01-12,3,-19.0,-26.8,-31.6,-23.9,NaN,NaN,8.5,19.8,194,2018-01-12T21:02,5.18,0.862,2018-01-12T11:35,29883.87,25200.00,2018-01-12T23:53,0.00,0.00,2018-01-12T15:35,0.00,0.00,0.0,NaN,0.15
2018-01-13,73,0.2,-20.5,-25.4,-3.4,NaN,NaN,8.6,18.0,130,2018-01-13T21:37,5.03,0.892,2018-01-13T12:35,30015.52,25200.00,2018-01-13T23:55,0.60,0.00,2018-01-13T15:34,1.12,2.20,3.0,NaN,0.37
2018-01-14,3,0.2,-5.6,-9.3,-3.6,NaN,NaN,11.3,17.6,27,2018-01-14T22:17,1.74,0.922,2018-01-14T13:32,30151.70,0.00,2018-01-14T23:57,0.00,0.00,2018-01-14T15:33,0.00,0.00,0.0,NaN,0.30
2018-01-15,45,-5.7,-10.5,-16.3,-9.9,NaN,NaN,19.2,46.8,165,2018-01-15T23:03,4.01,0.952,2018-01-15T14:23,30292.17,7200.00,2018-01-15T23:58,0.00,0.00,2018-01-15T15:32,0.00,0.00,0.0,NaN,0.21
2018-01-16,45,5.7,-10.0,-14.0,2.8,NaN,NaN,14.1,23.4,187,2018-01-16T23:56,5.33,0.982,2018-01-16T15:09,30436.69,25200.00,2018-01-17T00:00,0.00,0.00,2018-01-16T15:31,0.00,0.00,0.0,NaN,0.52
2018-01-17,3,7.8,-0.3,-6.2,4.6,NaN,NaN,18.9,41.4,230,,4.69,0.012,2018-01-17T15:48,30585.02,15542.03,2018-01-18T00:01,0.00,0.00,2018-01-17T15:31,0.00,0.00,0.0,NaN,0.94
2018-01-18,3,5.6,-3.1,-7.5,2.7,NaN,NaN,16.6,30.6,195,2018-01-18T00:54,5.45,0.043,2018-01-18T16:22,30736.96,25200.00,2018-01-19T00:03,0.00,0.00,2018-01-18T15:30,0.00,0.00,0.0,NaN,0.81
2018-01-19,1,3.5,-4.4,-8.9,-1.9,NaN,NaN,19.0,34.6,237,2018-01-19T01:56,5.72,0.073,2018-01-19T16:51,30892.25,25200.00,2018-01-20T00:04,0.00,0.00,2018-01-19T15:29,0.00,0.00,0.0,NaN,1.00
2018-01-20,2,2.7,-6.7,-10.7,-0.8,NaN,NaN,13.3,32.8,266,2018-01-20T03:00,5.81,0.104,2018-01-20T17:17,31050.69,25200.00,2018-01-21T00:06,0.00,0.00,2018-01-20T15:28,0.00,0.00,0.0,NaN,0.78
2018-01-21,3,3.2,-8.1,-12.1,-0.6,NaN,NaN,14.4,23.8,205,2018-01-21T04:06,5.90,0.136,2018-01-21T17:41,31212.05,25725.77,2018-01-22T00:08,0.00,0.00,2018-01-21T15:27,0.00,0.00,0.0,NaN,0.76
2018-01-22,3,3.2,-5.3,-10.3,-2.6,NaN,NaN,17.9,35.3,225,2018-01-22T05:14,5.78,0.168,2018-01-22T18:04,31376.13,18622.31,2018-01-23T00:09,0.00,0.00,2018-01-22T15:25,0.00,0.00,0.0,NaN,0.88
2018-01-23,2,0.4,-8.8,-12.9,-3.3,NaN,NaN,10.6,32.0,80,2018-01-23T06:23,6.16,0.201,2018-01-23T18:27,31542.71,25646.94,2018-01-24T00:11,0.00,0.00,2018-01-23T15:24,0.00,0.00,0.0,NaN,0.67
2018-01-24,3,4.0,-6.6,-10.5,0.7,NaN,NaN,9.3,24.1,157,2018-01-24T07:34,5.25,0.235,2018-01-24T18:52,31711.94,14657.33,2018-01-25T00:13,0.00,0.00,2018-01-24T15:23,0.00,0.00,0.0,NaN,0.62
2018-01-25,45,1.8,-10.6,-15.3,-1.5,NaN,NaN,17.3,27.7,12,2018-01-25T08:47,5.21,0.270,2018-01-25T19:20,31885.58,11348.63,2018-01-26T00:14,0.00,0.00,2018-01-25T15:22,0.00,0.00,0.0,NaN,0.29
2018-01-26,3,-7.8,-14.0,-18.4,-12.1,NaN,NaN,12.4,30.2,341,2018-01-26T10:02,6.73,0.306,2018-01-26T19:53,32063.67,26820.38,2018-01-27T00:16,0.00,0.00,2018-01-26T15:21,0.00,0.00,0.0,NaN,0.34
2018-01-27,73,-12.0,-19.4,-24.1,-16.3,NaN,NaN,12.0,31.3,169,2018-01-27T11:18,4.89,0.343,2018-01-27T20:34,32245.92,0.00,2018-01-28T00:18,0.50,0.00,2018-01-27T15:19,0.98,1.90,4.0,NaN,0.22
2018-01-28,73,-14.1,-20.7,-25.0,-19.0,NaN,NaN,17.3,32.8,22,2018-01-28T12:30,6.21,0.381,2018-01-28T21:25,32432.02,16131.80,2018-01-29T00:20,0.80,0.00,2018-01-28T15:18,1.47,2.90,5.0,NaN,0.25
2018-01-29,3,5.3,-17.6,-22.5,2.0,NaN,NaN,12.5,31.7,164,2018-01-29T13:37,4.46,0.420,2018-01-29T22:26,32621.68,1634.08,2018-01-30T00:21,0.00,0.00,2018-01-29T15:17,0.00,0.00,0.0,NaN,0.46
2018-01-30,3,6.6,-1.4,-6.7,3.5,NaN,NaN,28.1,40.3,277,2018-01-30T14:33,6.50,0.459,2018-01-30T23:39,32814.64,23907.17,2018-01-31T00:23,0.00,0.00,2018-01-30T15:15,0.00,0.00,0.0,NaN,0.95
2018-01-31,73,1.4,-18.3,-22.7,-4.4,NaN,NaN,18.1,34.9,23,2018-01-31T15:20,6.39,0.498,,33010.61,19291.41,2018-02-01T00:25,0.10,0.00,2018-01-31T15:14,0.21,0.40,1.0,NaN,0.38
2018-02-01,73,-14.2,-19.2,-24.2,-18.6,NaN,NaN,9.7,23.8,175,2018-02-01T15:58,6.78,0.536,2018-02-01T00:56,33209.32,13260.70,2018-02-02T00:27,0.20,0.00,2018-02-01T15:12,0.49,0.90,4.0,NaN,0.28
2018-02-02,73,-16.8,-20.0,-24.5,-21.7,NaN,NaN,9.5,24.5,89,2018-02-02T16:29,5.51,0.574,2018-02-02T02:16,33410.52,9738.42,2018-02-03T00:28,0.40,0.00,2018-02-02T15:11,0.77,1.50,3.0,NaN,0.18
2018-02-03,73,-17.4,-20.6,-27.0,-22.2,NaN,NaN,20.2,34.6,6,2018-02-03T16:57,6.48,0.610,2018-02-03T03:35,33613.95,1907.24,2018-02-04T00:30,1.80,0.00,2018-02-03T15:09,3.36,6.60,9.0,NaN,0.22
2018-02-04,73,-10.3,-25.8,-30.9,-14.6,NaN,NaN,12.0,19.8,182,2018-02-04T17:22,7.35,0.646,2018-02-04T04:50,33819.37,17763.96,2018-02-05T00:32,0.50,0.00,2018-02-04T15:07,0.91,1.80,3.0,NaN,0.35
2018-02-05,73,-11.9,-20.9,-26.1,-16.3,NaN,NaN,13.1,20.9,9,2018-02-05T17:45,8.18,0.680,2018-02-05T06:03,34026.53,28082.43,2018-02-06T00:34,1.40,0.00,2018-02-05T15:06,2.59,5.10,7.0,NaN,0.33
2018-02-06,3,-11.9,-20.9,-26.1,-16.6,NaN,NaN,23.0,43.6,356,2018-02-06T18:09,8.46,0.713,2018-02-06T07:13,34235.21,31784.07,2018-02-07T00:36,0.00,0.00,2018-02-06T15:04,0.00,0.00,0.0,NaN,0.48
2018-02-07,73,-9.3,-15.4,-20.2,-14.0,NaN,NaN,12.0,40.7,74,2018-02-07T18:35,8.06,0.745,2018-02-07T08:20,34445.16,24994.46,2018-02-08T00:38,0.10,0.00,2018-02-07T15:02,0.21,0.40,1.0,NaN,0.39
2018-02-08,75,-14.1,-18.3,-23.2,-18.6,NaN,NaN,10.9,23.0,68,2018-02-08T19:04,6.82,0.776,2018-02-08T09:25,34656.18,0.00,2018-02-09T00:39,5.80,0.00,2018-02-08T15:01,10.29,20.50,24.0,NaN,0.26
2018-02-09,2,-14.6,-29.9,-34.4,-18.6,NaN,NaN,5.7,9.0,55,2018-02-09T19:37,9.13,0.807,2018-02-09T10:26,34868.04,28496.43,2018-02-10T00:41,0.00,0.00,2018-02-09T14:59,0.00,0.00,0.0,NaN,0.32
2018-02-10,3,-5.3,-21.9,-26.7,-9.1,NaN,NaN,10.6,25.2,10,2018-02-10T20:14,9.06,0.837,2018-02-10T11:25,35080.54,29146.67,2018-02-11T00:43,0.00,0.00,2018-02-10T14:57,0.00,0.00,0.0,NaN,0.59
2018-02-11,73,-6.4,-18.3,-22.9,-10.8,NaN,NaN,20.0,31.3,47,2018-02-11T20:59,9.50,0.867,2018-02-11T12:18,35293.46,29085.93,2018-02-12T00:45,0.30,0.00,2018-02-11T14:55,0.63,1.20,3.0,NaN,0.36
2018-02-12,0,-6.1,-30.8,-36.0,-10.3,NaN,NaN,10.0,22.7,200,2018-02-12T21:49,8.95,0.897,2018-02-12T13:06,35506.61,25027.46,2018-02-13T00:47,0.00,0.00,2018-02-12T14:54,0.00,0.00,0.0,NaN,0.46
2018-02-13,3,6.2,-6.7,-11.1,3.5,NaN,NaN,32.1,52.9,272,2018-02-13T22:45,5.99,0.927,2018-02-13T13:47,35720.16,10800.00,2018-02-14T00:48,0.00,0.00,2018-02-13T14:52,0.00,0.00,0.0,NaN,1.48
2018-02-14,73,7.5,-10.4,-16.3,3.5,NaN,NaN,34.0,57.2,315,2018-02-14T23:47,7.80,0.957,2018-02-14T14:23,35936.04,7200.00,2018-02-15T00:50,0.10,0.00,2018-02-14T14:50,0.21,0.40,1.0,NaN,1.13
2018-02-15,73,-10.2,-19.3,-23.9,-15.4,NaN,NaN,14.2,32.4,246,,10.26,0.988,2018-02-15T14:54,36154.38,28800.00,2018-02-16T00:52,0.40,0.00,2018-02-15T14:48,0.84,1.60,4.0,NaN,0.47
2018-02-16,3,-1.8,-12.0,-16.9,-7.0,NaN,NaN,26.8,50.0,273,2018-02-16T00:51,8.92,0.019,2018-02-16T15:22,36374.96,21638.46,2018-02-17T00:54,0.00,0.00,2018-02-16T14:46,0.00,0.00,0.0,NaN,1.22
2018-02-17,73,-5.5,-14.5,-19.0,-10.3,NaN,NaN,10.7,19.8,24,2018-02-17T01:57,7.92,0.051,2018-02-17T15:46,36597.56,7200.00,2018-02-18T00:55,0.90,0.00,2018-02-17T14:44,1.75,3.40,7.0,NaN,0.40
2018-02-18,73,-13.9,-18.1,-23.6,-18.2,NaN,NaN,18.7,40.3,347,2018-02-18T03:05,10.66,0.084,2018-02-18T16:09,36821.97,25697.57,2018-02-19T00:57,1.30,0.00,2018-02-18T14:42,2.52,4.90,10.0,NaN,0.40
2018-02-19,3,-14.2,-23.6,-27.9,-18.5,NaN,NaN,9.6,13.7,350,2018-02-19T04:14,11.22,0.117,2018-02-19T16:32,37047.97,32400.00,2018-02-20T00:59,0.00,0.00,2018-02-19T14:40,0.00,0.00,0.0,NaN,0.45
2018-02-20,3,-11.3,-21.1,-25.8,-16.2,NaN,NaN,13.8,34.9,332,2018-02-20T05:25,11.12,0.151,2018-02-20T16:57,37275.36,32400.00,2018-02-21T01:01,0.00,0.00,2018-02-20T14:38,0.00,0.00,0.0,NaN,0.51
2018-02-21,2,-8.5,-20.2,-25.5,-12.6,NaN,NaN,9.4,15.1,194,2018-02-21T06:37,11.50,0.185,2018-02-21T17:23,37503.94,32400.00,2018-02-22T01:03,0.00,0.00,2018-02-21T14:36,0.00,0.00,0.0,NaN,0.60
2018-02-22,3,-7.6,-15.4,-20.2,-11.5,NaN,NaN,9.9,25.9,343,2018-02-22T07:50,11.57,0.220,2018-02-22T17:54,37733.52,32400.00,2018-02-23T01:04,0.00,0.00,2018-02-22T14:34,0.00,0.00,0.0,NaN,0.69
2018-02-23,2,-0.9,-19.4,-24.4,-7.4,NaN,NaN,22.9,35.6,209,2018-02-23T09:03,11.62,0.256,2018-02-23T18:30,37963.91,32400.00,2018-02-24T01:06,0.00,0.00,2018-02-23T14:32,0.00,0.00,0.0,NaN,0.89
2018-02-24,3,-1.5,-7.8,-13.4,-6.8,NaN,NaN,26.9,43.9,288,2018-02-24T10:14,11.95,0.292,2018-02-24T19:15,38194.93,28843.78,2018-02-25T01:08,0.00,0.00,2018-02-24T14:30,0.00,0.00,0.0,NaN,1.44
2018-02-25,3,0.2,-9.0,-14.2,-5.2,NaN,NaN,19.9,38.5,262,2018-02-25T11:22,10.89,0.329,2018-02-25T20:10,38426.38,19143.96,2018-02-26T01:10,0.00,0.00,2018-02-25T14:28,0.00,0.00,0.0,NaN,1.41
2018-02-26,3,-1.3,-13.6,-17.9,-6.1,NaN,NaN,14.9,29.5,353,2018-02-26T12:20,12.51,0.367,2018-02-26T21:15,38658.10,33071.87,2018-02-27T01:11,0.00,0.00,2018-02-26T14:26,0.00,0.00,0.0,NaN,1.08
2018-02-27,3,0.7,-7.2,-12.4,-5.8,NaN,NaN,32.0,45.0,268,2018-02-27T13:10,12.50,0.404,2018-02-27T22:28,38889.90,28800.00,2018-02-28T01:13,0.00,0.00,2018-02-27T14:24,0.00,0.00,0.0,NaN,1.48
2018-02-28,1,0.6,-9.8,-14.6,-2.9,NaN,NaN,16.3,33.1,242,2018-02-28T13:51,13.03,0.442,2018-02-28T23:47,39121.62,33692.99,2018-03-01T01:15,0.00,0.00,2018-02-28T14:22,0.00,0.00,0.0,NaN,1.37
2018-03-01,73,-0.9,-13.1,-17.5,-5.6,NaN,NaN,11.5,27.7,92,2018-03-01T14:25,12.00,0.480,,39353.08,18000.00,2018-03-02T01:17,0.10,0.00,2018-03-01T14:20,0.21,0.40,1.0,NaN,0.85
2018-03-02,73,-7.1,-10.4,-14.9,-11.4,NaN,NaN,13.6,24.8,51,2018-03-02T14:54,9.91,0.517,2018-03-02T01:05,39584.13,3600.00,2018-03-03T01:18,4.60,0.00,2018-03-02T14:18,8.54,16.80,21.0,NaN,0.53
2018-03-03,73,-9.6,-12.9,-19.0,-13.8,NaN,NaN,19.2,40.3,344,2018-03-03T15:21,11.86,0.554,2018-03-03T02:23,39814.58,6600.78,2018-03-04T01:20,3.50,0.00,2018-03-03T14:15,6.23,12.40,20.0,NaN,0.56
2018-03-04,71,-10.2,-16.5,-20.9,-14.1,NaN,NaN,8.7,15.8,356,2018-03-04T15:45,13.56,0.589,2018-03-04T03:39,40044.29,31253.62,2018-03-05T01:22,0.10,0.00,2018-03-04T14:13,0.14,0.30,2.0,NaN,0.68
2018-03-05,45,-9.2,-25.2,-30.1,-13.0,NaN,NaN,7.4,14.8,30,2018-03-05T16:09,14.15,0.623,2018-03-05T04:52,40273.40,36823.20,2018-03-06T01:24,0.00,0.00,2018-03-05T14:11,0.00,0.00,0.0,NaN,0.71
2018-03-06,3,-6.5,-21.6,-26.4,-10.9,NaN,NaN,10.5,14.0,105,2018-03-06T16:35,14.29,0.657,2018-03-06T06:02,40503.72,37284.76,2018-03-07T01:25,0.00,0.00,2018-03-06T14:09,0.00,0.00,0.0,NaN,0.81
2018-03-07,45,-5.6,-18.3,-22.9,-9.1,NaN,NaN,7.2,13.7,36,2018-03-07T17:03,14.35,0.689,2018-03-07T07:10,40735.41,37723.76,2018-03-08T01:27,0.00,0.00,2018-03-07T14:07,0.00,0.00,0.0,NaN,0.91
2018-03-08,73,-6.6,-16.7,-20.9,-10.7,NaN,NaN,12.1,25.9,148,2018-03-08T17:35,12.34,0.720,2018-03-08T08:14,40968.31,13571.42,2018-03-09T01:29,0.70,0.00,2018-03-08T14:05,1.26,2.50,3.0,NaN,0.65
2018-03-09,45,2.8,-9.8,-14.3,-0.3,NaN,NaN,24.1,55.4,54,2018-03-09T18:11,14.15,0.751,2018-03-09T09:15,41202.26,32050.11,2018-03-10T01:30,0.00,0.00,2018-03-09T14:03,0.00,0.00,0.0,NaN,1.12
2018-03-10,2,2.1,-11.2,-15.8,-1.1,NaN,NaN,14.5,26.6,120,2018-03-10T18:53,14.30,0.781,2018-03-10T10:11,41437.11,32036.91,2018-03-11T01:32,0.00,0.00,2018-03-10T14:00,0.00,0.00,0.0,NaN,1.30
2018-03-11,45,1.8,-12.1,-16.8,-0.6,NaN,NaN,9.1,19.1,55,2018-03-11T19:41,15.25,0.811,2018-03-11T11:01,41672.72,35771.08,2018-03-12T01:34,0.00,0.00,2018-03-11T13:58,0.00,0.00,0.0,NaN,1.47
2018-03-12,45,3.3,-11.6,-16.2,0.1,NaN,NaN,8.3,18.0,97,2018-03-12T20:35,15.83,0.841,2018-03-12T11:45,41908.91,39505.93,2018-03-13T01:35,0.00,0.00,2018-03-12T13:56,0.00,0.00,0.0,NaN,1.50
2018-03-13,0,5.2,-8.4,-12.6,2.3,NaN,NaN,8.8,20.2,179,2018-03-13T21:34,16.26,0.871,2018-03-13T12:22,42145.56,39600.00,2018-03-14T01:37,0.00,0.00,2018-03-13T13:54,0.00,0.00,0.0,NaN,1.74
2018-03-14,2,3.0,-10.6,-14.4,-0.5,NaN,NaN,6.6,27.7,58,2018-03-14T22:37,15.70,0.902,2018-03-14T12:55,42382.52,32400.00,2018-03-15T01:39,0.00,0.00,2018-03-14T13:51,0.00,0.00,0.0,NaN,1.45
2018-03-15,75,-0.1,-8.0,-12.2,-3.8,NaN,NaN,17.4,39.2,8,2018-03-15T23:44,8.73,0.933,2018-03-15T13:24,42619.63,7200.00,2018-03-16T01:41,3.80,0.00,2018-03-15T13:49,6.09,12.50,11.0,NaN,0.65
2018-03-16,75,0.6,-10.4,-14.2,-1.4,NaN,NaN,11.0,27.4,258,,16.01,0.965,2018-03-16T13:49,42856.74,29339.41,2018-03-17T01:42,1.10,0.00,2018-03-16T13:47,1.96,3.90,7.0,NaN,1.39
2018-03-17,73,0.7,-4.7,-8.0,-2.6,NaN,NaN,8.0,17.3,18,2018-03-17T00:52,10.62,0.998,2018-03-17T14:13,43093.73,11398.60,2018-03-18T01:44,1.60,0.00,2018-03-17T13:45,3.01,5.90,8.0,NaN,0.90
2018-03-18,73,-0.0,-4.3,-8.8,-3.5,NaN,NaN,15.2,29.9,5,2018-03-18T02:02,16.77,0.032,2018-03-18T14:36,43330.44,28800.00,2018-03-19T01:46,1.00,0.00,2018-03-18T13:42,1.96,3.80,8.0,NaN,1.18
2018-03-19,73,1.5,-8.3,-11.7,-0.9,NaN,NaN,4.8,18.4,224,2018-03-19T03:14,16.74,0.066,2018-03-19T15:01,43566.72,23989.88,2018-03-20T01:47,0.30,0.00,2018-03-19T13:40,0.63,1.20,3.0,NaN,1.46
2018-03-20,3,5.1,-5.5,-9.1,2.6,NaN,NaN,8.0,17.6,175,2018-03-20T04:27,17.52,0.101,2018-03-20T15:27,43802.44,39600.00,2018-03-21T01:49,0.00,0.00,2018-03-20T13:38,0.00,0.00,0.0,NaN,1.84
2018-03-21,3,4.2,-5.7,-9.5,0.7,NaN,NaN,7.9,16.6,68,2018-03-21T05:41,17.18,0.136,2018-03-21T15:56,44037.44,36000.00,2018-03-22T01:51,0.00,0.00,2018-03-21T13:36,0.00,0.00,0.0,NaN,1.76
2018-03-22,73,0.4,-8.9,-13.2,-2.8,NaN,NaN,10.2,23.0,27,2018-03-22T06:55,10.05,0.172,2018-03-22T16:30,44271.57,3600.00,2018-03-23T01:52,0.30,0.00,2018-03-22T13:33,0.35,0.80,2.0,NaN,0.83
2018-03-23,75,4.5,-6.6,-10.9,2.7,NaN,NaN,15.9,31.3,183,2018-03-23T08:07,17.55,0.208,2018-03-23T17:12,44504.70,32434.54,2018-03-24T01:54,2.40,0.00,2018-03-23T13:31,4.13,8.30,5.0,NaN,1.83
2018-03-24,73,3.3,-6.8,-11.0,-1.7,NaN,NaN,15.3,31.7,187,2018-03-24T09:15,15.19,0.244,2018-03-24T18:02,44736.67,3600.00,2018-03-25T01:56,0.20,0.00,2018-03-24T13:29,0.35,0.70,2.0,NaN,1.63
2018-03-25,3,3.3,-10.2,-14.1,-0.1,NaN,NaN,7.9,14.4,224,2018-03-25T10:15,18.82,0.281,2018-03-25T19:03,44967.62,32667.60,2018-03-26T01:57,0.00,0.00,2018-03-25T13:27,0.00,0.00,0.0,NaN,1.74
2018-03-26,3,4.4,-6.5,-11.2,-0.3,NaN,NaN,17.9,28.8,242,2018-03-26T11:06,18.88,0.318,2018-03-26T20:11,45199.21,33061.77,2018-03-27T01:59,0.00,0.00,2018-03-26T13:24,0.00,0.00,0.0,NaN,2.13
2018-03-27,3,7.3,-2.2,-6.9,2.7,NaN,NaN,40.0,63.0,267,2018-03-27T11:49,16.42,0.354,2018-03-27T21:26,45431.60,24347.15,2018-03-28T02:00,0.00,0.00,2018-03-27T13:22,0.00,0.00,0.0,NaN,2.19
2018-03-28,73,2.3,-1.9,-5.5,-1.1,NaN,NaN,20.0,31.0,31,2018-03-28T12:24,18.65,0.391,2018-03-28T22:42,45664.66,31784.95,2018-03-29T02:02,0.30,0.00,2018-03-28T13:20,0.35,0.80,2.0,NaN,1.56
2018-03-29,45,0.1,-7.3,-11.3,-3.3,NaN,NaN,12.7,18.7,73,2018-03-29T12:54,15.98,0.427,2018-03-29T23:59,45898.25,13326.55,2018-03-30T02:04,0.00,0.00,2018-03-29T13:18,0.00,0.00,0.0,NaN,1.06
2018-03-30,73,-6.1,-11.9,-18.3,-11.0,NaN,NaN,20.9,37.4,87,2018-03-30T13:21,18.25,0.464,,46132.25,8696.47,2018-03-31T02:05,1.30,0.00,2018-03-30T13:15,2.52,4.90,9.0,NaN,0.79
2018-03-31,73,-10.2,-19.5,-24.3,-14.3,NaN,NaN,10.8,17.6,106,2018-03-31T13:45,21.01,0.499,2018-03-31T01:15,46366.52,38460.55,2018-04-01T02:07,0.50,0.00,2018-03-31T13:13,1.05,2.00,5.0,NaN,0.95
2018-04-01,73,-7.3,-16.8,-21.4,-10.6,NaN,NaN,11.2,20.2,65,2018-04-01T14:09,19.24,0.534,2018-04-01T02:29,46600.92,25200.00,2018-04-02T02:09,0.10,0.00,2018-04-01T13:11,0.21,0.40,1.0,NaN,1.12
2018-04-02,73,-5.6,-13.4,-17.6,-8.7,NaN,NaN,7.2,15.1,344,2018-04-02T14:34,20.15,0.568,2018-04-02T03:42,46835.33,21997.84,2018-04-03T02:10,1.10,0.00,2018-04-02T13:09,2.45,4.60,12.0,NaN,1.31
2018-04-03,45,-4.3,-16.2,-20.4,-8.5,NaN,NaN,11.7,19.4,150,2018-04-03T15:01,21.46,0.601,2018-04-03T04:52,47069.58,42465.29,2018-04-04T02:12,0.00,0.00,2018-04-03T13:06,0.00,0.00,0.0,NaN,1.39
2018-04-04,3,-3.1,-13.9,-18.3,-8.4,NaN,NaN,29.3,43.9,356,2018-04-04T15:31,21.11,0.633,2018-04-04T05:59,47303.57,36682.50,2018-04-05T02:14,0.00,0.00,2018-04-04T13:04,0.00,0.00,0.0,NaN,1.13
2018-04-05,3,-7.9,-13.9,-19.1,-11.6,NaN,NaN,25.3,38.5,4,2018-04-05T16:05,22.00,0.665,2018-04-05T07:03,47537.14,42306.32,2018-04-06T02:15,0.00,0.00,2018-04-05T13:02,0.00,0.00,0.0,NaN,1.18
2018-04-06,73,-9.7,-15.8,-21.4,-14.5,NaN,NaN,22.3,41.4,145,2018-04-06T16:45,21.63,0.695,2018-04-06T08:02,47770.14,32439.77,2018-04-07T02:17,0.80,0.00,2018-04-06T13:00,1.61,3.10,7.0,NaN,0.85
2018-04-07,73,-8.9,-14.4,-18.9,-12.6,NaN,NaN,15.9,33.5,144,2018-04-07T17:31,19.29,0.726,2018-04-07T08:55,48002.43,21400.12,2018-04-08T02:19,0.10,0.00,2018-04-07T12:58,0.21,0.40,1.0,NaN,0.93
2018-04-08,75,-4.0,-10.1,-14.2,-6.3,NaN,NaN,8.4,18.7,35,2018-04-08T18:23,21.27,0.756,2018-04-08T09:41,48233.86,32400.00,2018-04-09T02:20,4.10,0.00,2018-04-08T12:55,7.49,14.80,14.0,NaN,1.47
2018-04-09,3,4.4,-8.2,-12.5,2.4,NaN,NaN,8.2,15.1,172,2018-04-09T19:21,22.31,0.786,2018-04-09T10:21,48464.27,43200.00,2018-04-10T02:22,0.00,0.00,2018-04-09T12:53,0.00,0.00,0.0,NaN,2.19
2018-04-10,3,6.2,-2.8,-6.5,3.8,NaN,NaN,13.0,28.1,146,2018-04-10T20:22,21.86,0.816,2018-04-10T10:55,48693.51,43669.17,2018-04-11T02:24,0.00,0.00,2018-04-10T12:51,0.00,0.00,0.0,NaN,2.44
2018-04-11,3,4.8,-4.7,-8.2,2.5,NaN,NaN,13.9,25.6,34,2018-04-11T21:27,22.00,0.847,2018-04-11T11:25,48921.42,32903.07,2018-04-12T02:25,0.00,0.00,2018-04-11T12:49,0.00,0.00,0.0,NaN,2.21
2018-04-12,73,3.9,-3.4,-7.6,0.4,NaN,NaN,11.6,23.8,124,2018-04-12T22:34,17.73,0.879,2018-04-12T11:52,49147.84,9172.13,2018-04-13T02:27,1.90,0.00,2018-04-12T12:47,3.36,6.70,11.0,NaN,1.35
2018-04-13,73,5.4,-3.9,-8.1,2.6,NaN,NaN,12.3,25.2,161,2018-04-13T23:44,21.85,0.911,2018-04-13T12:15,49372.59,25200.00,2018-04-14T02:28,3.30,0.00,2018-04-13T12:45,5.74,11.50,12.0,NaN,2.09
2018-04-14,3,9.1,1.2,-2.6,6.0,NaN,NaN,16.2,28.8,156,,19.52,0.945,2018-04-14T12:39,49595.80,19511.20,2018-04-15T02:30,0.00,0.00,2018-04-14T12:42,0.00,0.00,0.0,NaN,2.57
2018-04-15,51,7.6,-2.4,-6.0,6.7,NaN,NaN,11.8,21.2,62,2018-04-15T00:56,21.57,0.979,2018-04-15T13:03,49819.07,22208.47,2018-04-16T02:32,0.40,0.00,2018-04-15T12:40,0.00,0.40,1.0,NaN,2.53
2018-04-16,75,3.1,-1.5,-6.4,-1.6,NaN,NaN,18.4,38.9,354,2018-04-16T02:10,18.78,0.015,2018-04-16T13:28,50042.54,20947.40,2018-04-17T02:33,5.30,0.00,2018-04-16T12:38,8.68,17.70,11.0,NaN,1.39
2018-04-17,71,3.1,-5.0,-8.7,1.4,NaN,NaN,9.7,18.4,50,2018-04-17T03:26,22.97,0.051,2018-04-17T13:56,50266.08,27167.89,2018-04-18T02:35,0.10,0.00,2018-04-17T12:36,0.14,0.30,1.0,NaN,2.14
2018-04-18,2,6.7,-4.7,-9.1,4.5,NaN,NaN,12.6,23.4,142,2018-04-18T04:42,24.85,0.088,2018-04-18T14:29,50489.54,46800.00,2018-04-19T02:37,0.00,0.00,2018-04-18T12:34,0.00,0.00,0.0,NaN,2.68
2018-04-19,2,7.3,-4.2,-7.9,5.0,NaN,NaN,14.5,28.8,159,2018-04-19T05:57,25.01,0.125,2018-04-19T15:09,50712.76,46800.00,2018-04-20T02:38,0.00,0.00,2018-04-19T12:32,0.00,0.00,0.0,NaN,2.72
2018-04-20,2,14.6,0.6,-2.7,11.4,NaN,NaN,19.2,28.1,156,2018-04-20T07:09,24.33,0.162,2018-04-20T15:57,50935.61,46800.00,2018-04-21T02:40,0.00,0.00,2018-04-20T12:30,0.00,0.00,0.0,NaN,3.46
2018-04-21,51,14.4,3.2,0.2,10.9,NaN,NaN,33.8,65.2,229,2018-04-21T08:12,15.18,0.198,2018-04-21T16:55,51157.92,10800.00,2018-04-22T02:42,0.40,0.00,2018-04-21T12:28,0.00,0.40,1.0,NaN,2.65
2018-04-22,1,13.1,1.5,-2.4,7.4,NaN,NaN,31.9,57.6,305,2018-04-22T09:06,24.63,0.235,2018-04-22T18:02,51379.52,47110.46,2018-04-23T02:43,0.00,0.00,2018-04-22T12:26,0.00,0.00,0.0,NaN,4.15
2018-04-23,3,15.0,0.7,-2.0,10.1,NaN,NaN,20.2,32.0,193,2018-04-23T09:51,25.35,0.271,2018-04-23T19:14,51600.26,44207.48,2018-04-24T02:45,0.00,0.00,2018-04-23T12:24,0.00,0.00,0.0,NaN,3.75
2018-04-24,3,23.0,0.2,-3.4,19.5,NaN,NaN,21.0,34.6,196,2018-04-24T10:27,25.55,0.307,2018-04-24T20:28,51819.96,47767.87,2018-04-25T02:47,0.00,0.00,2018-04-24T12:22,0.00,0.00,0.0,NaN,4.95
2018-04-25,3,21.1,6.0,0.4,16.3,NaN,NaN,25.6,49.7,333,2018-04-25T10:58,22.51,0.343,2018-04-25T21:44,52038.45,39600.00,2018-04-26T02:48,0.00,0.00,2018-04-25T12:20,0.00,0.00,0.0,NaN,4.52
2018-04-26,0,22.8,2.1,-2.4,20.9,NaN,NaN,14.8,27.0,72,2018-04-26T11:24,25.59,0.379,2018-04-26T22:58,52255.56,48435.99,2018-04-27T02:50,0.00,0.00,2018-04-26T12:18,0.00,0.00,0.0,NaN,4.76
2018-04-27,0,23.1,2.6,-0.4,18.9,NaN,NaN,25.3,40.0,145,2018-04-27T11:49,25.65,0.414,,52471.09,49075.47,2018-04-28T02:51,0.00,0.00,2018-04-27T12:16,0.00,0.00,0.0,NaN,5.04
2018-04-28,0,27.4,2.9,-0.5,24.4,NaN,NaN,23.4,38.5,170,2018-04-28T12:12,26.11,0.448,2018-04-28T00:12,52684.85,49190.21,2018-04-29T02:53,0.00,0.00,2018-04-28T12:14,0.00,0.00,0.0,NaN,5.97
2018-04-29,65,27.8,4.2,-1.2,24.0,NaN,NaN,32.4,50.4,334,2018-04-29T12:35,11.49,0.482,2018-04-29T01:24,52896.66,10800.00,2018-04-30T02:55,22.30,0.00,2018-04-29T12:12,0.00,22.30,11.0,NaN,2.50
2018-04-30,3,12.9,1.6,-0.8,11.4,NaN,NaN,16.9,33.1,250,2018-04-30T13:01,20.52,0.515,2018-04-30T02:35,53106.31,25155.35,2018-05-01T02:56,0.00,0.00,2018-04-30T12:10,0.00,0.00,0.0,NaN,2.59
2018-05-01,3,12.7,5.3,1.0,9.4,NaN,NaN,22.6,42.8,330,2018-05-01T13:29,22.15,0.548,2018-05-01T03:44,53313.59,30184.87,2018-05-02T02:58,0.00,0.00,2018-05-01T12:08,0.00,0.00,0.0,NaN,3.20
2018-05-02,3,20.2,-0.3,-3.7,17.5,NaN,NaN,17.0,35.6,288,2018-05-02T14:01,26.17,0.580,2018-05-02T04:49,53518.29,49632.08,2018-05-03T02:59,0.00,0.00,2018-05-02T12:06,0.00,0.00,0.0,NaN,4.42
2018-05-03,2,22.0,3.0,-0.5,17.9,NaN,NaN,24.1,40.0,285,2018-05-03T14:39,26.58,0.611,2018-05-03T05:51,53720.19,49737.60,2018-05-04T03:01,0.00,0.00,2018-05-03T12:05,0.00,0.00,0.0,NaN,5.66
2018-05-04,3,20.9,8.7,5.5,17.7,NaN,NaN,23.4,36.7,281,2018-05-04T15:23,23.62,0.642,2018-05-04T06:47,53919.36,37369.34,2018-05-05T03:03,0.00,0.00,2018-05-04T12:03,0.00,0.00,0.0,NaN,5.21
2018-05-05,51,20.8,4.3,1.8,18.4,NaN,NaN,21.6,35.6,351,2018-05-05T16:12,21.52,0.672,2018-05-05T07:37,54117.34,39298.70,2018-05-06T03:04,0.40,0.00,2018-05-05T12:01,0.00,0.40,1.0,NaN,3.88
2018-05-06,2,23.5,3.6,0.8,21.3,NaN,NaN,15.9,19.1,183,2018-05-06T17:07,25.11,0.702,2018-05-06T08:19,54314.24,46444.41,2018-05-07T03:06,0.00,0.00,2018-05-06T12:00,0.00,0.00,0.0,NaN,4.79
2018-05-07,3,24.0,9.4,5.5,21.6,NaN,NaN,20.3,43.2,345,2018-05-07T18:07,26.54,0.732,2018-05-07T08:56,54509.90,49531.28,2018-05-08T03:07,0.00,0.00,2018-05-07T11:58,0.00,0.00,0.0,NaN,5.56
2018-05-08,61,22.9,11.9,9.4,19.7,NaN,NaN,20.6,38.9,324,2018-05-08T19:10,23.41,0.763,2018-05-08T09:27,54704.16,36000.00,2018-05-09T03:09,1.80,0.00,2018-05-08T11:56,0.00,1.80,1.0,NaN,5.13
2018-05-09,63,21.3,5.6,2.5,18.3,NaN,NaN,17.1,35.6,53,2018-05-09T20:16,10.22,0.793,2018-05-09T09:54,54896.81,3600.00,2018-05-10T03:10,10.70,0.00,2018-05-09T11:55,0.00,10.70,7.0,NaN,2.25
2018-05-10,61,9.0,2.5,-0.8,8.7,NaN,NaN,17.5,32.0,127,2018-05-10T21:24,17.74,0.825,2018-05-10T10:18,55087.69,10800.00,2018-05-11T03:12,2.90,0.00,2018-05-10T11:53,0.00,2.90,3.0,NaN,2.24
2018-05-11,51,15.8,3.5,0.4,12.3,NaN,NaN,23.7,34.2,11,2018-05-11T22:34,18.11,0.858,2018-05-11T10:41,55276.59,18000.00,2018-05-12T03:14,0.40,0.00,2018-05-11T11:51,0.00,0.40,1.0,NaN,2.60
2018-05-12,1,21.9,2.7,-0.7,19.8,NaN,NaN,14.6,25.6,4,2018-05-12T23:47,27.04,0.892,2018-05-12T11:04,55463.34,46800.00,2018-05-13T03:15,0.00,0.00,2018-05-12T11:50,0.00,0.00,0.0,NaN,4.89
2018-05-13,2,23.1,7.7,4.2,20.5,NaN,NaN,19.6,37.1,2,,28.09,0.927,2018-05-13T11:28,55647.72,50400.00,2018-05-14T03:17,0.00,0.00,2018-05-13T11:48,0.00,0.00,0.0,NaN,5.75
2018-05-14,0,27.7,5.6,2.3,25.7,NaN,NaN,14.5,25.2,172,2018-05-14T01:02,28.25,0.963,2018-05-14T11:54,55829.53,50400.00,2018-05-15T03:18,0.00,0.00,2018-05-14T11:47,0.00,0.00,0.0,NaN,5.84
2018-05-15,0,28.4,11.5,8.5,26.6,NaN,NaN,15.8,25.6,269,2018-05-15T02:19,28.46,0.000,2018-05-15T12:25,56008.55,50400.00,2018-05-16T03:20,0.00,0.00,2018-05-15T11:45,0.00,0.00,0.0,NaN,6.46
2018-05-16,0,27.9,12.0,7.8,24.7,NaN,NaN,24.0,43.2,353,2018-05-16T03:38,28.47,0.038,2018-05-16T13:02,56184.58,50400.00,2018-05-17T03:21,0.00,0.00,2018-05-16T11:44,0.00,0.00,0.0,NaN,6.75
2018-05-17,61,24.5,6.5,3.2,20.8,NaN,NaN,33.7,56.5,6,2018-05-17T04:54,6.88,0.076,2018-05-17T13:48,56357.39,10905.61,2018-05-18T03:23,6.50,0.00,2018-05-17T11:42,0.00,6.50,6.0,NaN,2.24
2018-05-18,53,13.2,5.6,3.3,10.9,NaN,NaN,15.6,25.2,93,2018-05-18T06:03,20.33,0.114,2018-05-18T14:44,56526.76,18000.00,2018-05-19T03:24,1.50,0.00,2018-05-18T11:41,0.00,1.50,3.0,NaN,2.82
2018-05-19,0,16.3,3.6,0.1,13.2,NaN,NaN,27.4,45.4,174,2018-05-19T07:03,28.45,0.152,2018-05-19T15:50,56692.44,51175.93,2018-05-20T03:25,0.00,0.00,2018-05-19T11:40,0.00,0.00,0.0,NaN,4.29
2018-05-20,51,24.8,3.3,0.8,22.0,NaN,NaN,24.3,45.4,170,2018-05-20T07:52,23.44,0.189,2018-05-20T17:02,56854.21,44412.76,2018-05-21T03:27,0.40,0.00,2018-05-20T11:38,0.00,0.40,1.0,NaN,4.41
2018-05-21,2,24.8,8.1,5.7,22.0,NaN,NaN,18.1,29.5,328,2018-05-21T08:31,24.10,0.226,2018-05-21T18:18,57011.81,40985.01,2018-05-22T03:28,0.00,0.00,2018-05-21T11:37,0.00,0.00,0.0,NaN,5.13
2018-05-22,1,25.6,8.8,6.9,23.5,NaN,NaN,11.8,19.8,102,2018-05-22T09:03,23.52,0.262,2018-05-22T19:34,57165.02,48111.78,2018-05-23T03:29,0.00,0.00,2018-05-22T11:36,0.00,0.00,0.0,NaN,4.83
2018-05-23,0,26.0,7.9,5.6,25.0,NaN,NaN,12.6,22.0,157,2018-05-23T09:31,27.38,0.297,2018-05-23T20:48,57313.57,48746.12,2018-05-24T03:31,0.00,0.00,2018-05-23T11:35,0.00,0.00,0.0,NaN,5.70
2018-05-24,55,27.1,11.8,9.6,24.4,NaN,NaN,23.6,30.2,285,2018-05-24T09:55,26.81,0.332,2018-05-24T22:01,57457.44,45297.51,2018-05-25T03:32,1.10,0.00,2018-05-24T11:34,0.00,1.10,1.0,NaN,6.02
2018-05-25,1,27.1,10.9,9.3,25.8,NaN,NaN,23.4,38.9,303,2018-05-25T10:17,25.84,0.366,2018-05-25T23:12,57597.82,49269.13,2018-05-26T03:33,0.00,0.00,2018-05-25T11:32,0.00,0.00,0.0,NaN,5.59
2018-05-26,3,27.1,12.1,7.6,24.3,NaN,NaN,28.5,47.5,353,2018-05-26T10:40,27.47,0.400,,57734.79,43200.00,2018-05-27T03:34,0.00,0.00,2018-05-26T11:31,0.00,0.00,0.0,NaN,5.43
2018-05-27,51,25.1,8.3,6.1,22.7,NaN,NaN,17.3,31.3,161,2018-05-27T11:04,28.81,0.433,2018-05-27T00:22,57868.20,46800.00,2018-05-28T03:36,0.40,0.00,2018-05-27T11:30,0.00,0.40,1.0,NaN,5.90
2018-05-28,2,29.3,10.3,8.6,26.6,NaN,NaN,17.8,31.7,204,2018-05-28T11:31,30.23,0.465,2018-05-28T01:31,57997.87,53485.15,2018-05-29T03:37,0.00,0.00,2018-05-28T11:29,0.00,0.00,0.0,NaN,6.93
2018-05-29,51,29.1,8.5,4.2,24.1,NaN,NaN,33.6,48.6,337,2018-05-29T12:01,20.90,0.497,2018-05-29T02:38,58123.69,25354.08,2018-05-30T03:38,0.40,0.00,2018-05-29T11:29,0.00,0.40,1.0,NaN,5.11
2018-05-30,63,14.6,6.4,3.9,13.7,NaN,NaN,16.6,30.6,15,2018-05-30T12:35,24.57,0.528,2018-05-30T03:42,58245.45,22347.35,2018-05-31T03:39,4.40,0.00,2018-05-30T11:28,0.00,4.40,4.0,NaN,3.88
2018-05-31,63,12.4,5.8,3.5,9.4,NaN,NaN,18.3,26.6,29,2018-05-31T13:17,8.13,0.559,2018-05-31T04:40,58363.02,10800.00,2018-06-01T03:40,12.10,0.00,2018-05-31T11:27,0.00,12.10,10.0,NaN,1.33
2018-06-01,63,13.9,6.0,3.3,13.8,NaN,NaN,10.9,20.5,36,2018-06-01T14:04,16.38,0.590,2018-06-01T05:33,58476.23,14400.00,2018-06-02T03:41,14.80,0.00,2018-06-01T11:26,0.00,14.80,13.0,NaN,2.43
2018-06-02,2,21.1,3.7,0.9,17.7,NaN,NaN,19.6,36.0,277,2018-06-02T14:57,29.59,0.620,2018-06-02T06:18,58584.90,50916.20,2018-06-03T03:42,0.00,0.00,2018-06-02T11:25,0.00,0.00,0.0,NaN,5.08
2018-06-03,3,22.9,4.9,2.6,20.2,NaN,NaN,21.1,39.6,199,2018-06-03T15:55,30.05,0.650,2018-06-03T06:57,58688.90,54000.00,2018-06-04T03:43,0.00,0.00,2018-06-03T11:25,0.00,0.00,0.0,NaN,5.72
2018-06-04,61,22.4,14.9,11.8,18.9,NaN,NaN,22.0,37.1,206,2018-06-04T16:57,16.07,0.680,2018-06-04T07:30,58788.05,10800.00,2018-06-05T03:44,3.40,0.00,2018-06-04T11:24,0.00,3.40,5.0,NaN,4.58
2018-06-05,3,20.2,4.2,1.4,16.1,NaN,NaN,21.7,48.6,238,2018-06-05T18:01,25.91,0.710,2018-06-05T07:58,58882.17,43678.10,2018-06-06T03:45,0.00,0.00,2018-06-05T11:23,0.00,0.00,0.0,NaN,4.63
2018-06-06,2,23.2,6.9,3.4,21.4,NaN,NaN,18.5,34.2,236,2018-06-06T19:07,30.87,0.741,2018-06-06T08:22,58971.12,50400.00,2018-06-07T03:46,0.00,0.00,2018-06-06T11:23,0.00,0.00,0.0,NaN,6.05
2018-06-07,3,26.2,9.1,6.6,24.1,NaN,NaN,12.2,25.6,187,2018-06-07T20:14,31.26,0.773,2018-06-07T08:45,59054.74,54443.31,2018-06-08T03:47,0.00,0.00,2018-06-07T11:22,0.00,0.00,0.0,NaN,6.14
2018-06-08,2,27.1,11.8,9.4,24.9,NaN,NaN,16.9,31.0,216,2018-06-08T21:25,30.74,0.806,2018-06-08T09:07,59132.83,54885.05,2018-06-09T03:48,0.00,0.00,2018-06-08T11:22,0.00,0.00,0.0,NaN,6.68
2018-06-09,51,26.6,11.8,9.0,24.0,NaN,NaN,23.1,56.2,185,2018-06-09T22:37,28.91,0.840,2018-06-09T09:30,59205.26,46800.00,2018-06-10T03:49,0.40,0.00,2018-06-09T11:21,0.00,0.40,1.0,NaN,6.53
2018-06-10,63,25.5,6.8,5.1,20.6,NaN,NaN,26.4,53.3,316,2018-06-10T23:53,22.68,0.875,2018-06-10T09:54,59271.87,32195.72,2018-06-11T03:49,13.80,0.00,2018-06-10T11:21,0.00,13.80,10.0,NaN,3.42
2018-06-11,3,16.9,5.3,2.4,11.1,NaN,NaN,35.1,59.0,277,,29.86,0.911,2018-06-11T10:21,59332.51,38735.63,2018-06-12T03:50,0.00,0.00,2018-06-11T11:21,0.00,0.00,0.0,NaN,4.43
2018-06-12,3,20.0,9.2,3.4,15.8,NaN,NaN,38.7,60.5,274,2018-06-12T01:11,31.92,0.949,2018-06-12T10:55,59387.01,54000.00,2018-06-13T03:51,0.00,0.00,2018-06-12T11:20,0.00,0.00,0.0,NaN,7.41
2018-06-13,3,21.1,10.9,8.0,20.1,NaN,NaN,25.2,41.8,262,2018-06-13T02:29,30.15,0.987,2018-06-13T11:37,59435.30,53047.42,2018-06-14T03:51,0.00,0.00,2018-06-13T11:20,0.00,0.00,0.0,NaN,6.58
2018-06-14,3,21.8,8.3,6.1,17.6,NaN,NaN,23.9,38.2,312,2018-06-14T03:44,17.38,0.026,2018-06-14T12:28,59477.77,21600.00,2018-06-15T03:52,0.00,0.00,2018-06-14T11:20,0.00,0.00,0.0,NaN,3.25
2018-06-15,65,16.8,6.3,4.9,16.7,NaN,NaN,18.5,27.0,305,2018-06-15T04:50,22.06,0.065,2018-06-15T13:32,59514.47,32792.45,2018-06-16T03:52,11.20,0.00,2018-06-15T11:20,0.00,11.20,4.0,NaN,3.39
2018-06-16,63,14.9,8.9,5.9,13.3,NaN,NaN,20.0,42.8,357,2018-06-16T05:46,15.04,0.104,2018-06-16T14:44,59545.37,11982.00,2018-06-17T03:53,21.60,0.00,2018-06-16T11:20,0.00,21.60,8.0,NaN,2.47
2018-06-17,51,21.1,4.6,2.4,20.1,NaN,NaN,11.1,18.4,222,2018-06-17T06:30,26.79,0.142,2018-06-17T16:01,59570.50,44966.72,2018-06-18T03:53,0.40,0.00,2018-06-17T11:20,0.00,0.40,1.0,NaN,4.42
2018-06-18,3,21.2,7.1,5.5,20.3,NaN,NaN,14.1,21.2,160,2018-06-18T07:07,27.93,0.180,2018-06-18T17:20,59589.84,48570.27,2018-06-19T03:53,0.00,0.00,2018-06-18T11:20,0.00,0.00,0.0,NaN,5.17
2018-06-19,1,24.1,7.4,5.3,23.2,NaN,NaN,12.8,16.6,168,2018-06-19T07:36,30.06,0.216,2018-06-19T18:36,59603.39,55316.83,2018-06-20T03:54,0.00,0.00,2018-06-19T11:20,0.00,0.00,0.0,NaN,5.61
2018-06-20,0,26.0,8.4,6.5,24.2,NaN,NaN,17.6,27.0,156,2018-06-20T08:01,31.36,0.252,2018-06-20T19:51,59611.15,55780.87,2018-06-21T03:54,0.00,0.00,2018-06-20T11:20,0.00,0.00,0.0,NaN,6.31
2018-06-21,2,25.9,11.5,10.6,26.4,NaN,NaN,18.8,29.2,128,2018-06-21T08:24,30.42,0.286,2018-06-21T21:03,59613.15,55329.40,2018-06-22T03:54,0.00,0.00,2018-06-21T11:20,0.00,0.00,0.0,NaN,6.26
2018-06-22,63,24.6,10.4,9.0,23.4,NaN,NaN,21.5,47.5,326,2018-06-22T08:47,20.10,0.320,2018-06-22T22:13,59609.39,40478.85,2018-06-23T03:54,15.50,0.00,2018-06-22T11:21,0.00,15.50,3.0,NaN,4.10
2018-06-23,65,19.8,12.4,10.2,19.2,NaN,NaN,23.4,50.4,334,2018-06-23T09:10,7.19,0.353,2018-06-23T23:22,59599.89,3600.00,2018-06-24T03:54,18.10,0.00,2018-06-23T11:21,0.00,18.10,9.0,NaN,1.54
2018-06-24,3,24.9,10.6,9.8,25.0,NaN,NaN,17.8,31.3,21,2018-06-24T09:35,29.20,0.385,,59584.69,47698.12,2018-06-25T03:55,0.00,0.00,2018-06-24T11:21,0.00,0.00,0.0,NaN,5.22
2018-06-25,2,27.2,12.2,11.4,24.4,NaN,NaN,24.2,53.6,182,2018-06-25T10:03,30.25,0.417,2018-06-25T00:28,59563.80,54293.08,2018-06-26T03:55,0.00,0.00,2018-06-25T11:22,0.00,0.00,0.0,NaN,6.49
2018-06-26,3,25.7,9.6,6.7,21.4,NaN,NaN,31.8,53.3,272,2018-06-26T10:36,31.39,0.448,2018-06-26T01:33,59537.24,54921.63,2018-06-27T03:54,0.00,0.00,2018-06-26T11:22,0.00,0.00,0.0,NaN,7.01
2018-06-27,1,23.6,6.4,3.1,19.4,NaN,NaN,27.1,45.0,268,2018-06-27T11:15,31.41,0.479,2018-06-27T02:33,59505.06,54477.05,2018-06-28T03:54,0.00,0.00,2018-06-27T11:23,0.00,0.00,0.0,NaN,6.92
2018-06-28,3,23.6,9.7,7.2,18.2,NaN,NaN,22.7,34.6,292,2018-06-28T11:59,26.31,0.509,2018-06-28T03:28,59467.32,29918.17,2018-06-29T03:54,0.00,0.00,2018-06-28T11:23,0.00,0.00,0.0,NaN,5.25
2018-06-29,63,18.0,9.4,8.2,17.8,NaN,NaN,17.0,26.6,249,2018-06-29T12:50,28.22,0.539,2018-06-29T04:16,59424.03,46800.00,2018-06-30T03:54,16.20,0.00,2018-06-29T11:24,0.00,16.20,9.0,NaN,4.50
2018-06-30,51,22.0,7.1,5.6,20.8,NaN,NaN,15.6,24.5,237,2018-06-30T13:47,26.91,0.569,2018-06-30T04:57,59375.26,36523.47,2018-07-01T03:54,0.40,0.00,2018-06-30T11:24,0.00,0.40,1.0,NaN,4.64
2018-07-01,51,22.0,7.3,5.5,18.0,NaN,NaN,23.2,36.4,300,2018-07-01T14:47,25.81,0.599,2018-07-01T05:32,59321.05,36084.51,2018-07-02T03:54,0.40,0.00,2018-07-01T11:25,0.00,0.40,1.0,NaN,4.80
2018-07-02,53,17.5,6.7,4.8,14.6,NaN,NaN,16.6,36.0,199,2018-07-02T15:50,25.86,0.630,2018-07-02T06:02,59261.44,42472.44,2018-07-03T03:53,1.50,0.00,2018-07-02T11:26,0.00,1.50,3.0,NaN,3.62
2018-07-03,3,13.5,7.3,3.9,11.0,NaN,NaN,19.3,30.6,325,2018-07-03T16:54,10.34,0.660,2018-07-03T06:27,59196.37,11638.95,2018-07-04T03:53,0.00,0.00,2018-07-03T11:26,0.00,0.00,0.0,NaN,1.80
2018-07-04,65,17.9,8.4,6.4,18.6,NaN,NaN,15.0,29.2,338,2018-07-04T18:01,18.53,0.691,2018-07-04T06:50,59125.23,14400.00,2018-07-05T03:52,9.80,0.00,2018-07-04T11:27,0.00,9.80,3.0,NaN,3.30
2018-07-05,1,24.9,8.0,6.2,24.3,NaN,NaN,23.0,45.0,161,2018-07-05T19:08,29.55,0.723,2018-07-05T07:12,59048.08,50400.00,2018-07-06T03:52,0.00,0.00,2018-07-05T11:28,0.00,0.00,0.0,NaN,5.29
2018-07-06,1,32.1,12.1,10.5,31.5,NaN,NaN,18.4,42.5,172,2018-07-06T20:17,29.65,0.756,2018-07-06T07:34,58965.11,54189.35,2018-07-07T03:51,0.00,0.00,2018-07-06T11:29,0.00,0.00,0.0,NaN,6.61
2018-07-07,3,30.2,13.0,12.0,28.3,NaN,NaN,28.1,52.9,267,2018-07-07T21:30,30.43,0.789,2018-07-07T07:56,58876.50,50400.00,2018-07-08T03:51,0.00,0.00,2018-07-07T11:30,0.00,0.00,0.0,NaN,7.07
2018-07-08,2,24.9,7.6,6.4,23.0,NaN,NaN,22.1,43.6,210,2018-07-08T22:45,27.67,0.824,2018-07-08T08:21,58782.44,46800.00,2018-07-09T03:50,0.00,0.00,2018-07-08T11:31,0.00,0.00,0.0,NaN,5.65
2018-07-09,2,27.4,9.2,7.7,26.4,NaN,NaN,23.0,37.8,136,,25.99,0.861,2018-07-09T08:50,58683.13,46800.00,2018-07-10T03:49,0.00,0.00,2018-07-09T11:32,0.00,0.00,0.0,NaN,5.90
2018-07-10,65,27.1,9.7,7.8,23.9,NaN,NaN,27.0,38.5,357,2018-07-10T00:01,20.26,0.898,2018-07-10T09:27,58578.75,34714.16,2018-07-11T03:48,20.10,0.00,2018-07-10T11:33,0.00,20.10,3.0,NaN,3.90
2018-07-11,61,23.9,12.3,10.8,23.4,NaN,NaN,15.0,36.4,306,2018-07-11T01:18,27.52,0.936,2018-07-11T10:12,58469.51,39600.00,2018-07-12T03:48,2.60,0.00,2018-07-11T11:34,0.00,2.60,3.0,NaN,5.25
2018-07-12,0,26.8,10.4,9.3,29.2,NaN,NaN,21.6,33.8,59,2018-07-12T02:29,27.17,0.976,2018-07-12T11:09,58355.59,47529.52,2018-07-13T03:47,0.00,0.00,2018-07-12T11:35,0.00,0.00,0.0,NaN,5.52
2018-07-13,0,29.5,11.1,10.2,29.3,NaN,NaN,18.4,45.4,84,2018-07-13T03:31,24.43,0.015,2018-07-13T12:18,58237.18,46800.00,2018-07-14T03:46,0.00,0.00,2018-07-13T11:36,0.00,0.00,0.0,NaN,5.58
2018-07-14,51,30.8,8.2,4.3,30.3,NaN,NaN,47.2,81.0,345,2018-07-14T04:22,28.48,0.054,2018-07-14T13:36,58114.47,45432.81,2018-07-15T03:45,0.40,0.00,2018-07-14T11:37,0.00,0.40,1.0,NaN,5.38
2018-07-15,3,25.2,6.9,5.1,23.2,NaN,NaN,15.3,32.0,86,2018-07-15T05:04,28.50,0.093,2018-07-15T14:56,57987.64,47782.19,2018-07-16T03:44,0.00,0.00,2018-07-15T11:38,0.00,0.00,0.0,NaN,5.54
2018-07-16,3,29.7,9.8,7.4,28.1,NaN,NaN,19.8,32.8,138,2018-07-16T05:37,30.07,0.131,2018-07-16T16:17,57856.90,54000.00,2018-07-17T03:43,0.00,0.00,2018-07-16T11:39,0.00,0.00,0.0,NaN,6.73
2018-07-17,0,30.6,12.7,10.7,30.5,NaN,NaN,19.1,33.5,39,2018-07-17T06:05,29.58,0.168,2018-07-17T17:35,57722.40,54000.00,2018-07-18T03:42,0.00,0.00,2018-07-17T11:41,0.00,0.00,0.0,NaN,7.08
2018-07-18,1,30.5,15.5,12.3,28.7,NaN,NaN,31.4,51.5,16,2018-07-18T06:29,27.19,0.204,2018-07-18T18:50,57584.34,46800.00,2018-07-19T03:41,0.00,0.00,2018-07-18T11:42,0.00,0.00,0.0,NaN,5.58
2018-07-19,3,25.3,11.8,10.8,24.1,NaN,NaN,23.1,29.2,166,2018-07-19T06:53,24.06,0.239,2018-07-19T20:02,57442.89,36000.00,2018-07-20T03:40,0.00,0.00,2018-07-19T11:43,0.00,0.00,0.0,NaN,4.69
2018-07-20,2,28.9,10.3,9.8,27.2,NaN,NaN,36.3,45.0,98,2018-07-20T07:16,28.60,0.272,2018-07-20T21:13,57298.23,53069.81,2018-07-21T03:39,0.00,0.00,2018-07-20T11:44,0.00,0.00,0.0,NaN,5.81
2018-07-21,1,23.8,8.6,6.8,21.2,NaN,NaN,29.2,51.5,15,2018-07-21T07:40,20.75,0.305,2018-07-21T22:20,57150.53,38243.42,2018-07-22T03:37,0.00,0.00,2018-07-21T11:46,0.00,0.00,0.0,NaN,4.53
2018-07-22,2,21.8,7.6,5.5,19.2,NaN,NaN,31.7,47.5,342,2018-07-22T08:07,24.20,0.337,2018-07-22T23:26,56999.96,43200.00,2018-07-23T03:36,0.00,0.00,2018-07-22T11:47,0.00,0.00,0.0,NaN,4.83
2018-07-23,65,21.7,8.3,6.0,21.3,NaN,NaN,23.7,37.4,55,2018-07-23T08:38,24.35,0.368,,56846.43,48819.78,2018-07-24T03:35,14.40,0.00,2018-07-23T11:48,0.00,14.40,1.0,NaN,4.51
2018-07-24,51,15.6,11.2,9.7,14.8,NaN,NaN,20.0,26.6,16,2018-07-24T09:14,12.05,0.399,2018-07-24T00:27,56688.64,9995.12,2018-07-25T03:34,1.20,0.00,2018-07-24T11:50,0.00,1.20,3.0,NaN,1.82
2018-07-25,53,20.9,8.3,7.2,20.6,NaN,NaN,13.8,22.3,105,2018-07-25T09:57,23.00,0.429,2018-07-25T01:24,56526.59,40143.48,2018-07-26T03:32,0.70,0.00,2018-07-25T11:51,0.00,0.70,1.0,NaN,3.80
2018-07-26,2,23.2,9.8,8.9,23.8,NaN,NaN,15.1,19.4,138,2018-07-26T10:45,26.42,0.459,2018-07-26T02:13,56360.51,48916.26,2018-07-27T03:31,0.00,0.00,2018-07-26T11:52,0.00,0.00,0.0,NaN,4.84
2018-07-27,2,20.8,8.6,6.7,21.5,NaN,NaN,17.4,21.2,342,2018-07-27T11:40,25.57,0.489,2018-07-27T02:57,56190.67,46482.52,2018-07-28T03:29,0.00,0.00,2018-07-27T11:54,0.00,0.00,0.0,NaN,4.36
2018-07-28,1,24.9,8.0,6.7,23.9,NaN,NaN,11.2,23.4,171,2018-07-28T12:39,27.99,0.520,2018-07-28T03:34,56017.29,50281.83,2018-07-29T03:28,0.00,0.00,2018-07-28T11:55,0.00,0.00,0.0,NaN,5.06
2018-07-29,0,28.2,9.7,8.3,26.6,NaN,NaN,14.0,24.1,20,2018-07-29T13:42,28.24,0.550,2018-07-29T04:05,55840.62,52134.26,2018-07-30T03:26,0.00,0.00,2018-07-29T11:57,0.00,0.00,0.0,NaN,5.58
2018-07-30,1,31.9,11.4,10.1,34.3,NaN,NaN,20.7,23.4,32,2018-07-30T14:46,27.30,0.580,2018-07-30T04:32,55660.86,48548.89,2018-07-31T03:25,0.00,0.00,2018-07-30T11:58,0.00,0.00,0.0,NaN,5.97
2018-07-31,2,28.2,12.1,11.8,26.3,NaN,NaN,27.1,45.0,143,2018-07-31T15:52,25.85,0.611,2018-07-31T04:56,55478.26,46424.59,2018-08-01T03:23,0.00,0.00,2018-07-31T12:00,0.00,0.00,0.0,NaN,5.02
2018-08-01,0,28.8,14.0,13.9,29.3,NaN,NaN,24.3,28.4,153,2018-08-01T16:58,26.09,0.643,2018-08-01T05:18,55293.03,47078.29,2018-08-02T03:22,0.00,0.00,2018-08-01T12:01,0.00,0.00,0.0,NaN,5.52
2018-08-02,53,24.2,11.9,11.5,23.4,NaN,NaN,19.1,23.8,42,2018-08-02T18:06,19.84,0.675,2018-08-02T05:39,55105.37,26180.17,2018-08-03T03:20,0.70,0.00,2018-08-02T12:03,0.00,0.70,1.0,NaN,3.89
2018-08-03,1,23.2,10.9,8.7,22.2,NaN,NaN,26.6,32.4,328,2018-08-03T19:15,24.16,0.707,2018-08-03T06:00,54915.49,46258.04,2018-08-04T03:18,0.00,0.00,2018-08-03T12:04,0.00,0.00,0.0,NaN,4.77
2018-08-04,51,21.8,12.5,11.2,19.0,NaN,NaN,22.0,32.8,325,2018-08-04T20:27,24.99,0.741,2018-08-04T06:23,54723.60,41806.74,2018-08-05T03:17,0.40,0.00,2018-08-04T12:06,0.00,0.40,1.0,NaN,4.03
2018-08-05,0,22.5,10.7,10.1,22.0,NaN,NaN,13.2,23.0,308,2018-08-05T21:41,24.21,0.776,2018-08-05T06:50,54529.89,43250.56,2018-08-06T03:15,0.00,0.00,2018-08-05T12:07,0.00,0.00,0.0,NaN,4.11
2018-08-06,0,28.5,9.3,7.5,26.6,NaN,NaN,14.3,29.9,276,2018-08-06T22:55,26.42,0.811,2018-08-06T07:22,54334.54,49491.98,2018-08-07T03:13,0.00,0.00,2018-08-06T12:09,0.00,0.00,0.0,NaN,5.48
2018-08-07,2,28.9,13.0,11.1,27.4,NaN,NaN,18.2,33.5,317,,26.00,0.848,2018-08-07T08:01,54137.75,47847.28,2018-08-08T03:11,0.00,0.00,2018-08-07T12:10,0.00,0.00,0.0,NaN,6.32
2018-08-08,0,29.4,11.3,9.8,27.9,NaN,NaN,21.4,28.8,108,2018-08-08T00:07,26.27,0.886,2018-08-08T08:51,53939.68,49311.84,2018-08-09T03:09,0.00,0.00,2018-08-08T12:12,0.00,0.00,0.0,NaN,6.01
2018-08-09,0,33.9,13.1,11.3,32.3,NaN,NaN,19.4,26.3,149,2018-08-09T01:13,26.14,0.925,2018-08-09T09:53,53740.53,49221.67,2018-08-10T03:08,0.00,0.00,2018-08-09T12:13,0.00,0.00,0.0,NaN,6.22
2018-08-10,0,36.8,14.8,12.9,35.0,NaN,NaN,22.2,34.6,175,2018-08-10T02:09,26.19,0.964,2018-08-10T11:06,53540.45,49131.56,2018-08-11T03:06,0.00,0.00,2018-08-10T12:15,0.00,0.00,0.0,NaN,6.68
2018-08-11,2,35.4,18.0,14.5,32.7,NaN,NaN,30.7,57.6,0,2018-08-11T02:55,23.38,0.003,2018-08-11T12:26,53339.62,45230.83,2018-08-12T03:04,0.00,0.00,2018-08-11T12:16,0.00,0.00,0.0,NaN,5.55
2018-08-12,3,22.7,9.0,7.1,20.7,NaN,NaN,28.3,38.2,6,2018-08-12T03:33,22.86,0.042,2018-08-12T13:49,53137.89,37678.71,2018-08-13T03:02,0.00,0.00,2018-08-12T12:18,0.00,0.00,0.0,NaN,3.73
2018-08-13,1,20.3,7.0,4.8,17.8,NaN,NaN,25.9,49.0,351,2018-08-13T04:03,23.45,0.081,2018-08-13T15:10,52933.76,43200.00,2018-08-14T03:00,0.00,0.00,2018-08-13T12:19,0.00,0.00,0.0,NaN,3.81
2018-08-14,2,30.5,7.6,5.6,28.5,NaN,NaN,14.0,23.0,188,2018-08-14T04:30,24.64,0.118,2018-08-14T16:29,52727.15,47379.75,2018-08-15T02:58,0.00,0.00,2018-08-14T12:21,0.00,0.00,0.0,NaN,5.23
2018-08-15,2,29.4,13.5,11.1,27.3,NaN,NaN,17.2,29.2,351,2018-08-15T04:55,23.41,0.154,2018-08-15T17:45,52518.26,46800.00,2018-08-16T02:56,0.00,0.00,2018-08-15T12:22,0.00,0.00,0.0,NaN,4.91
2018-08-16,1,27.9,8.6,7.5,26.3,NaN,NaN,18.4,23.8,119,2018-08-16T05:19,24.35,0.189,2018-08-16T18:58,52307.29,47073.42,2018-08-17T02:54,0.00,0.00,2018-08-16T12:24,0.00,0.00,0.0,NaN,4.90
2018-08-17,1,27.9,9.9,7.2,26.5,NaN,NaN,19.1,29.2,87,2018-08-17T05:43,23.61,0.223,2018-08-17T20:08,52094.42,43516.18,2018-08-18T02:52,0.00,0.00,2018-08-17T12:25,0.00,0.00,0.0,NaN,5.10
2018-08-18,3,27.5,10.4,8.2,26.1,NaN,NaN,27.4,37.8,357,2018-08-18T06:09,23.79,0.256,2018-08-18T21:16,51879.84,46800.00,2018-08-19T02:50,0.00,0.00,2018-08-18T12:27,0.00,0.00,0.0,NaN,4.82
2018-08-19,1,18.4,3.5,0.2,18.7,NaN,NaN,15.6,18.4,19,2018-08-19T06:39,23.60,0.287,2018-08-19T22:19,51663.73,46800.00,2018-08-20T02:48,0.00,0.00,2018-08-19T12:29,0.00,0.00,0.0,NaN,3.80
2018-08-20,2,18.4,10.6,8.8,16.9,NaN,NaN,14.4,32.4,36,2018-08-20T07:14,21.78,0.318,2018-08-20T23:18,51446.28,40597.48,2018-08-21T02:46,0.00,0.00,2018-08-20T12:30,0.00,0.00,0.0,NaN,3.86
2018-08-21,0,25.6,5.7,2.6,23.8,NaN,NaN,12.1,18.4,184,2018-08-21T07:54,24.09,0.349,,51227.64,46800.00,2018-08-22T02:44,0.00,0.00,2018-08-21T12:32,0.00,0.00,0.0,NaN,4.67
2018-08-22,0,30.8,8.7,5.9,29.0,NaN,NaN,11.7,20.2,133,2018-08-22T08:41,23.67,0.379,2018-08-22T00:10,51007.97,46800.00,2018-08-23T02:42,0.00,0.00,2018-08-22T12:33,0.00,0.00,0.0,NaN,5.37
2018-08-23,1,30.7,10.3,7.8,27.3,NaN,NaN,14.2,26.3,15,2018-08-23T09:34,22.82,0.409,2018-08-23T00:56,50787.46,46800.00,2018-08-24T02:40,0.00,0.00,2018-08-23T12:35,0.00,0.00,0.0,NaN,5.22
2018-08-24,63,26.8,9.3,6.4,24.2,NaN,NaN,31.3,59.4,339,2018-08-24T10:31,11.32,0.439,2018-08-24T01:35,50566.25,18071.51,2018-08-25T02:38,5.80,0.00,2018-08-24T12:36,0.00,5.80,3.0,NaN,2.25
2018-08-25,2,19.8,5.0,2.4,17.5,NaN,NaN,12.3,23.0,229,2018-08-25T11:34,20.89,0.469,2018-08-25T02:08,50344.49,39600.00,2018-08-26T02:36,0.00,0.00,2018-08-25T12:38,0.00,0.00,0.0,NaN,3.26
2018-08-26,51,19.1,8.4,6.7,17.8,NaN,NaN,20.0,36.4,327,2018-08-26T12:37,19.01,0.500,2018-08-26T02:36,50122.34,29240.97,2018-08-27T02:34,0.40,0.00,2018-08-26T12:40,0.00,0.40,1.0,NaN,3.52
2018-08-27,51,15.7,5.1,-0.3,10.4,NaN,NaN,30.7,56.9,345,2018-08-27T13:43,11.96,0.531,2018-08-27T03:01,49899.94,10424.12,2018-08-28T02:32,0.40,0.00,2018-08-27T12:41,0.00,0.40,1.0,NaN,2.05
2018-08-28,3,20.1,2.7,-0.0,17.8,NaN,NaN,23.8,36.4,190,2018-08-28T14:50,19.84,0.562,2018-08-28T03:24,49677.44,43142.23,2018-08-29T02:29,0.00,0.00,2018-08-28T12:43,0.00,0.00,0.0,NaN,3.41
2018-08-29,3,21.6,9.7,6.9,18.7,NaN,NaN,17.3,27.7,246,2018-08-29T15:58,18.16,0.594,2018-08-29T03:45,49454.97,25200.00,2018-08-30T02:27,0.00,0.00,2018-08-29T12:44,0.00,0.00,0.0,NaN,3.84
2018-08-30,2,20.9,7.9,6.5,19.5,NaN,NaN,26.5,40.0,291,2018-08-30T17:07,17.69,0.627,2018-08-30T04:06,49232.66,34928.02,2018-08-31T02:25,0.00,0.00,2018-08-30T12:46,0.00,0.00,0.0,NaN,3.59
2018-08-31,1,20.9,4.4,1.3,16.1,NaN,NaN,29.3,47.5,282,2018-08-31T18:17,20.06,0.660,2018-08-31T04:28,49010.67,36865.15,2018-09-01T02:23,0.00,0.00,2018-08-31T12:47,0.00,0.00,0.0,NaN,4.21
2018-09-01,3,19.4,8.2,2.9,13.6,NaN,NaN,29.0,48.6,310,2018-09-01T19:29,17.18,0.694,2018-09-01T04:53,48788.83,36053.08,2018-09-02T02:21,0.00,0.00,2018-09-01T12:49,0.00,0.00,0.0,NaN,3.66
2018-09-02,53,21.1,3.8,1.3,16.7,NaN,NaN,17.3,38.2,172,2018-09-02T20:41,18.68,0.728,2018-09-02T05:22,48565.63,32400.00,2018-09-03T02:19,0.70,0.00,2018-09-02T12:51,0.00,0.70,1.0,NaN,3.33
2018-09-03,3,21.0,7.3,3.0,16.1,NaN,NaN,32.4,50.0,324,2018-09-03T21:52,16.96,0.764,2018-09-03T05:57,48340.92,31044.19,2018-09-04T02:16,0.00,0.00,2018-09-03T12:52,0.00,0.00,0.0,NaN,3.00
2018-09-04,2,14.2,4.9,2.7,11.2,NaN,NaN,22.7,34.6,52,2018-09-04T22:58,18.09,0.800,2018-09-04T06:41,48114.89,32400.00,2018-09-05T02:14,0.00,0.00,2018-09-04T12:54,0.00,0.00,0.0,NaN,2.71
2018-09-05,1,20.3,1.5,-1.6,17.3,NaN,NaN,14.8,21.2,167,2018-09-05T23:57,20.57,0.837,2018-09-05T07:36,47887.66,43127.67,2018-09-06T02:12,0.00,0.00,2018-09-05T12:55,0.00,0.00,0.0,NaN,3.43
2018-09-06,0,23.7,3.8,1.3,20.9,NaN,NaN,13.2,19.8,117,,19.59,0.875,2018-09-06T08:42,47659.40,43034.60,2018-09-07T02:10,0.00,0.00,2018-09-06T12:57,0.00,0.00,0.0,NaN,3.77
2018-09-07,1,27.5,6.5,4.4,25.1,NaN,NaN,14.2,27.7,151,2018-09-07T00:46,19.90,0.913,2018-09-07T09:57,47430.25,40504.60,2018-09-08T02:07,0.00,0.00,2018-09-07T12:58,0.00,0.00,0.0,NaN,4.25
2018-09-08,3,27.5,9.0,6.8,24.2,NaN,NaN,29.0,39.2,313,2018-09-08T01:27,14.39,0.952,2018-09-08T11:18,47200.35,28509.07,2018-09-09T02:05,0.00,0.00,2018-09-08T13:00,0.00,0.00,0.0,NaN,3.75
2018-09-09,63,20.2,8.0,5.7,15.6,NaN,NaN,26.8,35.3,24,2018-09-09T02:00,15.00,0.990,2018-09-09T12:40,46969.83,22852.25,2018-09-10T02:03,4.40,0.00,2018-09-09T13:01,0.00,4.40,2.0,NaN,2.75
2018-09-10,61,15.6,5.6,3.5,14.4,NaN,NaN,21.3,33.1,43,2018-09-10T02:28,16.18,0.028,2018-09-10T14:01,46738.85,32400.00,2018-09-11T02:01,1.80,0.00,2018-09-10T13:03,0.00,1.80,1.0,NaN,2.51
2018-09-11,1,16.0,3.2,0.5,13.6,NaN,NaN,17.6,23.4,264,2018-09-11T02:54,16.14,0.066,2018-09-11T15:21,46507.52,32400.00,2018-09-12T01:58,0.00,0.00,2018-09-11T13:05,0.00,0.00,0.0,NaN,2.42
2018-09-12,3,16.0,3.8,0.0,12.6,NaN,NaN,26.7,34.2,355,2018-09-12T03:19,13.98,0.102,2018-09-12T16:37,46275.99,20450.01,2018-09-13T01:56,0.00,0.00,2018-09-12T13:06,0.00,0.00,0.0,NaN,1.66
2018-09-13,3,4.4,-2.1,-6.3,-0.8,NaN,NaN,21.5,27.0,3,2018-09-13T03:43,9.57,0.137,2018-09-13T17:51,46044.39,0.00,2018-09-14T01:54,0.00,0.00,2018-09-13T13:08,0.00,0.00,0.0,NaN,1.12
2018-09-14,73,3.1,-1.9,-5.4,-0.4,NaN,NaN,16.1,20.2,103,2018-09-14T04:09,8.61,0.171,2018-09-14T19:01,45812.83,0.00,2018-09-15T01:51,0.30,0.00,2018-09-14T13:09,0.56,1.10,2.0,NaN,0.82
2018-09-15,63,5.0,2.4,-0.7,1.5,NaN,NaN,17.8,34.6,48,2018-09-15T04:38,8.37,0.204,2018-09-15T20:08,45581.47,0.00,2018-09-16T01:49,5.10,0.00,2018-09-15T13:11,0.00,5.10,3.0,NaN,0.88
2018-09-16,3,4.7,0.9,-2.2,2.2,NaN,NaN,19.1,24.1,0,2018-09-16T05:11,8.89,0.235,2018-09-16T21:10,45350.42,3103.24,2018-09-17T01:47,0.00,0.00,2018-09-16T13:12,0.00,0.00,0.0,NaN,0.96
2018-09-17,45,11.5,1.4,-1.6,8.5,NaN,NaN,12.3,20.9,53,2018-09-17T05:50,13.19,0.266,2018-09-17T22:05,45119.80,18000.00,2018-09-18T01:45,0.00,0.00,2018-09-17T13:14,0.00,0.00,0.0,NaN,1.66
2018-09-18,3,11.2,2.7,0.0,8.4,NaN,NaN,13.8,20.5,96,2018-09-18T06:34,8.76,0.297,2018-09-18T22:53,44889.75,7200.00,2018-09-19T01:42,0.00,0.00,2018-09-18T13:16,0.00,0.00,0.0,NaN,1.19
2018-09-19,3,9.5,3.5,0.8,6.8,NaN,NaN,10.4,16.2,122,2018-09-19T07:25,9.92,0.327,2018-09-19T23:35,44660.39,658.87,2018-09-20T01:40,0.00,0.00,2018-09-19T13:17,0.00,0.00,0.0,NaN,1.26
2018-09-20,45,9.0,0.3,-3.1,5.9,NaN,NaN,21.6,32.4,17,2018-09-20T08:21,4.46,0.357,,44431.85,0.00,2018-09-21T01:38,0.00,0.00,2018-09-20T13:19,0.00,0.00,0.0,NaN,0.76
2018-09-21,61,8.0,3.2,-0.5,4.5,NaN,NaN,24.7,37.4,27,2018-09-21T09:23,7.29,0.387,2018-09-21T00:09,44203.96,0.00,2018-09-22T01:36,7.20,0.00,2018-09-21T13:20,0.00,7.20,7.0,NaN,0.74
2018-09-22,73,2.8,-1.5,-5.3,-0.9,NaN,NaN,13.6,22.7,68,2018-09-22T10:26,5.62,0.418,2018-09-22T00:39,43975.17,0.00,2018-09-23T01:33,1.50,0.00,2018-09-22T13:22,1.05,3.00,5.0,NaN,0.60
2018-09-23,45,6.8,-0.1,-3.8,4.2,NaN,NaN,10.7,22.3,117,2018-09-23T11:32,12.38,0.448,2018-09-23T01:05,43745.34,20982.14,2018-09-24T01:31,0.00,0.00,2018-09-23T13:23,0.00,0.00,0.0,NaN,1.38
2018-09-24,51,11.5,2.3,-0.5,7.3,NaN,NaN,20.9,38.2,313,2018-09-24T12:39,13.32,0.480,2018-09-24T01:28,43514.60,25241.76,2018-09-25T01:29,0.40,0.00,2018-09-24T13:25,0.00,0.40,1.0,NaN,1.65
2018-09-25,0,16.8,1.8,-1.2,13.1,NaN,NaN,19.7,32.0,276,2018-09-25T13:48,15.20,0.512,2018-09-25T01:50,43283.08,33037.21,2018-09-26T01:27,0.00,0.00,2018-09-25T13:27,0.00,0.00,0.0,NaN,2.27
2018-09-26,3,16.4,5.8,2.4,12.8,NaN,NaN,20.7,31.3,312,2018-09-26T14:57,12.37,0.545,2018-09-26T02:11,43050.93,27684.35,2018-09-27T01:24,0.00,0.00,2018-09-26T13:28,0.00,0.00,0.0,NaN,2.36
2018-09-27,73,11.0,1.5,-2.0,7.8,NaN,NaN,15.1,28.4,357,2018-09-27T16:08,5.50,0.578,2018-09-27T02:33,42818.29,0.00,2018-09-28T01:22,5.60,0.00,2018-09-27T13:30,0.49,6.30,11.0,NaN,0.71
2018-09-28,3,6.5,-0.1,-2.8,2.9,NaN,NaN,10.5,14.8,191,2018-09-28T17:21,9.05,0.612,2018-09-28T02:57,42585.29,3695.70,2018-09-29T01:20,0.00,0.00,2018-09-28T13:31,0.00,0.00,0.0,NaN,1.07
2018-09-29,71,5.4,-0.2,-5.1,2.5,NaN,NaN,18.5,33.5,358,2018-09-29T18:33,11.27,0.647,2018-09-29T03:25,42352.06,7200.00,2018-09-30T01:18,0.30,0.00,2018-09-29T13:33,0.07,0.40,1.0,NaN,1.15
2018-09-30,3,1.3,-2.3,-7.5,-2.5,NaN,NaN,18.2,32.4,143,2018-09-30T19:45,11.06,0.682,2018-09-30T03:57,42118.76,13560.36,2018-10-01T01:15,0.00,0.00,2018-09-30T13:35,0.00,0.00,0.0,NaN,1.06
2018-10-01,3,0.4,-2.3,-6.2,-3.0,NaN,NaN,15.3,27.0,117,2018-10-01T20:51,3.73,0.717,2018-10-01T04:38,41885.50,0.00,2018-10-02T01:13,0.00,0.00,2018-10-01T13:36,0.00,0.00,0.0,NaN,0.48
2018-10-02,75,-0.3,-4.2,-7.8,-4.1,NaN,NaN,11.7,27.7,46,2018-10-02T21:51,12.20,0.753,2018-10-02T05:28,41652.43,330.00,2018-10-03T01:11,7.70,0.00,2018-10-02T13:38,13.23,26.60,20.0,NaN,0.86
2018-10-03,73,-0.1,-8.6,-12.9,-3.3,NaN,NaN,13.0,31.3,6,2018-10-03T22:42,14.04,0.790,2018-10-03T06:28,41419.70,28800.00,2018-10-04T01:08,1.00,0.00,2018-10-03T13:39,2.03,3.90,9.0,NaN,1.11
2018-10-04,3,1.4,-6.5,-11.0,-1.3,NaN,NaN,11.9,20.5,167,2018-10-04T23:24,12.20,0.827,2018-10-04T07:39,41187.44,25200.00,2018-10-05T01:06,0.00,0.00,2018-10-04T13:41,0.00,0.00,0.0,NaN,1.07
2018-10-05,3,4.7,-8.7,-12.8,2.3,NaN,NaN,8.4,14.8,358,2018-10-05T23:59,13.53,0.864,2018-10-05T08:55,40955.78,36000.00,2018-10-06T01:04,0.00,0.00,2018-10-05T13:43,0.00,0.00,0.0,NaN,1.45
2018-10-06,1,7.5,-3.7,-7.1,5.4,NaN,NaN,5.2,16.9,272,,13.56,0.901,2018-10-06T10:14,40724.89,34250.56,2018-10-07T01:02,0.00,0.00,2018-10-06T13:44,0.00,0.00,0.0,NaN,1.48
2018-10-07,0,9.7,-0.9,-3.9,6.2,NaN,NaN,8.6,13.0,227,2018-10-07T00:28,12.77,0.939,2018-10-07T11:35,40494.88,32677.85,2018-10-08T01:00,0.00,0.00,2018-10-07T13:46,0.00,0.00,0.0,NaN,1.54
2018-10-08,73,7.9,-2.5,-7.4,4.9,NaN,NaN,26.8,34.2,13,2018-10-08T00:54,8.46,0.976,2018-10-08T12:54,40265.94,2190.81,2018-10-09T00:57,0.20,0.00,2018-10-08T13:48,0.42,0.80,2.0,NaN,0.71
2018-10-09,73,-2.2,-4.4,-8.5,-6.6,NaN,NaN,14.8,25.9,82,2018-10-09T01:18,6.93,0.012,2018-10-09T14:12,40038.18,0.00,2018-10-10T00:55,1.10,0.00,2018-10-09T13:49,2.17,4.20,9.0,NaN,0.53
2018-10-10,45,-0.4,-4.2,-8.0,-4.8,NaN,NaN,14.5,27.4,146,2018-10-10T01:43,7.45,0.048,2018-10-10T15:28,39811.78,0.00,2018-10-11T00:53,0.00,0.00,2018-10-10T13:51,0.00,0.00,0.0,NaN,0.54
2018-10-11,3,5.1,-2.2,-5.5,1.5,NaN,NaN,11.8,22.3,176,2018-10-11T02:07,9.55,0.083,2018-10-11T16:41,39586.58,14846.94,2018-10-12T00:51,0.00,0.00,2018-10-11T13:52,0.00,0.00,0.0,NaN,0.93
2018-10-12,3,13.0,0.6,-2.7,7.8,NaN,NaN,36.2,70.2,271,2018-10-12T02:35,11.86,0.117,2018-10-12T17:52,39360.84,35992.17,2018-10-13T00:49,0.00,0.00,2018-10-12T13:54,0.00,0.00,0.0,NaN,2.10
2018-10-13,3,1.9,-5.2,-9.3,-5.5,NaN,NaN,41.6,74.2,345,2018-10-13T03:07,11.57,0.149,2018-10-13T18:57,39134.43,26632.55,2018-10-14T00:47,0.00,0.00,2018-10-13T13:56,0.00,0.00,0.0,NaN,0.96
2018-10-14,3,6.9,-7.1,-11.2,4.1,NaN,NaN,10.8,43.6,255,2018-10-14T03:44,11.33,0.181,2018-10-14T19:57,38907.51,32191.62,2018-10-15T00:45,0.00,0.00,2018-10-14T13:57,0.00,0.00,0.0,NaN,1.18
2018-10-15,3,16.5,2.6,-1.1,11.8,NaN,NaN,20.9,46.1,267,2018-10-15T04:26,11.13,0.212,2018-10-15T20:48,38680.22,34356.62,2018-10-16T00:43,0.00,0.00,2018-10-15T13:59,0.00,0.00,0.0,NaN,2.44
2018-10-16,0,18.6,1.7,-1.7,14.4,NaN,NaN,15.0,35.3,275,2018-10-16T05:15,11.17,0.242,2018-10-16T21:33,38452.74,33166.15,2018-10-17T00:40,0.00,0.00,2018-10-16T14:01,0.00,0.00,0.0,NaN,2.17
2018-10-17,0,21.0,1.9,-1.6,17.2,NaN,NaN,13.0,35.6,264,2018-10-17T06:09,11.24,0.272,2018-10-17T22:10,38225.24,35486.83,2018-10-18T00:38,0.00,0.00,2018-10-17T14:03,0.00,0.00,0.0,NaN,2.29
2018-10-18,1,18.3,7.0,2.6,14.5,NaN,NaN,14.8,33.5,313,2018-10-18T07:09,10.70,0.302,2018-10-18T22:41,37997.88,35384.32,2018-10-19T00:36,0.00,0.00,2018-10-18T14:04,0.00,0.00,0.0,NaN,2.79
2018-10-19,0,14.1,-2.7,-5.7,10.9,NaN,NaN,13.1,15.8,126,2018-10-19T08:12,9.94,0.333,2018-10-19T23:08,37770.83,31681.43,2018-10-20T00:34,0.00,0.00,2018-10-19T14:06,0.00,0.00,0.0,NaN,1.62
2018-10-20,3,19.3,0.6,-2.6,14.3,NaN,NaN,20.2,43.6,213,2018-10-20T09:17,9.94,0.363,2018-10-20T23:32,37544.27,26845.96,2018-10-21T00:32,0.00,0.00,2018-10-20T14:08,0.00,0.00,0.0,NaN,2.40
2018-10-21,0,15.5,-2.7,-6.4,11.7,NaN,NaN,11.0,30.6,9,2018-10-21T10:23,9.94,0.395,2018-10-21T23:54,37318.38,35074.69,2018-10-22T00:30,0.00,0.00,2018-10-21T14:09,0.00,0.00,0.0,NaN,1.55
2018-10-22,0,12.8,-4.9,-8.7,8.2,NaN,NaN,16.5,24.1,163,2018-10-22T11:32,10.17,0.427,,37093.34,34970.93,2018-10-23T00:28,0.00,0.00,2018-10-22T14:11,0.00,0.00,0.0,NaN,1.52
2018-10-23,0,18.2,-2.9,-6.5,14.8,NaN,NaN,10.6,18.4,173,2018-10-23T12:41,9.93,0.459,2018-10-23T00:15,36869.34,34697.41,2018-10-24T00:26,0.00,0.00,2018-10-23T14:13,0.00,0.00,0.0,NaN,1.66
2018-10-24,2,16.8,2.9,-1.2,12.1,NaN,NaN,25.2,38.9,313,2018-10-24T13:54,7.59,0.493,2018-10-24T00:36,36646.56,22764.48,2018-10-25T00:24,0.00,0.00,2018-10-24T14:14,0.00,0.00,0.0,NaN,1.92
2018-10-25,1,14.9,0.6,-3.4,9.7,NaN,NaN,25.3,45.4,269,2018-10-25T15:07,9.22,0.528,2018-10-25T00:59,36425.21,32848.60,2018-10-26T00:22,0.00,0.00,2018-10-25T14:16,0.00,0.00,0.0,NaN,1.93
2018-10-26,1,16.0,-0.0,-3.8,11.5,NaN,NaN,25.2,58.7,259,2018-10-26T16:22,9.17,0.563,2018-10-26T01:26,36205.49,31999.99,2018-10-27T00:20,0.00,0.00,2018-10-26T14:18,0.00,0.00,0.0,NaN,1.78
2018-10-27,0,14.0,-0.2,-4.3,9.2,NaN,NaN,24.2,51.5,289,2018-10-27T17:36,9.24,0.598,2018-10-27T01:57,35987.60,28965.81,2018-10-28T00:18,0.00,0.00,2018-10-27T14:20,0.00,0.00,0.0,NaN,2.14
2018-10-28,73,12.6,-0.7,-4.3,8.1,NaN,NaN,20.1,39.2,200,2018-10-28T18:46,6.50,0.634,2018-10-28T02:35,35771.75,10238.48,2018-10-29T00:16,0.90,0.00,2018-10-28T14:21,0.35,1.40,2.0,NaN,1.37
2018-10-29,3,11.3,-0.4,-3.8,5.9,NaN,NaN,21.4,42.1,293,2018-10-29T19:49,7.22,0.670,2018-10-29T03:23,35558.16,22277.05,2018-10-30T00:15,0.00,0.00,2018-10-29T14:23,0.00,0.00,0.0,NaN,1.58
2018-10-30,0,10.2,-2.0,-6.0,6.3,NaN,NaN,24.0,41.4,285,2018-10-30T20:42,6.17,0.707,2018-10-30T04:20,35347.05,18000.00,2018-10-31T00:13,0.00,0.00,2018-10-30T14:25,0.00,0.00,0.0,NaN,1.60
2018-10-31,3,10.6,-0.2,-4.0,5.8,NaN,NaN,20.5,38.5,253,2018-10-31T21:26,5.40,0.743,2018-10-31T05:28,35138.31,5758.29,2018-11-01T00:11,0.00,0.00,2018-10-31T14:26,0.00,0.00,0.0,NaN,1.37
2018-11-01,1,8.4,1.2,-4.7,3.8,NaN,NaN,27.7,61.9,323,2018-11-01T22:02,7.20,0.779,2018-11-01T06:41,34930.01,21600.00,2018-11-02T00:09,0.00,0.00,2018-11-01T14:28,0.00,0.00,0.0,NaN,1.47
2018-11-02,45,4.4,-0.8,-4.7,-0.8,NaN,NaN,26.6,52.6,93,2018-11-02T22:31,6.43,0.816,2018-11-02T07:58,34722.02,17399.68,2018-11-03T00:08,0.00,0.00,2018-11-02T14:30,0.00,0.00,0.0,NaN,0.80
2018-11-03,3,11.0,-2.6,-5.9,6.3,NaN,NaN,21.4,42.1,251,2018-11-03T22:57,7.54,0.852,2018-11-03T09:16,34514.52,25610.18,2018-11-04T00:06,0.00,0.00,2018-11-03T14:32,0.00,0.00,0.0,NaN,1.10
2018-11-04,3,11.7,3.2,-0.8,5.6,NaN,NaN,30.7,65.2,266,2018-11-04T23:21,7.05,0.888,2018-11-04T10:34,34307.73,20210.15,2018-11-05T00:04,0.00,0.00,2018-11-04T14:33,0.00,0.00,0.0,NaN,1.56
2018-11-05,73,4.9,-6.5,-12.2,0.4,NaN,NaN,26.3,50.8,355,2018-11-05T23:44,5.64,0.924,2018-11-05T11:51,34101.86,6021.81,2018-11-06T00:02,1.50,0.00,2018-11-05T14:35,0.28,1.90,3.0,NaN,0.66
2018-11-06,73,-6.4,-11.9,-16.2,-10.9,NaN,NaN,10.6,20.5,79,,6.66,0.959,2018-11-06T13:06,33897.13,778.52,2018-11-07T00:01,0.90,0.00,2018-11-06T14:37,1.75,3.40,7.0,NaN,0.42
2018-11-07,73,-4.7,-12.9,-17.4,-8.8,NaN,NaN,9.5,26.3,350,2018-11-07T00:08,6.98,0.994,2018-11-07T14:20,33693.77,18715.53,2018-11-07T23:59,0.10,0.00,2018-11-07T14:39,0.21,0.40,1.0,NaN,0.47
2018-11-08,0,-2.4,-12.8,-16.9,-5.9,NaN,NaN,16.6,42.5,329,2018-11-08T00:33,7.17,0.028,2018-11-08T15:33,33491.99,28800.00,2018-11-08T23:58,0.00,0.00,2018-11-08T14:40,0.00,0.00,0.0,NaN,0.54
2018-11-09,3,6.4,-11.3,-16.7,0.9,NaN,NaN,24.8,51.8,201,2018-11-09T01:03,4.86,0.061,2018-11-09T16:41,33292.04,10800.00,2018-11-09T23:56,0.00,0.00,2018-11-09T14:42,0.00,0.00,0.0,NaN,0.75
2018-11-10,3,1.3,-1.4,-7.5,-1.5,NaN,NaN,34.3,62.6,334,2018-11-10T01:37,6.97,0.094,2018-11-10T17:45,33094.16,28800.00,2018-11-10T23:54,0.00,0.00,2018-11-10T14:44,0.00,0.00,0.0,NaN,0.70
2018-11-11,3,-0.5,-5.1,-9.0,-3.7,NaN,NaN,10.3,31.7,346,2018-11-11T02:17,5.52,0.125,2018-11-11T18:41,32898.60,12789.13,2018-11-11T23:53,0.00,0.00,2018-11-11T14:46,0.00,0.00,0.0,NaN,0.41
2018-11-12,3,5.6,-11.3,-15.8,2.6,NaN,NaN,11.2,20.9,199,2018-11-12T03:04,6.42,0.156,2018-11-12T19:30,32705.60,28148.80,2018-11-12T23:52,0.00,0.00,2018-11-12T14:47,0.00,0.00,0.0,NaN,0.63
2018-11-13,3,13.2,-1.8,-5.5,6.9,NaN,NaN,37.6,89.3,272,2018-11-13T03:57,6.51,0.186,2018-11-13T20:09,32515.44,25200.00,2018-11-13T23:50,0.00,0.00,2018-11-13T14:49,0.00,0.00,0.0,NaN,1.58
2018-11-14,3,10.5,7.4,1.3,6.3,NaN,NaN,27.4,63.0,274,2018-11-14T04:55,2.61,0.216,2018-11-14T20:43,32328.38,0.00,2018-11-14T23:49,0.00,0.00,2018-11-14T14:51,0.00,0.00,0.0,NaN,2.06
2018-11-15,3,8.9,-3.8,-8.0,5.1,NaN,NaN,26.6,36.4,288,2018-11-15T05:56,4.97,0.246,2018-11-15T21:11,32144.70,8035.39,2018-11-15T23:47,0.00,0.00,2018-11-15T14:52,0.00,0.00,0.0,NaN,0.89
2018-11-16,73,5.3,-9.9,-17.9,1.4,NaN,NaN,59.1,78.1,358,2018-11-16T07:00,5.28,0.276,2018-11-16T21:36,31964.68,526.34,2018-11-16T23:46,1.10,0.00,2018-11-16T14:54,2.10,4.10,7.0,NaN,0.43
2018-11-17,2,1.5,-18.4,-23.8,-1.8,NaN,NaN,10.5,19.8,189,2018-11-17T08:06,6.27,0.307,2018-11-17T21:58,31788.60,28648.86,2018-11-17T23:45,0.00,0.00,2018-11-17T14:56,0.00,0.00,0.0,NaN,0.52
2018-11-18,3,3.6,-7.3,-11.4,-0.4,NaN,NaN,18.0,48.2,314,2018-11-18T09:13,4.38,0.338,2018-11-18T22:18,31616.76,7200.00,2018-11-18T23:44,0.00,0.00,2018-11-18T14:57,0.00,0.00,0.0,NaN,0.53
2018-11-19,0,9.5,-2.7,-6.0,6.8,NaN,NaN,10.6,30.2,251,2018-11-19T10:21,5.66,0.371,2018-11-19T22:39,31449.47,28452.22,2018-11-19T23:42,0.00,0.00,2018-11-19T14:59,0.00,0.00,0.0,NaN,0.65
2018-11-20,0,12.8,0.1,-3.6,7.4,NaN,NaN,24.7,61.2,283,2018-11-20T11:32,5.64,0.404,2018-11-20T23:01,31286.68,28355.96,2018-11-20T23:41,0.00,0.00,2018-11-20T15:01,0.00,0.00,0.0,NaN,1.40
2018-11-21,3,10.0,-1.7,-5.9,5.4,NaN,NaN,11.9,33.8,240,2018-11-21T12:45,4.25,0.438,2018-11-21T23:26,31126.64,17459.89,2018-11-21T23:40,0.00,0.00,2018-11-21T15:02,0.00,0.00,0.0,NaN,1.08
2018-11-22,3,9.6,-0.7,-4.2,5.7,NaN,NaN,18.2,31.0,258,2018-11-22T14:01,4.17,0.473,2018-11-22T23:55,30969.21,14400.00,2018-11-22T23:39,0.00,0.00,2018-11-22T15:04,0.00,0.00,0.0,NaN,1.00
2018-11-23,75,5.0,-3.0,-7.3,0.7,NaN,NaN,11.6,25.2,338,2018-11-23T15:18,2.91,0.509,,30814.60,0.00,2018-11-23T23:38,1.20,0.00,2018-11-23T15:05,2.24,4.40,4.0,NaN,0.53
2018-11-24,75,-2.2,-6.1,-10.1,-5.7,NaN,NaN,9.8,25.2,51,2018-11-24T16:32,4.97,0.546,2018-11-24T00:30,30663.03,18000.00,2018-11-24T23:37,5.80,0.00,2018-11-24T15:07,9.94,20.00,15.0,NaN,0.28
2018-11-25,45,-0.3,-10.4,-14.7,-3.9,NaN,NaN,13.2,16.2,268,2018-11-25T17:41,5.31,0.583,2018-11-25T01:15,30514.71,26481.11,2018-11-25T23:36,0.00,0.00,2018-11-25T15:08,0.00,0.00,0.0,NaN,0.57
2018-11-26,57,3.5,-9.0,-13.2,0.2,NaN,NaN,11.7,17.6,203,2018-11-26T18:40,4.11,0.621,2018-11-26T02:10,30369.86,10679.45,2018-11-26T23:35,0.70,0.00,2018-11-26T15:10,0.00,0.70,1.0,NaN,0.57
2018-11-27,3,7.2,1.4,-2.0,2.2,NaN,NaN,21.6,25.9,269,2018-11-27T19:28,4.17,0.658,2018-11-27T03:16,30228.71,3737.62,2018-11-27T23:35,0.00,0.00,2018-11-27T15:11,0.00,0.00,0.0,NaN,0.90
2018-11-28,3,6.4,1.1,-2.7,1.7,NaN,NaN,15.3,30.6,271,2018-11-28T20:06,4.00,0.695,2018-11-28T04:30,30091.49,13637.59,2018-11-28T23:34,0.00,0.00,2018-11-28T15:13,0.00,0.00,0.0,NaN,1.04
2018-11-29,1,2.8,-5.3,-9.2,-1.7,NaN,NaN,16.0,23.4,274,2018-11-29T20:37,5.07,0.731,2018-11-29T05:47,29958.42,27514.95,2018-11-29T23:33,0.00,0.00,2018-11-29T15:14,0.00,0.00,0.0,NaN,0.68
2018-11-30,2,0.1,-7.6,-11.6,-3.5,NaN,NaN,9.4,13.0,312,2018-11-30T21:04,4.66,0.768,2018-11-30T07:05,29829.76,20227.36,2018-11-30T23:32,0.00,0.00,2018-11-30T15:16,0.00,0.00,0.0,NaN,0.44
2018-12-01,73,-2.2,-5.1,-8.8,-5.8,NaN,NaN,13.3,30.6,357,2018-12-01T21:27,3.72,0.803,2018-12-01T08:22,29705.73,0.00,2018-12-01T23:32,0.40,0.00,2018-12-01T15:17,0.84,1.60,4.0,NaN,0.26
2018-12-02,73,-2.5,-4.8,-9.5,-6.9,NaN,NaN,13.3,38.2,340,2018-12-02T21:50,4.16,0.838,2018-12-02T09:38,29586.57,0.00,2018-12-02T23:31,1.60,0.00,2018-12-02T15:19,3.36,6.40,16.0,NaN,0.26
2018-12-03,73,-2.7,-9.3,-13.5,-6.3,NaN,NaN,7.6,23.4,287,2018-12-03T22:12,4.44,0.873,2018-12-03T10:52,29472.53,18355.54,2018-12-03T23:31,0.10,0.00,2018-12-03T15:20,0.21,0.40,1.0,NaN,0.31
2018-12-04,3,-1.6,-10.3,-14.4,-5.2,NaN,NaN,12.8,24.5,250,2018-12-04T22:36,4.49,0.907,2018-12-04T12:05,29363.85,22242.14,2018-12-04T23:30,0.00,0.00,2018-12-04T15:21,0.00,0.00,0.0,NaN,0.39
2018-12-05,3,-4.3,-12.1,-16.8,-7.8,NaN,NaN,21.2,60.8,332,2018-12-05T23:03,4.76,0.941,2018-12-05T13:17,29260.78,25200.00,2018-12-05T23:30,0.00,0.00,2018-12-05T15:23,0.00,0.00,0.0,NaN,0.35
2018-12-06,1,-6.0,-18.7,-22.9,-10.0,NaN,NaN,11.1,27.0,250,2018-12-06T23:35,4.91,0.974,2018-12-06T14:26,29163.57,26692.74,2018-12-06T23:29,0.00,0.00,2018-12-06T15:24,0.00,0.00,0.0,NaN,0.32
2018-12-07,2,-1.7,-14.0,-19.5,-5.6,NaN,NaN,12.6,19.1,186,,4.38,0.006,2018-12-07T15:33,29072.47,19697.62,2018-12-07T23:29,0.00,0.00,2018-12-07T15:25,0.00,0.00,0.0,NaN,0.41
2018-12-08,0,-1.7,-9.8,-14.1,-5.3,NaN,NaN,8.7,18.0,356,2018-12-08T00:11,4.76,0.038,2018-12-08T16:32,28987.71,26770.56,2018-12-08T23:29,0.00,0.00,2018-12-08T15:26,0.00,0.00,0.0,NaN,0.42
2018-12-09,1,1.0,-6.5,-11.0,-2.4,NaN,NaN,13.6,19.8,317,2018-12-09T00:55,4.51,0.069,2018-12-09T17:24,28909.54,25855.30,2018-12-09T23:29,0.00,0.00,2018-12-09T15:27,0.00,0.00,0.0,NaN,0.57
2018-12-10,3,4.5,-1.2,-5.8,0.4,NaN,NaN,28.3,37.1,274,2018-12-10T01:46,4.19,0.099,2018-12-10T18:08,28838.03,20371.72,2018-12-10T23:29,0.00,0.00,2018-12-10T15:28,0.00,0.00,0.0,NaN,1.18
2018-12-11,3,3.2,-3.8,-8.3,-1.0,NaN,NaN,14.5,29.5,230,2018-12-11T02:42,3.34,0.130,2018-12-11T18:44,28772.31,9897.32,2018-12-11T23:28,0.00,0.00,2018-12-11T15:29,0.00,0.00,0.0,NaN,0.76
2018-12-12,73,2.3,-0.6,-6.6,-1.7,NaN,NaN,29.7,58.3,285,2018-12-12T03:43,4.44,0.160,2018-12-12T19:14,28712.26,21846.35,2018-12-12T23:28,0.20,0.00,2018-12-12T15:30,0.35,0.70,2.0,NaN,0.85
2018-12-13,3,3.5,-4.5,-8.9,-1.4,NaN,NaN,30.5,51.1,187,2018-12-13T04:45,3.45,0.189,2018-12-13T19:40,28657.94,7200.00,2018-12-13T23:28,0.00,0.00,2018-12-13T15:31,0.00,0.00,0.0,NaN,0.92
2018-12-14,3,6.4,-3.2,-7.3,1.2,NaN,NaN,20.3,28.8,192,2018-12-14T05:50,3.35,0.220,2018-12-14T20:02,28609.42,7200.00,2018-12-14T23:29,0.00,0.00,2018-12-14T15:32,0.00,0.00,0.0,NaN,0.74
2018-12-15,3,4.5,0.3,-3.8,0.2,NaN,NaN,28.5,56.9,236,2018-12-15T06:55,4.37,0.250,2018-12-15T20:23,28566.76,25200.00,2018-12-15T23:29,0.00,0.00,2018-12-15T15:33,0.00,0.00,0.0,NaN,1.16
2018-12-16,3,1.0,-6.7,-11.1,-2.5,NaN,NaN,9.9,27.4,143,2018-12-16T08:02,3.73,0.281,2018-12-16T20:43,28530.02,14400.00,2018-12-16T23:29,0.00,0.00,2018-12-16T15:33,0.00,0.00,0.0,NaN,0.35
2018-12-17,3,5.8,-3.6,-7.7,1.5,NaN,NaN,19.0,52.9,216,2018-12-17T09:10,4.24,0.313,2018-12-17T21:03,28499.24,25200.00,2018-12-17T23:29,0.00,0.00,2018-12-17T15:34,0.00,0.00,0.0,NaN,0.69
2018-12-18,3,6.9,-1.6,-5.1,3.0,NaN,NaN,18.1,28.8,231,2018-12-18T10:20,3.53,0.347,2018-12-18T21:26,28474.47,16547.13,2018-12-18T23:30,0.00,0.00,2018-12-18T15:35,0.00,0.00,0.0,NaN,0.64
2018-12-19,3,5.7,-0.3,-3.8,0.1,NaN,NaN,25.5,52.2,273,2018-12-19T11:34,4.17,0.381,2018-12-19T21:52,28455.75,21600.00,2018-12-19T23:30,0.00,0.00,2018-12-19T15:36,0.00,0.00,0.0,NaN,1.18
2018-12-20,3,3.4,-2.1,-6.1,-0.9,NaN,NaN,18.1,33.8,181,2018-12-20T12:50,2.86,0.416,2018-12-20T22:23,28443.12,3600.00,2018-12-20T23:30,0.00,0.00,2018-12-20T15:36,0.00,0.00,0.0,NaN,0.62
2018-12-21,3,4.5,0.0,-6.6,0.2,NaN,NaN,33.0,65.9,262,2018-12-21T14:07,4.23,0.453,2018-12-21T23:03,28436.63,21600.00,2018-12-21T23:31,0.00,0.00,2018-12-21T15:37,0.00,0.00,0.0,NaN,1.38
2018-12-22,0,-1.5,-8.4,-12.6,-7.0,NaN,NaN,15.0,43.2,306,2018-12-22T15:21,4.46,0.491,2018-12-22T23:54,28436.29,25200.00,2018-12-22T23:31,0.00,0.00,2018-12-22T15:37,0.00,0.00,0.0,NaN,0.51
2018-12-23,3,2.9,-6.8,-11.4,-2.1,NaN,NaN,21.7,29.5,261,2018-12-23T16:26,3.86,0.529,,28442.13,15068.96,2018-12-23T23:32,0.00,0.00,2018-12-23T15:38,0.00,0.00,0.0,NaN,0.60
2018-12-24,2,-1.9,-11.0,-14.8,-6.3,NaN,NaN,11.0,17.6,34,2018-12-24T17:22,3.83,0.567,2018-12-24T00:57,28454.18,18327.32,2018-12-24T23:33,0.00,0.00,2018-12-24T15:38,0.00,0.00,0.0,NaN,0.36
2018-12-25,1,-3.8,-10.0,-14.5,-8.0,NaN,NaN,9.5,24.5,172,2018-12-25T18:05,3.73,0.606,2018-12-25T02:10,28472.45,2714.35,2018-12-25T23:33,0.00,0.00,2018-12-25T15:38,0.00,0.00,0.0,NaN,0.25
2018-12-26,73,-4.2,-10.6,-14.8,-7.4,NaN,NaN,10.9,23.4,53,2018-12-26T18:40,4.00,0.644,2018-12-26T03:30,28496.94,12890.30,2018-12-26T23:34,0.30,0.00,2018-12-26T15:39,0.63,1.20,3.0,NaN,0.22
2018-12-27,45,-7.2,-10.6,-15.4,-11.0,NaN,NaN,9.8,22.0,150,2018-12-27T19:09,3.97,0.681,2018-12-27T04:50,28527.68,14080.47,2018-12-27T23:35,0.00,0.00,2018-12-27T15:39,0.00,0.00,0.0,NaN,0.27
2018-12-28,0,-3.0,-12.2,-16.7,-7.2,NaN,NaN,8.2,11.2,198,2018-12-28T19:34,4.41,0.718,2018-12-28T06:10,28564.66,21600.00,2018-12-28T23:35,0.00,0.00,2018-12-28T15:39,0.00,0.00,0.0,NaN,0.32
2018-12-29,73,6.0,-4.0,-7.9,1.3,NaN,NaN,16.8,70.9,294,2018-12-29T19:57,3.39,0.754,2018-12-29T07:27,28607.87,10800.00,2018-12-29T23:36,0.10,0.00,2018-12-29T15:39,0.21,0.40,1.0,NaN,0.64
2018-12-30,3,5.7,-10.6,-18.4,0.3,NaN,NaN,34.7,61.6,340,2018-12-30T20:18,3.59,0.788,2018-12-30T08:42,28657.43,2522.59,2018-12-30T23:37,0.00,0.00,2018-12-30T15:39,0.00,0.00,0.0,NaN,0.73
2018-12-31,3,-8.6,-14.8,-19.7,-13.8,NaN,NaN,28.0,57.2,342,2018-12-31T20:42,4.77,0.822,2018-12-31T09:55,28713.84,25200.00,2018-12-31T23:38,0.00,0.00,2018-12-31T15:39,0.00,0.00,0.0,NaN,0.30
2019-01-01,3,0.8,-14.0,-18.8,-3.3,NaN,NaN,16.1,41.8,242,2019-01-01T21:07,4.15,0.856,2019-01-01T11:07,28777.03,22253.84,2019-01-01T23:39,0.00,0.00,2019-01-01T15:39,0.00,0.00,0.0,NaN,0.59
2019-01-02,3,9.7,-1.4,-5.5,3.4,NaN,NaN,33.4,69.1,275,2019-01-02T21:36,3.51,0.888,2019-01-02T12:16,28846.79,13075.50,2019-01-02T23:40,0.00,0.00,2019-01-02T15:39,0.00,0.00,0.0,NaN,1.97
2019-01-03,3,9.4,1.3,-2.9,5.7,NaN,NaN,38.8,78.1,289,2019-01-03T22:10,4.54,0.920,2019-01-03T13:22,28922.92,25200.00,2019-01-03T23:41,0.00,0.00,2019-01-03T15:39,0.00,0.00,0.0,NaN,1.64
2019-01-04,3,8.0,-0.4,-4.6,-0.1,NaN,NaN,41.4,83.5,257,2019-01-04T22:51,4.94,0.952,2019-01-04T14:23,29005.22,25200.00,2019-01-04T23:43,0.00,0.00,2019-01-04T15:38,0.00,0.00,0.0,NaN,1.37
2019-01-05,45,4.7,-8.5,-13.2,0.4,NaN,NaN,18.1,36.7,106,2019-01-05T23:39,4.79,0.983,2019-01-05T15:18,29093.48,24630.75,2019-01-05T23:44,0.00,0.00,2019-01-05T15:38,0.00,0.00,0.0,NaN,0.42
2019-01-06,45,2.6,-7.2,-11.2,-2.7,NaN,NaN,19.4,51.1,198,,2.76,0.013,2019-01-06T16:05,29187.50,0.00,2019-01-06T23:45,0.00,0.00,2019-01-06T15:38,0.00,0.00,0.0,NaN,0.35
2019-01-07,3,2.1,-10.5,-14.6,-4.3,NaN,NaN,21.6,50.4,334,2019-01-07T00:33,4.69,0.044,2019-01-07T16:44,29287.06,20456.79,2019-01-07T23:46,0.00,0.00,2019-01-07T15:37,0.00,0.00,0.0,NaN,0.41
2019-01-08,3,-7.1,-14.4,-19.0,-12.0,NaN,NaN,12.3,28.4,211,2019-01-08T01:32,4.28,0.074,2019-01-08T17:17,29391.95,14762.58,2019-01-08T23:48,0.00,0.00,2019-01-08T15:37,0.00,0.00,0.0,NaN,0.30
2019-01-09,3,-4.3,-9.9,-13.9,-8.3,NaN,NaN,15.5,40.7,131,2019-01-09T02:34,4.75,0.103,2019-01-09T17:44,29501.97,22867.13,2019-01-09T23:49,0.00,0.00,2019-01-09T15:37,0.00,0.00,0.0,NaN,0.45
2019-01-10,3,8.8,-10.6,-14.8,4.0,NaN,NaN,19.0,36.0,249,2019-01-10T03:38,4.59,0.133,2019-01-10T18:07,29616.91,14950.83,2019-01-10T23:50,0.00,0.00,2019-01-10T15:36,0.00,0.00,0.0,NaN,0.71
2019-01-11,3,6.3,-8.8,-12.9,2.3,NaN,NaN,15.2,18.7,187,2019-01-11T04:42,5.15,0.164,2019-01-11T18:28,29736.56,22636.54,2019-01-11T23:52,0.00,0.00,2019-01-11T15:35,0.00,0.00,0.0,NaN,0.66
2019-01-12,2,8.4,-0.7,-4.4,4.8,NaN,NaN,12.0,21.6,270,2019-01-12T05:48,5.38,0.194,2019-01-12T18:48,29860.72,25200.00,2019-01-12T23:53,0.00,0.00,2019-01-12T15:35,0.00,0.00,0.0,NaN,0.94
2019-01-13,2,7.6,-5.7,-10.0,3.1,NaN,NaN,12.3,32.8,297,2019-01-13T06:54,5.02,0.225,2019-01-13T19:07,29989.18,24285.36,2019-01-13T23:55,0.00,0.00,2019-01-13T15:34,0.00,0.00,0.0,NaN,0.88
2019-01-14,0,7.9,-8.1,-12.4,3.6,NaN,NaN,13.1,32.4,287,2019-01-14T08:02,5.68,0.257,2019-01-14T19:28,30121.75,25971.42,2019-01-14T23:56,0.00,0.00,2019-01-14T15:33,0.00,0.00,0.0,NaN,0.86
2019-01-15,45,2.1,-8.1,-11.4,-2.5,NaN,NaN,14.2,29.5,124,2019-01-15T09:12,2.33,0.290,2019-01-15T19:51,30258.22,0.00,2019-01-15T23:58,0.00,0.00,2019-01-15T15:33,0.00,0.00,0.0,NaN,0.26
2019-01-16,45,-3.5,-6.8,-11.4,-8.3,NaN,NaN,16.6,29.2,117,2019-01-16T10:24,4.07,0.324,2019-01-16T20:18,30398.40,5164.88,2019-01-16T23:59,0.00,0.00,2019-01-16T15:32,0.00,0.00,0.0,NaN,0.25
2019-01-17,73,-6.2,-15.2,-20.7,-10.2,NaN,NaN,13.0,21.6,79,2019-01-17T11:39,4.94,0.359,2019-01-17T20:53,30542.09,5761.73,2019-01-18T00:01,0.20,0.00,2019-01-17T15:31,0.42,0.80,2.0,NaN,0.18
2019-01-18,73,-12.9,-17.8,-23.5,-17.8,NaN,NaN,15.7,38.9,143,2019-01-18T12:53,5.56,0.395,2019-01-18T21:37,30689.11,23830.60,2019-01-19T00:02,1.80,0.00,2019-01-18T15:30,3.43,6.70,13.0,NaN,0.24
2019-01-19,3,2.5,-17.7,-23.1,-3.0,NaN,NaN,18.7,59.0,153,2019-01-19T14:03,5.89,0.433,2019-01-19T22:33,30839.57,21600.00,2019-01-20T00:04,0.00,0.00,2019-01-19T15:29,0.00,0.00,0.0,NaN,0.40
2019-01-20,3,1.7,-6.7,-10.6,-2.6,NaN,NaN,19.6,23.8,293,2019-01-20T15:05,5.97,0.472,2019-01-20T23:42,30995.10,23652.42,2019-01-21T00:06,0.00,0.00,2019-01-20T15:28,0.00,0.00,0.0,NaN,0.78
2019-01-21,3,-1.8,-7.7,-12.5,-5.0,NaN,NaN,13.9,21.6,331,2019-01-21T15:56,6.08,0.511,,31155.71,25200.00,2019-01-22T00:07,0.00,0.00,2019-01-21T15:27,0.00,0.00,0.0,NaN,0.60
2019-01-22,3,2.5,-9.0,-12.9,-4.3,NaN,NaN,31.9,65.5,259,2019-01-22T16:36,5.71,0.550,2019-01-22T01:01,31321.08,21600.00,2019-01-23T00:09,0.00,0.00,2019-01-22T15:26,0.00,0.00,0.0,NaN,0.98
2019-01-23,73,1.3,-12.9,-19.0,-5.3,NaN,NaN,31.7,46.8,328,2019-01-23T17:09,5.80,0.589,2019-01-23T02:24,31490.92,6088.56,2019-01-24T00:11,0.30,0.00,2019-01-23T15:25,0.63,1.20,3.0,NaN,0.70
2019-01-24,2,0.6,-18.3,-24.0,-2.7,NaN,NaN,12.9,47.5,231,2019-01-24T17:37,6.54,0.628,2019-01-24T03:48,31664.92,24971.19,2019-01-25T00:12,0.00,0.00,2019-01-24T15:23,0.00,0.00,0.0,NaN,0.52
2019-01-25,73,1.4,-8.0,-11.9,-2.0,NaN,NaN,12.7,49.3,272,2019-01-25T18:01,6.64,0.665,2019-01-25T05:09,31842.79,26366.49,2019-01-26T00:14,0.10,0.00,2019-01-25T15:22,0.21,0.40,1.0,NaN,0.59
2019-01-26,3,10.8,-3.0,-7.2,5.4,NaN,NaN,20.0,52.6,256,2019-01-26T18:23,6.47,0.702,2019-01-26T06:27,32024.26,25868.06,2019-01-27T00:16,0.00,0.00,2019-01-26T15:21,0.00,0.00,0.0,NaN,0.98
2019-01-27,3,9.4,-1.7,-7.7,2.8,NaN,NaN,43.4,74.9,311,2019-01-27T18:47,5.60,0.737,2019-01-27T07:44,32209.03,14181.69,2019-01-28T00:17,0.00,0.00,2019-01-27T15:20,0.00,0.00,0.0,NaN,1.61
2019-01-28,2,-2.1,-8.1,-12.6,-6.3,NaN,NaN,29.9,58.7,326,2019-01-28T19:12,7.09,0.771,2019-01-28T08:57,32396.85,27317.93,2019-01-29T00:19,0.00,0.00,2019-01-28T15:18,0.00,0.00,0.0,NaN,0.81
2019-01-29,45,-2.9,-12.8,-18.0,-6.5,NaN,NaN,11.0,13.0,225,2019-01-29T19:40,6.75,0.804,2019-01-29T10:07,32587.44,27404.09,2019-01-30T00:21,0.00,0.00,2019-01-29T15:17,0.00,0.00,0.0,NaN,0.51
2019-01-30,3,6.2,-8.5,-12.9,2.8,NaN,NaN,14.3,37.4,343,2019-01-30T20:12,6.19,0.836,2019-01-30T11:15,32780.55,26532.57,2019-01-31T00:23,0.00,0.00,2019-01-30T15:15,0.00,0.00,0.0,NaN,0.78
2019-01-31,2,8.5,-1.4,-4.9,3.9,NaN,NaN,14.6,42.5,237,2019-01-31T20:50,6.17,0.867,2019-01-31T12:17,32975.92,18000.00,2019-02-01T00:25,0.00,0.00,2019-01-31T15:14,0.00,0.00,0.0,NaN,0.91
2019-02-01,45,1.9,-13.7,-19.4,-2.4,NaN,NaN,29.0,31.7,48,2019-02-01T21:35,4.55,0.898,2019-02-01T13:14,33173.31,3615.93,2019-02-02T00:26,0.00,0.00,2019-02-01T15:12,0.00,0.00,0.0,NaN,0.28
2019-02-02,3,-14.3,-19.9,-27.1,-20.1,NaN,NaN,30.4,38.5,43,2019-02-02T22:27,6.67,0.928,2019-02-02T14:03,33372.49,10091.03,2019-02-03T00:28,0.00,0.00,2019-02-02T15:11,0.00,0.00,0.0,NaN,0.24
2019-02-03,3,-20.8,-26.8,-32.7,-26.6,NaN,NaN,20.8,31.7,23,2019-02-03T23:24,7.08,0.959,2019-02-03T14:44,33573.21,8878.68,2019-02-04T00:30,0.00,0.00,2019-02-03T15:09,0.00,0.00,0.0,NaN,0.17
2019-02-04,73,-24.1,-28.6,-33.7,-29.2,NaN,NaN,12.3,16.9,87,,7.87,0.989,2019-02-04T15:19,33775.26,24635.68,2019-02-05T00:32,0.10,0.00,2019-02-04T15:08,0.21,0.40,1.0,NaN,0.18
2019-02-05,2,-20.7,-28.1,-33.1,-26.1,NaN,NaN,11.8,16.6,168,2019-02-05T00:25,8.54,0.019,2019-02-05T15:48,33978.41,28055.75,2019-02-06T00:34,0.00,0.00,2019-02-05T15:06,0.00,0.00,0.0,NaN,0.21
2019-02-06,1,-15.5,-27.8,-32.9,-19.7,NaN,NaN,10.2,14.8,155,2019-02-06T01:29,8.08,0.049,2019-02-06T16:12,34182.44,25855.41,2019-02-07T00:35,0.00,0.00,2019-02-06T15:04,0.00,0.00,0.0,NaN,0.30
2019-02-07,3,-11.9,-25.5,-29.8,-16.0,NaN,NaN,10.2,12.6,185,2019-02-07T02:33,8.52,0.079,2019-02-07T16:33,34387.15,29259.35,2019-02-08T00:37,0.00,0.00,2019-02-07T15:03,0.00,0.00,0.0,NaN,0.37
2019-02-08,73,-13.5,-20.1,-26.1,-18.4,NaN,NaN,27.1,45.4,8,2019-02-08T03:39,8.37,0.109,2019-02-08T16:53,34592.69,15779.91,2019-02-09T00:39,0.40,0.00,2019-02-08T15:01,0.84,1.60,4.0,NaN,0.27
2019-02-09,73,-21.0,-29.0,-34.5,-26.9,NaN,NaN,17.6,32.4,349,2019-02-09T04:44,8.77,0.140,2019-02-09T17:13,34801.02,25200.00,2019-02-10T00:41,0.10,0.00,2019-02-09T14:59,0.21,0.40,1.0,NaN,0.22
2019-02-10,2,-23.6,-31.1,-36.7,-29.4,NaN,NaN,14.7,27.4,156,2019-02-10T05:50,9.15,0.171,2019-02-10T17:33,35012.26,25947.67,2019-02-11T00:42,0.00,0.00,2019-02-10T14:58,0.00,0.00,0.0,NaN,0.21
2019-02-11,73,-20.5,-26.0,-31.2,-24.8,NaN,NaN,10.6,20.5,360,2019-02-11T06:58,9.34,0.203,2019-02-11T17:54,35226.13,25121.43,2019-02-12T00:44,1.10,0.00,2019-02-11T14:56,2.17,4.20,9.0,NaN,0.24
2019-02-12,3,-17.3,-25.7,-30.5,-22.5,NaN,NaN,10.5,13.7,189,2019-02-12T08:07,9.18,0.235,2019-02-12T18:18,35442.42,29010.78,2019-02-13T00:46,0.00,0.00,2019-02-12T14:54,0.00,0.00,0.0,NaN,0.29
2019-02-13,73,-16.1,-25.0,-29.6,-19.8,NaN,NaN,11.8,18.0,164,2019-02-13T09:19,9.38,0.269,2019-02-13T18:48,35660.88,25711.06,2019-02-14T00:48,1.10,0.00,2019-02-13T14:52,1.96,3.90,6.0,NaN,0.33
2019-02-14,0,-12.1,-22.0,-26.3,-16.8,NaN,NaN,14.4,28.1,182,2019-02-14T10:31,10.02,0.304,2019-02-14T19:26,35881.28,32400.00,2019-02-15T00:50,0.00,0.00,2019-02-14T14:50,0.00,0.00,0.0,NaN,0.38
2019-02-15,73,-15.6,-22.5,-28.3,-20.9,NaN,NaN,14.5,29.2,126,2019-02-15T11:41,7.88,0.340,2019-02-15T20:14,36103.41,1752.73,2019-02-16T00:51,1.10,0.00,2019-02-15T14:49,2.03,4.00,5.0,NaN,0.32
2019-02-16,73,-15.4,-18.2,-25.7,-22.1,NaN,NaN,28.3,51.8,346,2019-02-16T12:46,7.48,0.377,2019-02-16T21:15,36327.04,0.00,2019-02-17T00:53,4.80,0.00,2019-02-16T14:47,8.96,17.60,22.0,NaN,0.25
2019-02-17,73,-15.5,-17.8,-25.2,-21.8,NaN,NaN,25.9,49.3,350,2019-02-17T13:42,9.30,0.415,2019-02-17T22:28,36551.96,3494.38,2019-02-18T00:55,0.30,0.00,2019-02-17T14:45,0.42,0.90,3.0,NaN,0.35
2019-02-18,2,-14.4,-26.3,-31.4,-19.7,NaN,NaN,13.4,24.1,190,2019-02-18T14:27,11.05,0.454,2019-02-18T23:49,36777.96,28800.00,2019-02-19T00:57,0.00,0.00,2019-02-18T14:43,0.00,0.00,0.0,NaN,0.36
2019-02-19,3,-1.7,-21.6,-27.6,-4.8,NaN,NaN,13.2,26.3,238,2019-02-19T15:04,10.72,0.494,,37004.86,30370.42,2019-02-20T00:59,0.00,0.00,2019-02-19T14:41,0.00,0.00,0.0,NaN,0.88
2019-02-20,73,-3.8,-9.1,-14.3,-7.2,NaN,NaN,18.8,37.8,333,2019-02-20T15:34,10.16,0.533,2019-02-20T01:15,37232.43,21754.16,2019-02-21T01:00,0.10,0.00,2019-02-20T14:39,0.21,0.40,1.0,NaN,0.64
2019-02-21,3,-6.1,-21.5,-26.5,-10.2,NaN,NaN,35.7,57.6,345,2019-02-21T16:00,11.49,0.572,2019-02-21T02:39,37460.51,28163.22,2019-02-22T01:02,0.00,0.00,2019-02-21T14:37,0.00,0.00,0.0,NaN,0.58
2019-02-22,3,-0.8,-19.1,-24.8,-5.6,NaN,NaN,21.4,34.6,229,2019-02-22T16:24,11.42,0.610,2019-02-22T04:02,37688.90,32400.00,2019-02-23T01:04,0.00,0.00,2019-02-22T14:35,0.00,0.00,0.0,NaN,0.99
2019-02-23,73,-2.9,-16.6,-24.1,-6.9,NaN,NaN,36.8,49.0,3,2019-02-23T16:48,10.49,0.648,2019-02-23T05:23,37917.41,9627.67,2019-02-24T01:06,1.20,0.00,2019-02-23T14:33,2.24,4.40,8.0,NaN,0.46
2019-02-24,3,-15.8,-24.5,-29.2,-21.2,NaN,NaN,13.8,23.0,164,2019-02-24T17:13,12.18,0.683,2019-02-24T06:40,38145.86,27382.00,2019-02-25T01:08,0.00,0.00,2019-02-24T14:31,0.00,0.00,0.0,NaN,0.36
2019-02-25,45,-18.3,-29.0,-33.5,-22.9,NaN,NaN,13.9,25.2,168,2019-02-25T17:41,12.72,0.718,2019-02-25T07:55,38374.08,32400.00,2019-02-26T01:09,0.00,0.00,2019-02-25T14:29,0.00,0.00,0.0,NaN,0.41
2019-02-26,1,-12.1,-27.7,-32.8,-16.3,NaN,NaN,14.7,24.8,337,2019-02-26T18:12,13.06,0.751,2019-02-26T09:05,38601.89,32400.00,2019-02-27T01:11,0.00,0.00,2019-02-26T14:27,0.00,0.00,0.0,NaN,0.51
2019-02-27,45,-3.9,-23.1,-27.4,-8.2,NaN,NaN,12.7,23.4,256,2019-02-27T18:49,12.95,0.783,2019-02-27T10:11,38829.11,34620.88,2019-02-28T01:13,0.00,0.00,2019-02-27T14:24,0.00,0.00,0.0,NaN,0.81
2019-02-28,1,-4.1,-15.4,-21.0,-8.0,NaN,NaN,18.2,34.2,336,2019-02-28T19:32,12.91,0.814,2019-02-28T11:10,39055.93,32610.28,2019-03-01T01:15,0.00,0.00,2019-02-28T14:22,0.00,0.00,0.0,NaN,0.86
2019-03-01,3,-5.3,-21.5,-27.1,-9.2,NaN,NaN,20.5,42.5,8,2019-03-01T20:21,13.18,0.845,2019-03-01T12:01,39284.17,29035.08,2019-03-02T01:16,0.00,0.00,2019-03-01T14:20,0.00,0.00,0.0,NaN,0.45
2019-03-02,2,-20.3,-34.6,-39.8,-25.4,NaN,NaN,10.1,21.2,357,2019-03-02T21:17,13.86,0.875,2019-03-02T12:45,39513.98,32400.00,2019-03-03T01:18,0.00,0.00,2019-03-02T14:18,0.00,0.00,0.0,NaN,0.36
2019-03-03,1,-15.1,-30.7,-35.6,-19.2,NaN,NaN,7.9,15.8,319,2019-03-03T22:17,14.19,0.905,2019-03-03T13:21,39745.21,34746.60,2019-03-04T01:20,0.00,0.00,2019-03-03T14:16,0.00,0.00,0.0,NaN,0.50
2019-03-04,0,-8.5,-26.3,-31.3,-13.2,NaN,NaN,12.2,21.6,332,2019-03-04T23:21,14.45,0.935,2019-03-04T13:51,39977.68,38413.79,2019-03-05T01:21,0.00,0.00,2019-03-04T14:14,0.00,0.00,0.0,NaN,0.64
2019-03-05,45,-7.0,-21.6,-26.3,-11.3,NaN,NaN,11.2,19.1,336,,14.44,0.965,2019-03-05T14:16,40211.23,38539.81,2019-03-06T01:23,0.00,0.00,2019-03-05T14:12,0.00,0.00,0.0,NaN,0.77
2019-03-06,3,-8.9,-25.0,-30.0,-13.6,NaN,NaN,20.4,36.7,132,2019-03-06T00:25,14.20,0.995,2019-03-06T14:39,40445.69,37650.31,2019-03-07T01:25,0.00,0.00,2019-03-06T14:10,0.00,0.00,0.0,NaN,0.51
2019-03-07,3,-8.9,-18.3,-23.5,-13.3,NaN,NaN,18.7,44.6,149,2019-03-07T01:30,13.96,0.025,2019-03-07T14:59,40680.90,30270.88,2019-03-08T01:27,0.00,0.00,2019-03-07T14:07,0.00,0.00,0.0,NaN,0.70
2019-03-08,73,-4.2,-14.1,-18.9,-7.4,NaN,NaN,13.1,26.3,144,2019-03-08T02:36,14.13,0.056,2019-03-08T15:19,40916.70,30640.09,2019-03-09T01:28,0.40,0.00,2019-03-08T14:05,0.77,1.50,3.0,NaN,0.93
2019-03-09,2,-3.3,-10.2,-15.4,-7.8,NaN,NaN,15.5,20.5,324,2019-03-09T03:43,14.66,0.087,2019-03-09T15:38,41152.95,38340.72,2019-03-10T01:30,0.00,0.00,2019-03-09T14:03,0.00,0.00,0.0,NaN,1.07
2019-03-10,0,-0.4,-16.6,-21.4,-4.0,NaN,NaN,13.5,18.0,148,2019-03-10T04:50,15.08,0.119,2019-03-10T15:59,41389.47,38956.86,2019-03-11T01:32,0.00,0.00,2019-03-10T14:01,0.00,0.00,0.0,NaN,1.24
2019-03-11,3,5.6,-7.5,-11.8,0.8,NaN,NaN,26.9,33.1,260,2019-03-11T05:59,12.23,0.151,2019-03-11T16:21,41626.13,28546.13,2019-03-12T01:33,0.00,0.00,2019-03-11T13:58,0.00,0.00,0.0,NaN,1.85
2019-03-12,73,3.9,-2.1,-6.7,0.8,NaN,NaN,20.8,30.2,315,2019-03-12T07:09,11.82,0.184,2019-03-12T16:49,41862.77,0.00,2019-03-13T01:35,0.80,0.00,2019-03-12T13:56,1.47,2.90,5.0,NaN,1.27
2019-03-13,73,0.2,-9.7,-15.0,-1.8,NaN,NaN,14.1,25.6,340,2019-03-13T08:19,15.79,0.218,2019-03-13T17:23,42099.24,32400.00,2019-03-14T01:37,0.40,0.00,2019-03-13T13:54,0.84,1.60,4.0,NaN,1.40
2019-03-14,45,0.8,-11.8,-16.8,-3.6,NaN,NaN,16.5,24.1,186,2019-03-14T09:28,15.89,0.252,2019-03-14T18:05,42335.39,39600.00,2019-03-15T01:38,0.00,0.00,2019-03-14T13:52,0.00,0.00,0.0,NaN,1.47
2019-03-15,0,2.8,-6.1,-10.7,-0.5,NaN,NaN,22.1,37.1,270,2019-03-15T10:33,16.16,0.287,2019-03-15T18:58,42571.06,37388.86,2019-03-16T01:40,0.00,0.00,2019-03-15T13:50,0.00,0.00,0.0,NaN,1.93
2019-03-16,1,4.1,-7.0,-11.0,1.2,NaN,NaN,12.9,23.4,94,2019-03-16T11:30,16.24,0.324,2019-03-16T20:03,42806.12,39600.00,2019-03-17T01:42,0.00,0.00,2019-03-16T13:47,0.00,0.00,0.0,NaN,1.67
2019-03-17,0,9.8,-2.1,-5.1,6.6,NaN,NaN,9.9,17.3,188,2019-03-17T12:18,16.15,0.361,2019-03-17T21:19,43040.42,36708.35,2019-03-18T01:44,0.00,0.00,2019-03-17T13:45,0.00,0.00,0.0,NaN,1.95
2019-03-18,0,13.9,-0.2,-3.4,9.6,NaN,NaN,17.7,29.2,321,2019-03-18T12:58,16.59,0.400,2019-03-18T22:41,43273.80,39600.00,2019-03-19T01:45,0.00,0.00,2019-03-18T13:43,0.00,0.00,0.0,NaN,2.48
2019-03-19,0,18.0,-0.2,-3.2,14.1,NaN,NaN,10.7,17.3,42,2019-03-19T13:30,17.13,0.439,,43506.10,39600.00,2019-03-20T01:47,0.00,0.00,2019-03-19T13:41,0.00,0.00,0.0,NaN,2.73
2019-03-20,0,19.8,-0.8,-4.4,15.9,NaN,NaN,15.5,16.9,172,2019-03-20T13:58,17.32,0.478,2019-03-20T00:05,43737.50,39600.00,2019-03-21T01:49,0.00,0.00,2019-03-20T13:38,0.00,0.00,0.0,NaN,3.14
2019-03-21,0,17.9,-2.0,-6.0,13.1,NaN,NaN,16.5,20.9,81,2019-03-21T14:23,17.54,0.517,2019-03-21T01:30,43969.66,39600.00,2019-03-22T01:50,0.00,0.00,2019-03-21T13:36,0.00,0.00,0.0,NaN,2.79
2019-03-22,0,15.5,-3.2,-6.5,11.9,NaN,NaN,17.9,26.6,137,2019-03-22T14:47,17.25,0.555,2019-03-22T02:53,44202.75,39600.00,2019-03-23T01:52,0.00,0.00,2019-03-22T13:34,0.00,0.00,0.0,NaN,2.64
2019-03-23,3,14.3,-2.4,-6.4,10.6,NaN,NaN,17.1,26.3,19,2019-03-23T15:12,16.03,0.592,2019-03-23T04:14,44436.64,32580.84,2019-03-24T01:53,0.00,0.00,2019-03-23T13:32,0.00,0.00,0.0,NaN,2.02
2019-03-24,45,7.4,-0.2,-3.2,4.2,NaN,NaN,16.6,24.5,43,2019-03-24T15:39,6.09,0.628,2019-03-24T05:33,44671.19,0.00,2019-03-25T01:55,0.00,0.00,2019-03-24T13:30,0.00,0.00,0.0,NaN,0.66
2019-03-25,45,11.2,-1.1,-5.4,7.7,NaN,NaN,20.9,27.0,146,2019-03-25T16:08,15.38,0.663,2019-03-25T06:48,44906.26,21212.39,2019-03-26T01:57,0.00,0.00,2019-03-25T13:27,0.00,0.00,0.0,NaN,1.70
2019-03-26,71,13.0,0.1,-3.0,8.7,NaN,NaN,23.8,35.6,175,2019-03-26T16:44,12.97,0.697,2019-03-26T07:58,45141.72,21940.42,2019-03-27T01:58,0.90,0.00,2019-03-26T13:25,0.14,1.10,1.0,NaN,2.02
2019-03-27,75,6.7,-0.8,-4.7,0.8,NaN,NaN,25.2,41.4,3,2019-03-27T17:26,11.63,0.729,2019-03-27T09:02,45377.44,17831.66,2019-03-28T02:00,3.10,0.00,2019-03-27T13:23,4.20,9.10,8.0,NaN,1.16
2019-03-28,45,7.8,-2.1,-6.1,3.4,NaN,NaN,16.4,25.9,156,2019-03-28T18:13,18.48,0.760,2019-03-28T09:57,45613.28,32400.00,2019-03-29T02:02,0.00,0.00,2019-03-28T13:20,0.00,0.00,0.0,NaN,2.00
2019-03-29,0,8.9,-2.6,-6.4,4.8,NaN,NaN,14.1,19.8,61,2019-03-29T19:08,18.23,0.791,2019-03-29T10:44,45849.10,41079.62,2019-03-30T02:03,0.00,0.00,2019-03-29T13:18,0.00,0.00,0.0,NaN,2.33
2019-03-30,0,12.9,-3.3,-7.5,7.9,NaN,NaN,27.0,41.4,21,2019-03-30T20:07,18.98,0.821,2019-03-30T11:23,46084.76,38511.74,2019-03-31T02:05,0.00,0.00,2019-03-30T13:16,0.00,0.00,0.0,NaN,2.96
2019-03-31,2,9.5,-0.3,-4.3,4.0,NaN,NaN,24.3,33.5,121,2019-03-31T21:10,16.93,0.851,2019-03-31T11:55,46320.14,27705.72,2019-04-01T02:07,0.00,0.00,2019-03-31T13:14,0.00,0.00,0.0,NaN,2.30
2019-04-01,3,8.0,-0.7,-5.3,3.8,NaN,NaN,18.4,33.8,335,2019-04-01T22:14,15.09,0.881,2019-04-01T12:21,46555.07,14384.11,2019-04-02T02:08,0.00,0.00,2019-04-01T13:11,0.00,0.00,0.0,NaN,2.00
2019-04-02,51,9.4,-2.1,-5.6,5.1,NaN,NaN,21.4,30.6,2,2019-04-02T23:20,17.29,0.911,2019-04-02T12:44,46789.43,29942.93,2019-04-03T02:10,0.40,0.00,2019-04-02T13:09,0.00,0.40,1.0,NaN,2.42
2019-04-03,3,13.0,-4.4,-8.4,8.4,NaN,NaN,19.8,31.0,142,,17.73,0.942,2019-04-03T13:05,47023.06,28800.00,2019-04-04T02:12,0.00,0.00,2019-04-03T13:07,0.00,0.00,0.0,NaN,2.82
2019-04-04,3,12.5,3.2,-0.4,8.2,NaN,NaN,19.0,31.3,312,2019-04-04T00:25,15.78,0.973,2019-04-04T13:24,47255.82,23119.33,2019-04-05T02:13,0.00,0.00,2019-04-04T13:05,0.00,0.00,0.0,NaN,2.82
2019-04-05,45,10.0,-1.3,-5.4,4.8,NaN,NaN,29.9,36.0,116,2019-04-05T01:33,14.27,0.004,2019-04-05T13:44,47487.56,17335.91,2019-04-06T02:15,0.00,0.00,2019-04-05T13:02,0.00,0.00,0.0,NaN,1.86
2019-04-06,3,13.1,0.2,-3.4,6.1,NaN,NaN,34.3,49.7,241,2019-04-06T02:40,18.91,0.036,2019-04-06T14:03,47718.12,25200.00,2019-04-07T02:17,0.00,0.00,2019-04-06T13:00,0.00,0.00,0.0,NaN,3.20
2019-04-07,3,13.0,0.2,-3.8,8.4,NaN,NaN,29.5,43.6,260,2019-04-07T03:50,16.71,0.069,2019-04-07T14:25,47947.35,28680.58,2019-04-08T02:18,0.00,0.00,2019-04-07T12:58,0.00,0.00,0.0,NaN,3.13
2019-04-08,0,13.2,-2.4,-6.6,8.6,NaN,NaN,27.6,47.9,297,2019-04-08T05:01,21.46,0.102,2019-04-08T14:51,48175.08,43852.81,2019-04-09T02:20,0.00,0.00,2019-04-08T12:56,0.00,0.00,0.0,NaN,3.39
2019-04-09,3,13.0,-3.4,-7.8,7.9,NaN,NaN,21.8,28.8,92,2019-04-09T06:12,15.34,0.135,2019-04-09T15:23,48401.45,18339.17,2019-04-10T02:22,0.00,0.00,2019-04-09T12:54,0.00,0.00,0.0,NaN,2.93
2019-04-10,51,11.6,0.6,-2.8,6.7,NaN,NaN,30.8,38.5,168,2019-04-10T07:22,12.83,0.169,2019-04-10T16:02,48628.06,12021.18,2019-04-11T02:23,0.40,0.00,2019-04-10T12:52,0.00,0.40,1.0,NaN,2.65
2019-04-11,53,6.2,0.4,-3.2,2.6,NaN,NaN,25.7,38.9,330,2019-04-11T08:28,9.87,0.204,2019-04-11T16:50,48855.07,2880.37,2019-04-12T02:25,1.50,0.00,2019-04-11T12:49,0.00,1.50,3.0,NaN,1.06
2019-04-12,75,6.3,-1.5,-6.0,3.3,NaN,NaN,24.8,32.8,340,2019-04-12T09:27,15.22,0.239,2019-04-12T17:51,49082.34,10800.00,2019-04-13T02:26,3.80,0.00,2019-04-12T12:47,5.18,11.20,7.0,NaN,1.57
2019-04-13,3,11.0,-2.9,-6.0,7.2,NaN,NaN,14.9,33.5,195,2019-04-13T10:16,20.78,0.275,2019-04-13T19:00,49309.73,40499.07,2019-04-14T02:28,0.00,0.00,2019-04-13T12:45,0.00,0.00,0.0,NaN,2.77
2019-04-14,3,11.3,0.2,-4.0,7.0,NaN,NaN,27.2,41.4,297,2019-04-14T10:57,18.08,0.312,2019-04-14T20:18,49537.10,21999.88,2019-04-15T02:30,0.00,0.00,2019-04-14T12:43,0.00,0.00,0.0,NaN,2.66
2019-04-15,2,8.5,-3.1,-6.9,4.0,NaN,NaN,20.6,29.5,337,2019-04-15T11:30,18.25,0.350,2019-04-15T21:39,49764.30,32112.40,2019-04-16T02:31,0.00,0.00,2019-04-15T12:41,0.00,0.00,0.0,NaN,2.41
2019-04-16,1,10.6,-4.1,-8.2,6.9,NaN,NaN,16.3,26.3,213,2019-04-16T11:58,18.04,0.387,2019-04-16T23:01,49991.19,35771.39,2019-04-17T02:33,0.00,0.00,2019-04-16T12:39,0.00,0.00,0.0,NaN,2.62
2019-04-17,2,14.0,0.2,-3.8,9.3,NaN,NaN,30.1,50.8,268,2019-04-17T12:23,16.70,0.426,,50217.62,31453.49,2019-04-18T02:35,0.00,0.00,2019-04-17T12:37,0.00,0.00,0.0,NaN,3.44
2019-04-18,3,19.6,0.2,-4.1,16.1,NaN,NaN,29.1,52.6,244,2019-04-18T12:47,21.47,0.464,2019-04-18T00:23,50443.42,35046.49,2019-04-19T02:36,0.00,0.00,2019-04-18T12:35,0.00,0.00,0.0,NaN,4.17
2019-04-19,61,18.2,4.9,0.5,12.9,NaN,NaN,21.1,46.4,316,2019-04-19T13:11,9.99,0.501,2019-04-19T01:45,50668.46,12744.65,2019-04-20T02:38,2.50,0.00,2019-04-19T12:32,0.00,2.50,2.0,NaN,2.17
2019-04-20,51,9.6,-0.1,-2.7,6.0,NaN,NaN,15.2,29.9,2,2019-04-20T13:36,21.49,0.538,2019-04-20T03:05,50892.55,33549.36,2019-04-21T02:40,0.40,0.00,2019-04-20T12:30,0.00,0.40,1.0,NaN,2.58
2019-04-21,1,15.2,-0.6,-4.3,11.7,NaN,NaN,15.8,27.7,124,2019-04-21T14:04,23.77,0.574,2019-04-21T04:23,51115.53,37882.20,2019-04-22T02:41,0.00,0.00,2019-04-21T12:28,0.00,0.00,0.0,NaN,3.51
2019-04-22,3,19.7,-0.9,-5.4,15.2,NaN,NaN,23.1,50.4,230,2019-04-22T14:37,22.48,0.609,2019-04-22T05:39,51337.23,42427.05,2019-04-23T02:43,0.00,0.00,2019-04-22T12:26,0.00,0.00,0.0,NaN,4.32
2019-04-23,3,18.6,8.3,4.7,13.2,NaN,NaN,33.2,55.8,277,2019-04-23T15:17,20.13,0.642,2019-04-23T06:47,51557.47,28800.00,2019-04-24T02:45,0.00,0.00,2019-04-23T12:24,0.00,0.00,0.0,NaN,4.98
2019-04-24,1,16.4,1.3,-2.7,9.8,NaN,NaN,33.4,45.0,355,2019-04-24T16:03,21.21,0.675,2019-04-24T07:49,51776.07,36000.00,2019-04-25T02:46,0.00,0.00,2019-04-24T12:22,0.00,0.00,0.0,NaN,3.21
2019-04-25,0,11.9,-1.8,-5.4,7.6,NaN,NaN,29.5,41.0,92,2019-04-25T16:56,24.84,0.706,2019-04-25T08:40,51992.85,40911.46,2019-04-26T02:48,0.00,0.00,2019-04-25T12:20,0.00,0.00,0.0,NaN,3.38
2019-04-26,3,11.7,-1.0,-5.7,5.9,NaN,NaN,23.6,29.9,41,2019-04-26T17:55,19.56,0.737,2019-04-26T09:23,52207.62,18466.27,2019-04-27T02:49,0.00,0.00,2019-04-26T12:18,0.00,0.00,0.0,NaN,2.99
2019-04-27,73,8.4,0.1,-7.5,3.4,NaN,NaN,36.4,52.9,120,2019-04-27T18:57,17.13,0.767,2019-04-27T09:57,52420.16,16460.04,2019-04-28T02:51,0.90,0.00,2019-04-27T12:16,0.84,2.10,2.0,NaN,1.95
2019-04-28,75,1.9,-4.7,-11.2,-0.5,NaN,NaN,44.3,83.9,1,2019-04-28T20:01,24.83,0.797,2019-04-28T10:25,52630.28,31249.63,2019-04-29T02:53,4.90,0.00,2019-04-28T12:14,7.56,15.70,9.0,NaN,2.05
2019-04-29,1,4.1,-3.6,-6.9,0.8,NaN,NaN,10.5,23.4,333,2019-04-29T21:06,24.86,0.827,2019-04-29T10:49,52838.07,44255.73,2019-04-30T02:54,0.00,0.00,2019-04-29T12:13,0.00,0.00,0.0,NaN,2.47
2019-04-30,2,2.9,-4.1,-8.1,-1.5,NaN,NaN,27.0,37.1,348,2019-04-30T22:12,22.34,0.858,2019-04-30T11:11,53045.10,32974.20,2019-05-01T02:56,0.00,0.00,2019-04-30T12:11,0.00,0.00,0.0,NaN,1.97
2019-05-01,73,7.5,-3.6,-8.2,5.9,NaN,NaN,19.5,35.3,206,2019-05-01T23:19,24.27,0.889,2019-05-01T11:30,53251.49,29254.46,2019-05-02T02:57,0.40,0.00,2019-05-01T12:09,0.84,1.60,4.0,NaN,2.48
2019-05-02,73,10.2,-0.8,-6.2,5.6,NaN,NaN,25.9,34.9,308,,21.77,0.920,2019-05-02T11:49,53457.08,20334.90,2019-05-03T02:59,0.10,0.00,2019-05-02T12:07,0.21,0.40,1.0,NaN,2.69
2019-05-03,51,10.2,0.6,-3.5,5.0,NaN,NaN,25.7,38.5,8,2019-05-03T00:26,12.40,0.952,2019-05-03T12:08,53661.71,10521.01,2019-05-04T03:01,0.40,0.00,2019-05-03T12:05,0.00,0.40,1.0,NaN,1.69
2019-05-04,73,2.0,-2.4,-7.6,-3.1,NaN,NaN,20.2,27.4,61,2019-05-04T01:37,20.13,0.985,2019-05-04T12:29,53865.19,0.00,2019-05-05T03:02,0.20,0.00,2019-05-04T12:03,0.42,0.80,2.0,NaN,1.60
2019-05-05,73,1.5,-3.2,-6.7,-2.5,NaN,NaN,15.5,22.7,144,2019-05-05T02:48,20.14,0.018,2019-05-05T12:54,54067.36,0.00,2019-05-06T03:04,1.60,0.00,2019-05-05T12:02,3.15,6.10,12.0,NaN,1.55
2019-05-06,3,10.2,-1.6,-4.7,7.9,NaN,NaN,13.0,24.5,181,2019-05-06T04:01,19.72,0.053,2019-05-06T13:23,54268.03,7889.87,2019-05-07T03:05,0.00,0.00,2019-05-06T12:00,0.00,0.00,0.0,NaN,2.47
2019-05-07,3,11.9,1.3,-2.6,8.2,NaN,NaN,16.0,24.8,50,2019-05-07T05:13,13.65,0.087,2019-05-07T14:00,54467.01,16833.78,2019-05-08T03:07,0.00,0.00,2019-05-07T11:58,0.00,0.00,0.0,NaN,1.97
2019-05-08,75,10.4,1.5,-1.6,8.5,NaN,NaN,31.1,36.0,163,2019-05-08T06:22,16.94,0.122,2019-05-08T14:46,54664.11,18107.57,2019-05-09T03:09,9.50,0.00,2019-05-08T11:57,0.84,10.70,3.0,NaN,2.09
2019-05-09,3,17.3,1.1,-1.8,13.8,NaN,NaN,16.6,30.6,240,2019-05-09T07:24,26.18,0.158,2019-05-09T15:43,54859.13,46718.87,2019-05-10T03:10,0.00,0.00,2019-05-09T11:55,0.00,0.00,0.0,NaN,3.91
2019-05-10,3,18.5,8.0,4.8,13.5,NaN,NaN,29.6,50.4,332,2019-05-10T08:17,22.80,0.194,2019-05-10T16:50,55051.86,35104.39,2019-05-11T03:12,0.00,0.00,2019-05-10T11:53,0.00,0.00,0.0,NaN,4.78
2019-05-11,0,23.3,1.2,-1.7,20.2,NaN,NaN,28.2,44.6,13,2019-05-11T09:00,27.52,0.230,2019-05-11T18:05,55242.10,50400.00,2019-05-12T03:13,0.00,0.00,2019-05-11T11:52,0.00,0.00,0.0,NaN,5.17
2019-05-12,53,23.8,11.0,7.7,20.7,NaN,NaN,22.7,38.9,336,2019-05-12T09:34,17.90,0.266,2019-05-12T19:23,55429.62,36000.00,2019-05-13T03:15,0.70,0.00,2019-05-12T11:50,0.00,0.70,1.0,NaN,4.25
2019-05-13,3,20.2,6.5,2.4,17.5,NaN,NaN,16.2,28.4,3,2019-05-13T10:03,26.97,0.303,2019-05-13T20:43,55614.20,39472.74,2019-05-14T03:16,0.00,0.00,2019-05-13T11:48,0.00,0.00,0.0,NaN,4.77
2019-05-14,3,19.2,7.4,5.4,17.2,NaN,NaN,16.5,25.2,122,2019-05-14T10:27,24.63,0.340,2019-05-14T22:03,55795.62,38130.50,2019-05-15T03:18,0.00,0.00,2019-05-14T11:47,0.00,0.00,0.0,NaN,4.19
2019-05-15,3,17.4,9.1,7.0,15.6,NaN,NaN,24.5,36.0,1,2019-05-15T10:50,25.02,0.377,2019-05-15T23:23,55973.65,47221.45,2019-05-16T03:19,0.00,0.00,2019-05-15T11:45,0.00,0.00,0.0,NaN,3.87
2019-05-16,51,13.3,5.6,1.7,8.0,NaN,NaN,29.4,37.8,116,2019-05-16T11:13,11.39,0.414,,56148.04,6306.60,2019-05-17T03:21,1.60,0.00,2019-05-16T11:44,0.00,1.60,4.0,NaN,1.86
2019-05-17,63,8.1,4.2,0.8,5.7,NaN,NaN,15.4,29.5,151,2019-05-17T11:36,7.29,0.451,2019-05-17T00:42,56318.55,0.00,2019-05-18T03:22,12.90,0.00,2019-05-17T11:43,0.00,12.90,12.0,NaN,1.00
2019-05-18,71,5.6,2.0,-2.0,2.0,NaN,NaN,23.1,46.1,146,2019-05-18T12:02,13.04,0.486,2019-05-18T02:00,56484.93,0.00,2019-05-19T03:24,8.90,0.00,2019-05-18T11:41,0.14,9.10,14.0,NaN,1.22
2019-05-19,3,9.7,0.9,-2.4,5.9,NaN,NaN,23.2,40.3,156,2019-05-19T12:32,22.36,0.522,2019-05-19T03:17,56647.17,32400.00,2019-05-20T03:25,0.00,0.00,2019-05-19T11:40,0.00,0.00,0.0,NaN,2.49
2019-05-20,2,9.9,-0.7,-4.0,5.7,NaN,NaN,24.4,42.1,163,2019-05-20T13:09,25.93,0.556,2019-05-20T04:29,56806.62,45226.49,2019-05-21T03:26,0.00,0.00,2019-05-20T11:39,0.00,0.00,0.0,NaN,3.14
2019-05-21,51,8.4,3.2,0.2,5.1,NaN,NaN,16.9,31.7,104,2019-05-21T13:52,9.24,0.589,2019-05-21T05:35,56963.34,6661.98,2019-05-22T03:28,0.40,0.00,2019-05-21T11:37,0.00,0.40,1.0,NaN,1.32
2019-05-22,53,16.3,2.4,-0.1,14.9,NaN,NaN,9.0,22.3,6,2019-05-22T14:43,24.31,0.621,2019-05-22T06:32,57117.19,35526.87,2019-05-23T03:29,2.20,0.00,2019-05-22T11:36,0.00,2.20,4.0,NaN,3.58
2019-05-23,1,20.0,4.2,1.0,18.9,NaN,NaN,13.4,16.9,187,2019-05-23T15:40,23.59,0.653,2019-05-23T07:19,57267.98,42172.18,2019-05-24T03:30,0.00,0.00,2019-05-23T11:35,0.00,0.00,0.0,NaN,4.35
2019-05-24,61,18.8,5.1,3.0,15.5,NaN,NaN,27.0,44.3,345,2019-05-24T16:42,17.63,0.683,2019-05-24T07:57,57415.54,28800.00,2019-05-25T03:32,2.20,0.00,2019-05-24T11:34,0.00,2.20,2.0,NaN,3.27
2019-05-25,73,13.6,7.2,3.7,10.1,NaN,NaN,24.5,36.4,343,2019-05-25T17:46,11.66,0.714,2019-05-25T08:28,57559.70,3928.70,2019-05-26T03:33,27.70,0.00,2019-05-25T11:33,0.28,28.10,6.0,NaN,1.50
2019-05-26,0,15.6,0.8,-2.0,13.8,NaN,NaN,13.0,20.2,6,2019-05-26T18:51,28.27,0.744,2019-05-26T08:54,57700.27,39473.11,2019-05-27T03:34,0.00,0.00,2019-05-26T11:32,0.00,0.00,0.0,NaN,4.10
2019-05-27,0,19.7,2.7,-0.2,17.4,NaN,NaN,15.9,20.9,171,2019-05-27T19:57,30.63,0.774,2019-05-27T09:16,57837.07,54019.82,2019-05-28T03:35,0.00,0.00,2019-05-27T11:31,0.00,0.00,0.0,NaN,4.98
2019-05-28,0,22.0,4.5,1.9,19.8,NaN,NaN,12.2,17.3,171,2019-05-28T21:03,30.33,0.805,2019-05-28T09:36,57969.92,54110.74,2019-05-29T03:37,0.00,0.00,2019-05-28T11:30,0.00,0.00,0.0,NaN,5.47
2019-05-29,0,26.5,5.7,3.3,24.2,NaN,NaN,12.6,14.4,154,2019-05-29T22:10,30.24,0.836,2019-05-29T09:54,58098.63,54160.97,2019-05-30T03:38,0.00,0.00,2019-05-29T11:29,0.00,0.00,0.0,NaN,6.02
2019-05-30,0,26.3,11.6,8.7,22.9,NaN,NaN,28.5,53.6,343,2019-05-30T23:19,26.96,0.868,2019-05-30T10:13,58222.99,48028.62,2019-05-31T03:39,0.00,0.00,2019-05-30T11:28,0.00,0.00,0.0,NaN,6.24
2019-05-31,3,22.6,9.3,7.5,20.9,NaN,NaN,26.3,34.6,110,,25.47,0.900,2019-05-31T10:33,58342.83,38247.73,2019-06-01T03:40,0.00,0.00,2019-05-31T11:27,0.00,0.00,0.0,NaN,4.88
2019-06-01,0,27.3,7.6,5.7,25.1,NaN,NaN,22.8,29.5,237,2019-06-01T00:29,27.93,0.934,2019-06-01T10:55,58457.94,49496.38,2019-06-02T03:41,0.00,0.00,2019-06-01T11:26,0.00,0.00,0.0,NaN,5.38
2019-06-02,1,25.2,10.1,7.7,23.6,NaN,NaN,25.3,33.1,32,2019-06-02T01:42,27.10,0.968,2019-06-02T11:23,58568.13,44669.30,2019-06-03T03:42,0.00,0.00,2019-06-02T11:25,0.00,0.00,0.0,NaN,5.57
2019-06-03,3,25.8,13.2,11.5,23.5,NaN,NaN,25.1,39.2,316,2019-06-03T02:56,23.01,0.003,2019-06-03T11:56,58673.22,37378.82,2019-06-04T03:43,0.00,0.00,2019-06-03T11:25,0.00,0.00,0.0,NaN,5.10
2019-06-04,61,22.1,9.2,7.1,20.2,NaN,NaN,45.7,57.6,133,2019-06-04T04:09,26.11,0.039,2019-06-04T12:39,58772.97,34927.01,2019-06-05T03:44,1.80,0.00,2019-06-04T11:24,0.00,1.80,1.0,NaN,5.24
2019-06-05,2,23.4,4.8,2.4,20.4,NaN,NaN,37.1,50.4,302,2019-06-05T05:16,24.59,0.075,2019-06-05T13:33,58867.23,38557.99,2019-06-06T03:45,0.00,0.00,2019-06-05T11:23,0.00,0.00,0.0,NaN,5.23
2019-06-06,61,21.9,7.2,4.7,17.7,NaN,NaN,24.1,38.5,343,2019-06-06T06:14,26.31,0.112,2019-06-06T14:38,58955.78,37565.34,2019-06-07T03:46,1.40,0.00,2019-06-06T11:23,0.00,1.40,1.0,NaN,4.64
2019-06-07,65,12.3,2.9,-1.7,9.0,NaN,NaN,26.9,49.0,317,2019-06-07T07:01,16.67,0.149,2019-06-07T15:53,59038.43,0.00,2019-06-08T03:47,46.50,0.00,2019-06-07T11:22,0.00,46.50,19.0,NaN,1.57
2019-06-08,51,12.2,2.8,-2.7,10.6,NaN,NaN,25.9,46.1,299,2019-06-08T07:39,24.84,0.186,2019-06-08T17:12,59115.10,26076.87,2019-06-09T03:48,0.40,0.00,2019-06-08T11:22,0.00,0.40,1.0,NaN,3.18
2019-06-09,51,17.3,2.8,0.0,16.6,NaN,NaN,24.1,37.1,314,2019-06-09T08:08,22.44,0.222,2019-06-09T18:31,59186.43,32823.82,2019-06-10T03:48,0.40,0.00,2019-06-09T11:21,0.00,0.40,1.0,NaN,3.41
2019-06-10,2,19.4,5.3,2.5,16.8,NaN,NaN,20.2,37.1,256,2019-06-10T08:34,24.94,0.259,2019-06-10T19:51,59252.48,41986.90,2019-06-11T03:49,0.00,0.00,2019-06-10T11:21,0.00,0.00,0.0,NaN,4.63
2019-06-11,1,20.6,6.6,4.5,20.1,NaN,NaN,22.5,36.0,333,2019-06-11T08:57,27.63,0.296,2019-06-11T21:09,59313.17,42154.74,2019-06-12T03:50,0.00,0.00,2019-06-11T11:21,0.00,0.00,0.0,NaN,4.81
2019-06-12,0,25.6,9.2,7.9,24.7,NaN,NaN,13.8,24.5,81,2019-06-12T09:19,30.26,0.332,2019-06-12T22:26,59368.48,54403.25,2019-06-13T03:50,0.00,0.00,2019-06-12T11:21,0.00,0.00,0.0,NaN,5.69
2019-06-13,80,27.3,12.5,10.8,26.8,NaN,NaN,18.4,36.7,123,2019-06-13T09:41,25.74,0.368,2019-06-13T23:44,59418.31,48566.65,2019-06-14T03:51,1.40,0.00,2019-06-13T11:20,0.00,1.40,1.0,NaN,5.64
2019-06-14,55,18.8,12.3,9.3,16.4,NaN,NaN,30.3,47.2,342,2019-06-14T10:05,25.09,0.403,,59462.64,34881.80,2019-06-15T03:52,1.50,0.00,2019-06-14T11:20,0.00,1.50,2.0,NaN,3.83
2019-06-15,0,20.2,9.4,8.0,18.3,NaN,NaN,16.3,25.9,337,2019-06-15T10:32,28.53,0.438,2019-06-15T00:59,59501.40,48750.83,2019-06-16T03:52,0.00,0.00,2019-06-15T11:20,0.00,0.00,0.0,NaN,4.77
2019-06-16,61,22.0,8.2,6.9,20.4,NaN,NaN,15.6,26.6,0,2019-06-16T11:05,31.69,0.472,2019-06-16T02:12,59534.57,55953.53,2019-06-17T03:53,2.20,0.00,2019-06-16T11:20,0.00,2.20,1.0,NaN,5.46
2019-06-17,0,23.8,8.1,6.4,23.1,NaN,NaN,20.1,24.5,143,2019-06-17T11:45,31.28,0.505,2019-06-17T03:21,59562.08,55953.36,2019-06-18T03:53,0.00,0.00,2019-06-17T11:20,0.00,0.00,0.0,NaN,5.66
2019-06-18,3,20.8,10.1,8.6,20.4,NaN,NaN,22.7,45.0,45,2019-06-18T12:32,24.96,0.537,2019-06-18T04:22,59583.91,32769.73,2019-06-19T03:53,0.00,0.00,2019-06-18T11:20,0.00,0.00,0.0,NaN,4.33
2019-06-19,80,19.5,9.1,2.8,20.2,NaN,NaN,36.2,42.1,360,2019-06-19T13:27,23.54,0.569,2019-06-19T05:13,59600.04,34680.77,2019-06-20T03:54,26.60,0.00,2019-06-19T11:20,0.21,26.90,3.0,NaN,2.94
2019-06-20,61,11.6,4.4,1.5,8.0,NaN,NaN,25.2,33.1,309,2019-06-20T14:27,15.51,0.600,2019-06-20T05:56,59610.40,7200.00,2019-06-21T03:54,1.80,0.00,2019-06-20T11:20,0.00,1.80,2.0,NaN,2.20
2019-06-21,63,11.2,5.2,1.9,7.7,NaN,NaN,36.5,61.9,352,2019-06-21T15:32,16.73,0.631,2019-06-21T06:29,59615.01,13354.13,2019-06-22T03:54,25.20,0.00,2019-06-21T11:20,0.00,25.20,12.0,NaN,1.74
2019-06-22,3,18.0,6.7,4.1,16.4,NaN,NaN,31.1,55.4,342,2019-06-22T16:36,28.62,0.662,2019-06-22T06:57,59613.82,51595.24,2019-06-23T03:54,0.00,0.00,2019-06-22T11:21,0.00,0.00,0.0,NaN,3.83
2019-06-23,2,18.0,9.5,7.5,16.2,NaN,NaN,19.2,28.8,294,2019-06-23T17:42,26.24,0.692,2019-06-23T07:21,59606.81,36597.81,2019-06-24T03:55,0.00,0.00,2019-06-23T11:21,0.00,0.00,0.0,NaN,3.99
2019-06-24,51,16.7,8.2,6.2,15.9,NaN,NaN,17.6,28.4,311,2019-06-24T18:47,27.10,0.722,2019-06-24T07:41,59593.98,34970.41,2019-06-25T03:55,0.80,0.00,2019-06-24T11:21,0.00,0.80,2.0,NaN,4.19
2019-06-25,1,16.7,7.0,5.1,14.7,NaN,NaN,23.0,28.4,331,2019-06-25T19:54,23.98,0.753,2019-06-25T07:59,59575.32,41453.89,2019-06-26T03:55,0.00,0.00,2019-06-25T11:22,0.00,0.00,0.0,NaN,3.73
2019-06-26,0,21.1,7.5,5.8,18.6,NaN,NaN,14.4,17.6,337,2019-06-26T21:00,27.35,0.784,2019-06-26T08:17,59550.85,55830.02,2019-06-27T03:55,0.00,0.00,2019-06-26T11:22,0.00,0.00,0.0,NaN,4.50
2019-06-27,63,19.3,10.9,9.0,17.4,NaN,NaN,17.9,24.1,18,2019-06-27T22:09,14.54,0.816,2019-06-27T08:36,59520.52,10800.00,2019-06-28T03:54,7.30,0.00,2019-06-27T11:23,0.00,7.30,3.0,NaN,2.40
2019-06-28,61,20.0,5.9,3.6,18.5,NaN,NaN,16.0,38.9,191,2019-06-28T23:21,28.99,0.848,2019-06-28T08:57,59484.30,41375.20,2019-06-29T03:54,1.80,0.00,2019-06-28T11:23,0.00,1.80,2.0,NaN,4.60
2019-06-29,2,20.7,7.1,4.8,16.5,NaN,NaN,27.9,42.5,260,,31.77,0.882,2019-06-29T09:22,59441.81,52143.48,2019-06-30T03:54,0.00,0.00,2019-06-29T11:24,0.00,0.00,0.0,NaN,5.96
2019-06-30,3,20.6,7.8,5.2,19.8,NaN,NaN,29.0,39.2,271,2019-06-30T00:34,28.85,0.916,2019-06-30T09:52,59393.11,47095.73,2019-07-01T03:54,0.00,0.00,2019-06-30T11:24,0.00,0.00,0.0,NaN,5.18
2019-07-01,53,24.9,8.6,4.4,23.3,NaN,NaN,57.8,68.8,298,2019-07-01T01:48,27.20,0.952,2019-07-01T10:30,59338.33,43288.27,2019-07-02T03:54,0.70,0.00,2019-07-01T11:25,0.00,0.70,1.0,NaN,5.16
2019-07-02,53,15.7,6.9,4.7,15.1,NaN,NaN,31.8,40.7,322,2019-07-02T02:58,25.84,0.989,2019-07-02T11:19,59277.65,29958.28,2019-07-03T03:53,2.30,0.00,2019-07-02T11:25,0.00,2.30,5.0,NaN,3.65
2019-07-03,0,16.9,6.4,4.3,17.1,NaN,NaN,22.4,23.8,17,2019-07-03T04:02,27.77,0.026,2019-07-03T12:21,59211.20,51767.87,2019-07-04T03:53,0.00,0.00,2019-07-03T11:26,0.00,0.00,0.0,NaN,4.29
2019-07-04,65,14.2,9.0,7.4,13.0,NaN,NaN,15.1,25.6,47,2019-07-04T04:55,12.87,0.064,2019-07-04T13:34,59139.14,6328.49,2019-07-05T03:52,21.10,0.00,2019-07-04T11:27,0.00,21.10,11.0,NaN,1.68
2019-07-05,53,13.7,7.9,6.4,12.2,NaN,NaN,17.9,28.8,2,2019-07-05T05:38,18.54,0.102,2019-07-05T14:54,59061.61,6223.69,2019-07-06T03:52,3.50,0.00,2019-07-05T11:28,0.00,3.50,8.0,NaN,2.49
2019-07-06,3,22.0,10.4,9.3,22.8,NaN,NaN,17.7,31.7,152,2019-07-06T06:11,24.13,0.140,2019-07-06T16:16,58978.79,25773.13,2019-07-07T03:51,0.00,0.00,2019-07-06T11:29,0.00,0.00,0.0,NaN,3.77
2019-07-07,61,19.6,9.1,8.0,20.1,NaN,NaN,17.4,20.5,354,2019-07-07T06:39,24.20,0.178,2019-07-07T17:38,58890.81,36210.63,2019-07-08T03:51,1.80,0.00,2019-07-07T11:30,0.00,1.80,1.0,NaN,3.71
2019-07-08,65,20.0,9.4,7.9,19.7,NaN,NaN,34.1,38.5,336,2019-07-08T07:03,24.69,0.215,2019-07-08T18:58,58797.85,38297.04,2019-07-09T03:50,10.80,0.00,2019-07-08T11:31,0.00,10.80,1.0,NaN,3.89
2019-07-09,3,20.6,9.8,7.9,20.1,NaN,NaN,15.5,29.5,66,2019-07-09T07:25,18.81,0.252,2019-07-09T20:16,58700.07,25810.60,2019-07-10T03:49,0.00,0.00,2019-07-09T11:32,0.00,0.00,0.0,NaN,3.16
2019-07-10,55,24.6,11.8,11.4,24.0,NaN,NaN,17.1,41.8,147,2019-07-10T07:47,28.94,0.287,2019-07-10T21:33,58597.62,47468.22,2019-07-11T03:49,1.10,0.00,2019-07-10T11:33,0.00,1.10,1.0,NaN,5.17
2019-07-11,82,24.8,12.9,12.0,22.3,NaN,NaN,16.0,34.9,289,2019-07-11T08:10,28.50,0.322,2019-07-11T22:48,58490.66,51479.85,2019-07-12T03:48,7.60,0.00,2019-07-11T11:34,0.00,7.60,1.0,NaN,5.33
2019-07-12,0,24.1,11.3,10.8,24.3,NaN,NaN,13.9,24.5,347,2019-07-12T08:36,27.51,0.357,,58379.35,46800.00,2019-07-13T03:47,0.00,0.00,2019-07-12T11:35,0.00,0.00,0.0,NaN,4.95
2019-07-13,0,24.0,12.1,11.4,23.6,NaN,NaN,17.4,31.3,35,2019-07-13T09:06,29.53,0.390,2019-07-13T00:01,58263.86,50400.00,2019-07-14T03:46,0.00,0.00,2019-07-13T11:36,0.00,0.00,0.0,NaN,5.30
2019-07-14,82,23.8,9.9,8.8,24.3,NaN,NaN,23.2,31.0,334,2019-07-14T09:43,24.56,0.423,2019-07-14T01:10,58144.33,43200.00,2019-07-15T03:45,14.00,0.00,2019-07-14T11:37,0.00,14.00,3.0,NaN,4.39
2019-07-15,0,20.6,8.8,7.5,21.4,NaN,NaN,26.4,38.2,286,2019-07-15T10:26,27.44,0.456,2019-07-15T02:13,58020.93,46800.00,2019-07-16T03:44,0.00,0.00,2019-07-15T11:38,0.00,0.00,0.0,NaN,4.88
2019-07-16,81,20.8,11.9,11.2,18.3,NaN,NaN,20.1,20.5,330,2019-07-16T11:18,22.35,0.487,2019-07-16T03:08,57893.81,23775.24,2019-07-17T03:43,12.60,0.00,2019-07-16T11:39,0.00,12.60,3.0,NaN,3.51
2019-07-17,2,21.0,8.2,6.3,20.9,NaN,NaN,14.6,25.9,199,2019-07-17T12:16,28.09,0.519,2019-07-17T03:53,57763.12,49326.83,2019-07-18T03:42,0.00,0.00,2019-07-17T11:40,0.00,0.00,0.0,NaN,4.64
2019-07-18,2,19.2,11.7,9.5,18.2,NaN,NaN,36.5,44.3,282,2019-07-18T13:19,27.44,0.549,2019-07-18T04:30,57628.79,49658.77,2019-07-19T03:41,0.00,0.00,2019-07-18T11:41,0.00,0.00,0.0,NaN,4.58
2019-07-19,3,14.3,6.0,2.9,12.8,NaN,NaN,29.3,45.0,309,2019-07-19T14:24,26.02,0.580,2019-07-19T05:00,57489.64,29528.62,2019-07-20T03:40,0.00,0.00,2019-07-19T11:43,0.00,0.00,0.0,NaN,3.94
2019-07-20,3,17.4,9.2,5.8,17.4,NaN,NaN,26.1,44.6,325,2019-07-20T15:30,23.93,0.610,2019-07-20T05:25,57345.69,28683.31,2019-07-21T03:39,0.00,0.00,2019-07-20T11:44,0.00,0.00,0.0,NaN,3.44
2019-07-21,2,21.7,6.3,4.6,19.4,NaN,NaN,23.2,32.8,194,2019-07-21T16:35,29.19,0.641,2019-07-21T05:46,57197.19,53136.40,2019-07-22T03:38,0.00,0.00,2019-07-21T11:45,0.00,0.00,0.0,NaN,4.58
2019-07-22,0,25.1,8.2,6.5,25.3,NaN,NaN,24.6,38.2,156,2019-07-22T17:40,29.71,0.671,2019-07-22T06:05,57044.38,54000.00,2019-07-23T03:36,0.00,0.00,2019-07-22T11:47,0.00,0.00,0.0,NaN,5.57
2019-07-23,1,30.4,13.6,13.9,30.9,NaN,NaN,18.1,30.2,120,2019-07-23T18:46,29.02,0.702,2019-07-23T06:23,56887.51,54000.00,2019-07-24T03:35,0.00,0.00,2019-07-23T11:48,0.00,0.00,0.0,NaN,5.86
2019-07-24,3,30.2,17.0,15.2,29.2,NaN,NaN,36.9,58.3,235,2019-07-24T19:53,27.49,0.733,2019-07-24T06:41,56726.81,50400.00,2019-07-25T03:34,0.00,0.00,2019-07-24T11:49,0.00,0.00,0.0,NaN,6.13
2019-07-25,0,25.4,12.5,8.3,21.5,NaN,NaN,31.0,54.0,276,2019-07-25T21:01,29.34,0.764,2019-07-25T07:00,56562.52,54000.00,2019-07-26T03:32,0.00,0.00,2019-07-25T11:51,0.00,0.00,0.0,NaN,6.93
2019-07-26,0,27.5,9.7,7.6,26.0,NaN,NaN,31.2,42.1,255,2019-07-26T22:12,29.03,0.797,2019-07-26T07:23,56394.85,54000.00,2019-07-27T03:31,0.00,0.00,2019-07-26T11:52,0.00,0.00,0.0,NaN,6.20
2019-07-27,61,28.0,12.0,10.0,25.7,NaN,NaN,34.4,52.6,246,2019-07-27T23:25,22.85,0.830,2019-07-27T07:49,56224.05,33503.15,2019-07-28T03:30,2.20,0.00,2019-07-27T11:53,0.00,2.20,1.0,NaN,5.28
2019-07-28,0,21.5,10.4,7.7,20.0,NaN,NaN,25.0,48.2,310,,25.96,0.865,2019-07-28T08:22,56050.30,50297.87,2019-07-29T03:28,0.00,0.00,2019-07-28T11:55,0.00,0.00,0.0,NaN,5.26
2019-07-29,0,22.8,8.8,7.5,22.5,NaN,NaN,15.2,24.5,59,2019-07-29T00:36,26.68,0.900,2019-07-29T09:05,55873.84,49786.38,2019-07-30T03:27,0.00,0.00,2019-07-29T11:56,0.00,0.00,0.0,NaN,4.91
2019-07-30,55,26.7,9.4,8.3,29.0,NaN,NaN,24.2,28.8,27,2019-07-30T01:44,26.69,0.937,2019-07-30T10:01,55694.87,53726.64,2019-07-31T03:25,1.10,0.00,2019-07-30T11:58,0.00,1.10,1.0,NaN,5.02
2019-07-31,1,25.4,9.4,8.8,24.6,NaN,NaN,23.7,32.8,122,2019-07-31T02:42,25.92,0.975,2019-07-31T11:09,55513.59,50040.09,2019-08-01T03:23,0.00,0.00,2019-07-31T11:59,0.00,0.00,0.0,NaN,4.86
2019-08-01,3,25.6,12.1,10.9,25.6,NaN,NaN,19.0,37.1,46,2019-08-01T03:31,24.69,0.014,2019-08-01T12:28,55330.20,37633.45,2019-08-02T03:22,0.00,0.00,2019-08-01T12:01,0.00,0.00,0.0,NaN,4.68
2019-08-02,1,29.5,10.8,9.5,26.5,NaN,NaN,28.1,51.5,199,2019-08-02T04:09,27.44,0.053,2019-08-02T13:52,55144.89,53271.92,2019-08-03T03:20,0.00,0.00,2019-08-02T12:02,0.00,0.00,0.0,NaN,6.05
2019-08-03,51,29.0,12.6,11.6,24.7,NaN,NaN,24.8,43.6,302,2019-08-03T04:40,24.16,0.092,2019-08-03T15:17,54957.84,35657.80,2019-08-04T03:19,0.40,0.00,2019-08-03T12:04,0.00,0.40,1.0,NaN,5.34
2019-08-04,85,23.9,9.7,8.8,22.4,NaN,NaN,18.7,31.7,336,2019-08-04T05:06,25.96,0.131,2019-08-04T16:40,54769.24,45573.16,2019-08-05T03:17,21.90,0.00,2019-08-04T12:05,0.07,22.00,1.0,NaN,4.60
2019-08-05,0,26.6,9.2,7.7,25.9,NaN,NaN,17.3,25.2,336,2019-08-05T05:29,27.22,0.169,2019-08-05T18:02,54579.27,50974.87,2019-08-06T03:15,0.00,0.00,2019-08-05T12:07,0.00,0.00,0.0,NaN,5.31
2019-08-06,51,25.3,12.1,11.5,22.8,NaN,NaN,18.4,26.6,5,2019-08-06T05:52,20.37,0.206,2019-08-06T19:21,54388.09,45155.02,2019-08-07T03:14,0.40,0.00,2019-08-06T12:08,0.00,0.40,1.0,NaN,3.74
2019-08-07,61,20.6,10.9,9.3,21.6,NaN,NaN,20.7,30.6,137,2019-08-07T06:14,20.06,0.242,2019-08-07T20:38,54195.60,15881.89,2019-08-08T03:12,2.60,0.00,2019-08-07T12:10,0.00,2.60,3.0,NaN,2.99
2019-08-08,1,27.9,11.9,11.7,27.3,NaN,NaN,16.8,24.1,80,2019-08-08T06:40,26.31,0.277,2019-08-08T21:52,54000.28,49337.31,2019-08-09T03:10,0.00,0.00,2019-08-08T12:11,0.00,0.00,0.0,NaN,4.79
2019-08-09,3,28.0,13.1,11.1,25.4,NaN,NaN,19.9,45.0,12,2019-08-09T07:09,14.77,0.310,2019-08-09T23:02,53802.10,13471.78,2019-08-10T03:08,0.00,0.00,2019-08-09T12:13,0.00,0.00,0.0,NaN,2.83
2019-08-10,51,14.0,9.7,7.7,11.8,NaN,NaN,17.1,27.0,102,2019-08-10T07:43,13.63,0.343,,53601.25,6968.64,2019-08-11T03:06,2.40,0.00,2019-08-10T12:14,0.00,2.40,6.0,NaN,1.85
2019-08-11,3,15.8,10.1,8.4,15.9,NaN,NaN,17.2,39.6,141,2019-08-11T08:24,10.53,0.375,2019-08-11T00:07,53397.95,7200.00,2019-08-12T03:05,0.00,0.00,2019-08-11T12:16,0.00,0.00,0.0,NaN,1.80
2019-08-12,3,15.7,11.1,10.2,15.1,NaN,NaN,15.4,35.3,359,2019-08-12T09:13,13.44,0.407,2019-08-12T01:04,53192.40,3600.00,2019-08-13T03:03,0.00,0.00,2019-08-12T12:17,0.00,0.00,0.0,NaN,1.99
2019-08-13,61,19.1,11.2,10.3,20.1,NaN,NaN,12.5,17.3,117,2019-08-13T10:09,21.16,0.438,2019-08-13T01:52,52984.82,35815.11,2019-08-14T03:01,5.40,0.00,2019-08-13T12:19,0.00,5.40,4.0,NaN,3.39
2019-08-14,0,20.9,9.0,7.8,20.5,NaN,NaN,12.4,23.4,287,2019-08-14T11:10,25.24,0.469,2019-08-14T02:30,52775.38,46978.20,2019-08-15T02:59,0.00,0.00,2019-08-14T12:20,0.00,0.00,0.0,NaN,4.16
2019-08-15,0,23.9,9.5,7.6,22.1,NaN,NaN,11.6,25.9,275,2019-08-15T12:14,24.75,0.499,2019-08-15T03:03,52564.28,48582.24,2019-08-16T02:57,0.00,0.00,2019-08-15T12:22,0.00,0.00,0.0,NaN,4.52
2019-08-16,53,24.0,11.2,7.5,21.9,NaN,NaN,29.6,46.1,318,2019-08-16T13:20,19.30,0.530,2019-08-16T03:29,52351.70,32496.68,2019-08-17T02:55,0.70,0.00,2019-08-16T12:24,0.00,0.70,1.0,NaN,3.30
2019-08-17,0,18.0,4.9,2.6,14.8,NaN,NaN,24.3,42.8,286,2019-08-17T14:25,23.30,0.560,2019-08-17T03:51,52137.82,44671.12,2019-08-18T02:53,0.00,0.00,2019-08-17T12:25,0.00,0.00,0.0,NaN,3.53
2019-08-18,2,24.7,9.5,7.6,22.5,NaN,NaN,15.5,33.1,241,2019-08-18T15:31,23.77,0.590,2019-08-18T04:10,51922.81,47923.99,2019-08-19T02:51,0.00,0.00,2019-08-18T12:27,0.00,0.00,0.0,NaN,4.60
2019-08-19,0,25.1,7.0,4.8,22.4,NaN,NaN,13.1,31.3,16,2019-08-19T16:35,23.76,0.621,2019-08-19T04:28,51706.85,47193.14,2019-08-20T02:49,0.00,0.00,2019-08-19T12:28,0.00,0.00,0.0,NaN,4.09
2019-08-20,1,25.0,8.4,6.4,23.4,NaN,NaN,18.3,27.7,141,2019-08-20T17:42,23.89,0.651,2019-08-20T04:46,51490.09,46175.66,2019-08-21T02:47,0.00,0.00,2019-08-20T12:30,0.00,0.00,0.0,NaN,4.43
2019-08-21,3,30.7,10.5,9.0,27.9,NaN,NaN,20.2,39.2,160,2019-08-21T18:48,23.85,0.682,2019-08-21T05:05,51272.69,43200.00,2019-08-22T02:45,0.00,0.00,2019-08-21T12:31,0.00,0.00,0.0,NaN,5.41
2019-08-22,51,30.4,15.0,13.2,27.0,NaN,NaN,17.3,37.8,43,2019-08-22T19:57,19.96,0.714,2019-08-22T05:25,51054.81,33498.92,2019-08-23T02:43,0.40,0.00,2019-08-22T12:33,0.00,0.40,1.0,NaN,4.12
2019-08-23,51,22.8,11.1,9.8,21.7,NaN,NaN,22.0,47.2,162,2019-08-23T21:07,20.62,0.746,2019-08-23T05:49,50836.62,39600.00,2019-08-24T02:41,0.40,0.00,2019-08-23T12:35,0.00,0.40,1.0,NaN,3.65
2019-08-24,3,21.7,10.0,8.5,20.8,NaN,NaN,12.0,30.6,309,2019-08-24T22:17,21.21,0.779,2019-08-24T06:18,50618.23,41811.04,2019-08-25T02:38,0.00,0.00,2019-08-24T12:36,0.00,0.00,0.0,NaN,3.75
2019-08-25,65,20.2,7.5,5.8,17.1,NaN,NaN,23.3,40.0,347,2019-08-25T23:25,18.61,0.813,2019-08-25T06:55,50399.81,31576.98,2019-08-26T02:36,18.70,0.00,2019-08-25T12:38,0.00,18.70,2.0,NaN,3.26
2019-08-26,2,16.8,6.9,4.9,13.8,NaN,NaN,23.0,35.3,317,,21.68,0.849,2019-08-26T07:44,50181.50,39323.33,2019-08-27T02:34,0.00,0.00,2019-08-26T12:39,0.00,0.00,0.0,NaN,3.35
2019-08-27,1,21.6,3.6,1.4,19.6,NaN,NaN,14.8,22.0,246,2019-08-27T00:26,22.34,0.886,2019-08-27T08:44,49963.15,46800.00,2019-08-28T02:32,0.00,0.00,2019-08-27T12:41,0.00,0.00,0.0,NaN,3.73
2019-08-28,1,22.8,11.4,9.0,20.1,NaN,NaN,18.0,32.8,343,2019-08-28T01:19,19.86,0.924,2019-08-28T09:58,49743.23,46800.00,2019-08-29T02:30,0.00,0.00,2019-08-28T12:42,0.00,0.00,0.0,NaN,3.77
2019-08-29,3,20.2,10.2,7.6,17.6,NaN,NaN,18.0,31.3,124,2019-08-29T02:02,19.73,0.963,2019-08-29T11:20,49521.64,32400.00,2019-08-30T02:28,0.00,0.00,2019-08-29T12:44,0.00,0.00,0.0,NaN,3.73
2019-08-30,2,19.8,7.3,5.4,18.7,NaN,NaN,19.2,35.6,103,2019-08-30T02:36,20.87,0.002,2019-08-30T12:46,49298.53,43200.00,2019-08-31T02:26,0.00,0.00,2019-08-30T12:45,0.00,0.00,0.0,NaN,3.73
2019-08-31,51,19.4,7.3,5.9,17.7,NaN,NaN,16.0,16.9,350,2019-08-31T03:05,18.03,0.042,2019-08-31T14:12,49074.07,27743.62,2019-09-01T02:24,1.20,0.00,2019-08-31T12:47,0.00,1.20,3.0,NaN,2.83
2019-09-01,45,15.4,11.1,10.3,14.7,NaN,NaN,14.3,22.0,120,2019-09-01T03:30,11.30,0.081,2019-09-01T15:38,48848.41,6438.50,2019-09-02T02:21,0.00,0.00,2019-09-01T12:49,0.00,0.00,0.0,NaN,1.59
2019-09-02,2,20.6,10.1,8.2,19.0,NaN,NaN,21.7,43.9,331,2019-09-02T03:53,19.94,0.120,2019-09-02T17:00,48621.71,39600.00,2019-09-03T02:19,0.00,0.00,2019-09-02T12:50,0.00,0.00,0.0,NaN,3.26
2019-09-03,1,25.1,6.2,4.3,26.2,NaN,NaN,10.3,27.4,171,2019-09-03T04:16,21.11,0.157,2019-09-03T18:21,48394.10,45164.42,2019-09-04T02:17,0.00,0.00,2019-09-03T12:52,0.00,0.00,0.0,NaN,3.89
2019-09-04,3,24.4,10.4,8.3,22.0,NaN,NaN,21.3,40.7,329,2019-09-04T04:41,20.47,0.194,2019-09-04T19:40,48165.75,43200.00,2019-09-05T02:15,0.00,0.00,2019-09-04T12:53,0.00,0.00,0.0,NaN,4.51
2019-09-05,51,23.3,8.9,7.5,21.2,NaN,NaN,15.3,23.8,22,2019-09-05T05:10,18.60,0.229,2019-09-05T20:53,47936.78,35949.84,2019-09-06T02:12,0.40,0.00,2019-09-05T12:55,0.00,0.40,1.0,NaN,3.39
2019-09-06,3,21.1,8.6,6.6,18.9,NaN,NaN,19.3,41.8,144,2019-09-06T05:43,13.80,0.262,2019-09-06T22:01,47707.35,14256.54,2019-09-07T02:10,0.00,0.00,2019-09-06T12:56,0.00,0.00,0.0,NaN,2.78
2019-09-07,45,24.0,11.0,9.8,22.5,NaN,NaN,22.4,41.8,168,2019-09-07T06:22,17.69,0.295,2019-09-07T23:01,47477.58,25200.00,2019-09-08T02:08,0.00,0.00,2019-09-07T12:58,0.00,0.00,0.0,NaN,3.18
2019-09-08,3,24.1,11.0,9.2,22.1,NaN,NaN,17.4,28.1,63,2019-09-08T07:09,7.99,0.327,2019-09-08T23:51,47247.62,7200.00,2019-09-09T02:06,0.00,0.00,2019-09-08T13:00,0.00,0.00,0.0,NaN,1.82
2019-09-09,55,15.4,8.9,6.6,14.8,NaN,NaN,16.6,31.3,52,2019-09-09T08:02,7.23,0.358,,47017.60,2913.86,2019-09-10T02:03,3.80,0.00,2019-09-09T13:01,0.00,3.80,6.0,NaN,1.09
2019-09-10,63,10.0,6.0,3.7,8.0,NaN,NaN,12.6,25.2,82,2019-09-10T09:02,7.86,0.388,2019-09-10T00:32,46787.63,0.00,2019-09-11T02:01,17.00,0.00,2019-09-10T13:03,0.00,17.00,15.0,NaN,1.07
2019-09-11,51,14.2,6.2,4.4,12.3,NaN,NaN,13.6,19.8,147,2019-09-11T10:05,12.39,0.419,2019-09-11T01:06,46557.87,8062.85,2019-09-12T01:59,0.40,0.00,2019-09-11T13:04,0.00,0.40,1.0,NaN,1.67
2019-09-12,1,20.8,4.3,1.6,18.5,NaN,NaN,13.0,26.6,189,2019-09-12T11:11,18.46,0.449,2019-09-12T01:34,46328.42,42496.58,2019-09-13T01:57,0.00,0.00,2019-09-12T13:06,0.00,0.00,0.0,NaN,3.10
2019-09-13,63,20.3,8.8,6.7,17.6,NaN,NaN,23.7,36.0,244,2019-09-13T12:16,13.85,0.479,2019-09-13T01:56,46099.43,18000.00,2019-09-14T01:54,4.70,0.00,2019-09-13T13:07,0.00,4.70,2.0,NaN,2.88
2019-09-14,3,19.7,6.7,3.7,16.6,NaN,NaN,20.0,45.7,242,2019-09-14T13:22,16.01,0.509,2019-09-14T02:16,45871.01,31510.17,2019-09-15T01:52,0.00,0.00,2019-09-14T13:09,0.00,0.00,0.0,NaN,3.17
2019-09-15,3,22.1,10.7,8.2,19.3,NaN,NaN,16.1,37.4,220,2019-09-15T14:27,16.86,0.540,2019-09-15T02:34,45643.29,28800.00,2019-09-16T01:50,0.00,0.00,2019-09-15T13:11,0.00,0.00,0.0,NaN,3.51
2019-09-16,45,21.0,8.4,6.0,18.4,NaN,NaN,18.9,32.4,171,2019-09-16T15:34,16.36,0.570,2019-09-16T02:52,45416.11,32400.00,2019-09-17T01:48,0.00,0.00,2019-09-16T13:12,0.00,0.00,0.0,NaN,3.21
2019-09-17,2,19.1,8.2,7.0,17.7,NaN,NaN,12.7,24.8,346,2019-09-17T16:40,15.22,0.601,2019-09-17T03:10,45187.93,33012.20,2019-09-18T01:45,0.00,0.00,2019-09-17T13:14,0.00,0.00,0.0,NaN,2.45
2019-09-18,1,15.1,4.7,2.5,13.2,NaN,NaN,8.8,18.7,31,2019-09-18T17:48,16.26,0.632,2019-09-18T03:30,44958.61,40044.14,2019-09-19T01:43,0.00,0.00,2019-09-18T13:15,0.00,0.00,0.0,NaN,2.37
2019-09-19,51,15.3,6.9,5.4,13.0,NaN,NaN,12.0,24.1,167,2019-09-19T18:57,16.43,0.664,2019-09-19T03:52,44728.30,32814.00,2019-09-20T01:41,0.40,0.00,2019-09-19T13:17,0.00,0.40,1.0,NaN,2.39
2019-09-20,2,14.6,5.8,3.7,11.7,NaN,NaN,21.2,34.2,340,2019-09-20T20:06,15.06,0.696,2019-09-20T04:18,44497.12,39600.00,2019-09-21T01:39,0.00,0.00,2019-09-20T13:18,0.00,0.00,0.0,NaN,2.31
2019-09-21,1,19.4,3.0,0.2,17.0,NaN,NaN,21.0,31.3,278,2019-09-21T21:13,16.34,0.729,2019-09-21T04:51,44265.21,38054.47,2019-09-22T01:36,0.00,0.00,2019-09-21T13:20,0.00,0.00,0.0,NaN,2.59
2019-09-22,0,22.2,7.0,4.4,18.8,NaN,NaN,21.1,33.8,261,2019-09-22T22:15,16.70,0.763,2019-09-22T05:34,44032.72,41177.90,2019-09-23T01:34,0.00,0.00,2019-09-22T13:21,0.00,0.00,0.0,NaN,3.29
2019-09-23,3,19.9,7.6,6.2,16.3,NaN,NaN,17.3,46.1,231,2019-09-23T23:10,13.36,0.798,2019-09-23T06:27,43799.78,34264.96,2019-09-24T01:32,0.00,0.00,2019-09-23T13:23,0.00,0.00,0.0,NaN,2.63
2019-09-24,2,14.3,5.9,3.2,11.6,NaN,NaN,25.1,48.2,280,2019-09-24T23:55,13.10,0.835,2019-09-24T07:33,43566.52,29857.85,2019-09-25T01:29,0.00,0.00,2019-09-24T13:25,0.00,0.00,0.0,NaN,2.59
2019-09-25,2,15.9,3.4,0.1,11.9,NaN,NaN,23.7,45.7,279,,14.21,0.872,2019-09-25T08:49,43333.07,32671.26,2019-09-26T01:27,0.00,0.00,2019-09-25T13:26,0.00,0.00,0.0,NaN,2.63
2019-09-26,51,14.6,6.5,1.7,9.2,NaN,NaN,29.9,43.9,317,2019-09-26T00:32,12.14,0.910,2019-09-26T10:12,43099.58,20906.80,2019-09-27T01:25,1.20,0.00,2019-09-26T13:28,0.00,1.20,3.0,NaN,1.90
2019-09-27,75,6.4,1.3,-2.6,2.1,NaN,NaN,19.4,38.5,342,2019-09-27T01:02,6.62,0.950,2019-09-27T11:38,42866.17,7200.00,2019-09-28T01:22,3.70,0.00,2019-09-27T13:29,1.47,5.80,2.0,NaN,0.84
2019-09-28,3,2.0,-2.5,-8.3,-4.2,NaN,NaN,30.7,43.6,30,2019-09-28T01:29,10.91,0.989,2019-09-28T13:05,42632.98,7200.00,2019-09-29T01:20,0.00,0.00,2019-09-28T13:31,0.00,0.00,0.0,NaN,1.04
2019-09-29,73,-1.1,-3.5,-8.2,-5.0,NaN,NaN,22.2,41.4,25,2019-09-29T01:52,14.42,0.029,2019-09-29T14:30,42400.13,5370.83,2019-09-30T01:18,2.10,0.00,2019-09-29T13:33,4.20,8.10,17.0,NaN,0.83
2019-09-30,73,-0.6,-3.5,-7.5,-4.1,NaN,NaN,17.6,34.9,14,2019-09-30T02:15,12.97,0.068,2019-09-30T15:54,42167.77,9624.17,2019-10-01T01:16,1.10,0.00,2019-09-30T13:34,2.17,4.20,9.0,NaN,1.05
2019-10-01,1,1.4,-11.7,-15.9,-1.7,NaN,NaN,8.4,25.9,158,2019-10-01T02:40,14.79,0.105,2019-10-01T17:17,41936.03,32400.00,2019-10-02T01:13,0.00,0.00,2019-10-01T13:36,0.00,0.00,0.0,NaN,1.21
2019-10-02,1,8.4,-5.0,-9.3,5.4,NaN,NaN,12.5,16.9,162,2019-10-02T03:07,14.52,0.142,2019-10-02T18:35,41705.05,36000.00,2019-10-03T01:11,0.00,0.00,2019-10-02T13:37,0.00,0.00,0.0,NaN,1.66
2019-10-03,45,11.1,-0.7,-4.2,8.3,NaN,NaN,13.3,19.8,155,2019-10-03T03:39,13.29,0.177,2019-10-03T19:49,41474.97,36000.00,2019-10-04T01:09,0.00,0.00,2019-10-03T13:39,0.00,0.00,0.0,NaN,1.77
2019-10-04,1,13.2,-0.0,-3.2,8.6,NaN,NaN,23.7,37.4,277,2019-10-04T04:16,13.31,0.211,2019-10-04T20:54,41245.92,32400.00,2019-10-05T01:07,0.00,0.00,2019-10-04T13:41,0.00,0.00,0.0,NaN,2.10
2019-10-05,3,12.9,2.9,-1.5,7.1,NaN,NaN,24.7,47.9,291,2019-10-05T05:02,11.75,0.244,2019-10-05T21:49,41018.06,25285.63,2019-10-06T01:05,0.00,0.00,2019-10-05T13:42,0.00,0.00,0.0,NaN,2.61
2019-10-06,0,16.7,2.7,-0.9,10.8,NaN,NaN,25.0,43.6,280,2019-10-06T05:54,13.51,0.275,2019-10-06T22:33,40791.22,36000.00,2019-10-07T01:02,0.00,0.00,2019-10-06T13:44,0.00,0.00,0.0,NaN,3.07
2019-10-07,3,17.3,3.7,-0.5,13.3,NaN,NaN,21.7,64.8,222,2019-10-07T06:53,8.58,0.306,2019-10-07T23:10,40563.72,13883.00,2019-10-08T01:00,0.00,0.00,2019-10-07T13:46,0.00,0.00,0.0,NaN,2.29
2019-10-08,73,15.5,-4.8,-10.9,11.3,NaN,NaN,30.8,58.7,2,2019-10-08T07:56,11.28,0.337,2019-10-08T23:39,40335.43,2753.38,2019-10-09T00:58,1.90,0.00,2019-10-08T13:47,3.08,6.30,11.0,NaN,1.10
2019-10-09,3,-3.0,-10.1,-15.0,-7.5,NaN,NaN,23.1,40.0,326,2019-10-09T09:01,12.99,0.367,,40106.49,32400.00,2019-10-10T00:56,0.00,0.00,2019-10-09T13:49,0.00,0.00,0.0,NaN,0.97
2019-10-10,45,4.7,-12.3,-16.3,0.1,NaN,NaN,11.6,22.3,230,2019-10-10T10:06,13.02,0.397,2019-10-10T00:02,39877.05,36000.00,2019-10-11T00:54,0.00,0.00,2019-10-10T13:50,0.00,0.00,0.0,NaN,1.27
2019-10-11,0,6.7,-7.6,-11.6,3.1,NaN,NaN,9.4,11.2,230,2019-10-11T11:12,12.62,0.427,2019-10-11T00:23,39647.27,32400.00,2019-10-12T00:52,0.00,0.00,2019-10-11T13:52,0.00,0.00,0.0,NaN,1.41
2019-10-12,1,13.1,-5.0,-9.8,9.8,NaN,NaN,12.1,19.8,179,2019-10-12T12:18,12.35,0.458,2019-10-12T00:41,39417.31,36000.00,2019-10-13T00:49,0.00,0.00,2019-10-12T13:54,0.00,0.00,0.0,NaN,1.78
2019-10-13,0,11.1,-0.1,-3.6,7.9,NaN,NaN,9.7,15.5,346,2019-10-13T13:25,9.79,0.488,2019-10-13T00:59,39187.31,18792.13,2019-10-14T00:47,0.00,0.00,2019-10-13T13:55,0.00,0.00,0.0,NaN,1.32
2019-10-14,73,7.2,1.5,-3.8,4.8,NaN,NaN,25.2,47.5,348,2019-10-14T14:31,9.97,0.519,2019-10-14T01:17,38957.44,21600.00,2019-10-15T00:45,2.30,0.00,2019-10-14T13:57,0.42,2.90,2.0,NaN,1.08
2019-10-15,45,7.0,-1.5,-6.2,3.4,NaN,NaN,21.2,47.2,161,2019-10-15T15:40,9.30,0.551,2019-10-15T01:35,38727.86,19792.48,2019-10-16T00:43,0.00,0.00,2019-10-15T13:59,0.00,0.00,0.0,NaN,1.02
2019-10-16,3,17.0,4.4,0.6,13.8,NaN,NaN,13.3,28.8,241,2019-10-16T16:49,10.63,0.582,2019-10-16T01:56,38498.74,29499.46,2019-10-17T00:41,0.00,0.00,2019-10-16T14:00,0.00,0.00,0.0,NaN,2.06
2019-10-17,3,15.5,5.0,1.6,12.4,NaN,NaN,25.6,45.4,243,2019-10-17T17:59,9.33,0.614,2019-10-17T02:21,38270.23,14400.00,2019-10-18T00:39,0.00,0.00,2019-10-17T14:02,0.00,0.00,0.0,NaN,2.03
2019-10-18,3,11.3,1.1,-2.6,4.8,NaN,NaN,31.2,54.4,273,2019-10-18T19:07,9.28,0.647,2019-10-18T02:51,38042.52,19184.37,2019-10-19T00:37,0.00,0.00,2019-10-18T14:04,0.00,0.00,0.0,NaN,1.98
2019-10-19,3,8.7,1.0,-2.6,3.7,NaN,NaN,22.7,41.0,298,2019-10-19T20:10,9.62,0.680,2019-10-19T03:30,37815.78,28105.08,2019-10-20T00:35,0.00,0.00,2019-10-19T14:06,0.00,0.00,0.0,NaN,1.60
2019-10-20,0,7.0,-5.7,-9.7,2.8,NaN,NaN,10.9,25.9,252,2019-10-20T21:06,10.14,0.714,2019-10-20T04:18,37590.17,28792.77,2019-10-21T00:32,0.00,0.00,2019-10-20T14:07,0.00,0.00,0.0,NaN,1.19
2019-10-21,3,10.0,-3.0,-6.5,4.6,NaN,NaN,21.2,38.2,259,2019-10-21T21:53,10.01,0.749,2019-10-21T05:19,37365.89,31499.79,2019-10-22T00:30,0.00,0.00,2019-10-21T14:09,0.00,0.00,0.0,NaN,1.49
2019-10-22,3,11.2,-0.7,-4.1,4.5,NaN,NaN,36.4,60.8,285,2019-10-22T22:31,9.66,0.785,2019-10-22T06:29,37143.13,27597.30,2019-10-23T00:28,0.00,0.00,2019-10-22T14:11,0.00,0.00,0.0,NaN,1.82
2019-10-23,3,6.6,-0.5,-5.4,1.8,NaN,NaN,31.5,53.6,339,2019-10-23T23:03,10.22,0.821,2019-10-23T07:48,36922.07,31294.16,2019-10-24T00:26,0.00,0.00,2019-10-23T14:12,0.00,0.00,0.0,NaN,1.47
2019-10-24,3,14.7,-3.4,-7.6,9.0,NaN,NaN,27.2,54.0,257,2019-10-24T23:29,9.34,0.859,2019-10-24T09:10,36702.90,34791.33,2019-10-25T00:25,0.00,0.00,2019-10-24T14:14,0.00,0.00,0.0,NaN,1.88
2019-10-25,3,16.2,5.7,2.2,10.7,NaN,NaN,36.2,80.6,249,2019-10-25T23:53,9.23,0.897,2019-10-25T10:33,36485.83,21600.00,2019-10-26T00:23,0.00,0.00,2019-10-25T14:16,0.00,0.00,0.0,NaN,2.24
2019-10-26,3,7.2,-2.2,-9.3,1.7,NaN,NaN,41.1,69.1,343,,6.42,0.936,2019-10-26T11:58,36270.72,5785.73,2019-10-27T00:21,0.00,0.00,2019-10-26T14:17,0.00,0.00,0.0,NaN,1.11
2019-10-27,2,3.0,-6.8,-11.8,-2.8,NaN,NaN,24.2,51.8,325,2019-10-27T00:15,8.87,0.975,2019-10-27T13:23,36055.71,25325.97,2019-10-28T00:19,0.00,0.00,2019-10-27T14:19,0.00,0.00,0.0,NaN,1.08
2019-10-28,73,-0.0,-11.1,-19.3,-4.4,NaN,NaN,32.9,52.9,355,2019-10-28T00:38,9.68,0.013,2019-10-28T14:46,35840.64,25354.88,2019-10-29T00:17,0.20,0.00,2019-10-28T14:21,0.42,0.80,2.0,NaN,0.60
2019-10-29,45,-4.4,-16.8,-21.6,-8.9,NaN,NaN,19.6,43.2,290,2019-10-29T01:04,9.48,0.051,2019-10-29T16:09,35625.69,32386.04,2019-10-30T00:15,0.00,0.00,2019-10-29T14:23,0.00,0.00,0.0,NaN,0.70
2019-10-30,0,1.9,-11.9,-15.9,-2.4,NaN,NaN,11.0,38.5,261,2019-10-30T01:33,8.18,0.087,2019-10-30T17:28,35411.07,28729.12,2019-10-31T00:13,0.00,0.00,2019-10-30T14:24,0.00,0.00,0.0,NaN,0.83
2019-10-31,3,2.9,-3.5,-7.6,-3.0,NaN,NaN,25.3,49.7,314,2019-10-31T02:08,8.20,0.122,2019-10-31T18:39,35196.97,29576.06,2019-11-01T00:12,0.00,0.00,2019-10-31T14:26,0.00,0.00,0.0,NaN,0.86
2019-11-01,1,6.0,-6.2,-10.4,2.2,NaN,NaN,15.3,32.0,286,2019-11-01T02:51,8.22,0.156,2019-11-01T19:41,34983.60,30037.76,2019-11-02T00:10,0.00,0.00,2019-11-01T14:28,0.00,0.00,0.0,NaN,0.99
2019-11-02,2,8.9,-1.2,-4.8,6.5,NaN,NaN,10.5,21.6,235,2019-11-02T03:42,7.04,0.189,2019-11-02T20:31,34771.16,25284.24,2019-11-03T00:08,0.00,0.00,2019-11-02T14:30,0.00,0.00,0.0,NaN,1.03
2019-11-03,3,5.4,0.6,-3.6,2.8,NaN,NaN,18.4,37.4,333,2019-11-03T04:39,3.58,0.221,2019-11-03T21:11,34559.88,0.00,2019-11-04T00:06,0.00,0.00,2019-11-03T14:31,0.00,0.00,0.0,NaN,0.43
2019-11-04,73,0.2,-2.7,-6.4,-3.6,NaN,NaN,12.6,22.3,149,2019-11-04T05:43,4.76,0.252,2019-11-04T21:43,34349.97,0.00,2019-11-05T00:04,0.30,0.00,2019-11-04T14:33,0.63,1.20,3.0,NaN,0.41
2019-11-05,3,-0.3,-8.8,-14.6,-3.7,NaN,NaN,29.6,47.9,22,2019-11-05T06:47,6.20,0.282,2019-11-05T22:08,34141.65,5928.65,2019-11-06T00:03,0.00,0.00,2019-11-05T14:35,0.00,0.00,0.0,NaN,0.36
2019-11-06,3,-6.4,-16.3,-21.5,-10.0,NaN,NaN,15.3,27.7,174,2019-11-06T07:54,7.97,0.313,2019-11-06T22:29,33935.17,28800.00,2019-11-07T00:01,0.00,0.00,2019-11-06T14:37,0.00,0.00,0.0,NaN,0.41
2019-11-07,3,5.9,-12.4,-17.1,3.2,NaN,NaN,11.2,18.4,204,2019-11-07T09:00,6.67,0.343,2019-11-07T22:48,33730.76,27120.04,2019-11-07T23:59,0.00,0.00,2019-11-07T14:38,0.00,0.00,0.0,NaN,0.69
2019-11-08,3,11.7,1.8,-1.6,9.8,NaN,NaN,11.6,49.3,315,2019-11-08T10:06,5.08,0.373,2019-11-08T23:06,33528.65,10800.00,2019-11-08T23:58,0.00,0.00,2019-11-08T14:40,0.00,0.00,0.0,NaN,1.04
2019-11-09,73,7.7,-7.1,-11.9,5.1,NaN,NaN,33.5,48.6,18,2019-11-09T11:12,3.67,0.404,2019-11-09T23:23,33329.12,0.00,2019-11-09T23:56,0.30,0.00,2019-11-09T14:42,0.56,1.10,2.0,NaN,0.41
2019-11-10,73,-7.9,-15.1,-19.9,-12.6,NaN,NaN,14.0,27.0,66,2019-11-10T12:19,7.14,0.434,2019-11-10T23:41,33132.41,21600.00,2019-11-10T23:55,1.40,0.00,2019-11-10T14:43,2.73,5.30,10.0,NaN,0.32
2019-11-11,2,-0.8,-19.9,-24.8,-4.0,NaN,NaN,12.5,18.7,200,2019-11-11T13:28,7.03,0.466,,32938.79,28800.00,2019-11-11T23:53,0.00,0.00,2019-11-11T14:45,0.00,0.00,0.0,NaN,0.53
2019-11-12,56,4.0,-4.9,-9.9,0.4,NaN,NaN,16.3,32.0,345,2019-11-12T14:38,4.81,0.498,2019-11-12T00:01,32748.53,3517.79,2019-11-12T23:52,2.90,0.00,2019-11-12T14:47,0.00,2.90,4.0,NaN,0.76
2019-11-13,2,8.5,-0.3,-3.9,4.9,NaN,NaN,13.4,34.9,257,2019-11-13T15:49,6.63,0.530,2019-11-13T00:24,32561.91,28800.00,2019-11-13T23:50,0.00,0.00,2019-11-13T14:49,0.00,0.00,0.0,NaN,0.84
2019-11-14,0,6.6,-3.3,-6.7,3.2,NaN,NaN,8.4,16.9,329,2019-11-14T16:59,5.87,0.563,2019-11-14T00:52,32379.21,27394.85,2019-11-14T23:49,0.00,0.00,2019-11-14T14:50,0.00,0.00,0.0,NaN,0.75
2019-11-15,51,9.0,0.1,-3.9,6.0,NaN,NaN,12.0,26.6,264,2019-11-15T18:06,4.77,0.597,2019-11-15T01:29,32200.38,17633.60,2019-11-15T23:48,0.40,0.00,2019-11-15T14:52,0.00,0.40,1.0,NaN,0.90
2019-11-16,3,7.4,0.5,-3.2,4.1,NaN,NaN,13.3,36.7,248,2019-11-16T19:05,5.75,0.631,2019-11-16T02:14,32023.54,22064.93,2019-11-16T23:46,0.00,0.00,2019-11-16T14:54,0.00,0.00,0.0,NaN,0.94
2019-11-17,3,14.5,1.4,-2.5,6.9,NaN,NaN,39.4,86.8,262,2019-11-17T19:55,5.91,0.665,2019-11-17T03:11,31848.57,25200.00,2019-11-17T23:45,0.00,0.00,2019-11-17T14:55,0.00,0.00,0.0,NaN,1.67
2019-11-18,3,10.8,1.9,-2.7,5.1,NaN,NaN,29.3,64.4,298,2019-11-18T20:34,5.76,0.701,2019-11-18T04:18,31675.67,22910.42,2019-11-18T23:44,0.00,0.00,2019-11-18T14:57,0.00,0.00,0.0,NaN,1.64
2019-11-19,75,3.3,-1.4,-5.3,-1.0,NaN,NaN,11.0,27.7,97,2019-11-19T21:07,3.07,0.736,2019-11-19T05:34,31505.07,0.00,2019-11-19T23:43,2.90,0.00,2019-11-19T14:58,4.83,9.80,9.0,NaN,0.38
2019-11-20,3,-1.2,-7.3,-10.9,-4.4,NaN,NaN,7.9,26.6,283,2019-11-20T21:34,6.02,0.772,2019-11-20T06:52,31337.00,26769.63,2019-11-20T23:42,0.00,0.00,2019-11-20T15:00,0.00,0.00,0.0,NaN,0.41
2019-11-21,1,-0.3,-11.0,-15.7,-3.6,NaN,NaN,13.8,16.6,205,2019-11-21T21:57,5.84,0.809,2019-11-21T08:13,31171.68,28284.80,2019-11-21T23:41,0.00,0.00,2019-11-21T15:02,0.00,0.00,0.0,NaN,0.54
2019-11-22,1,5.1,-5.5,-10.0,1.2,NaN,NaN,11.7,38.9,296,2019-11-22T22:18,5.82,0.846,2019-11-22T09:35,31009.37,28186.16,2019-11-22T23:39,0.00,0.00,2019-11-22T15:03,0.00,0.00,0.0,NaN,0.74
2019-11-23,3,9.6,1.5,-1.9,5.7,NaN,NaN,15.8,39.2,282,2019-11-23T22:40,4.33,0.884,2019-11-23T10:56,30850.30,7299.83,2019-11-23T23:38,0.00,0.00,2019-11-23T15:05,0.00,0.00,0.0,NaN,0.98
2019-11-24,3,6.1,1.7,-3.5,2.7,NaN,NaN,32.5,65.9,284,2019-11-24T23:03,5.10,0.921,2019-11-24T12:18,30694.71,20623.64,2019-11-24T23:37,0.00,0.00,2019-11-24T15:07,0.00,0.00,0.0,NaN,1.38
2019-11-25,1,0.1,-5.0,-8.9,-3.4,NaN,NaN,18.0,40.3,297,2019-11-25T23:30,5.31,0.959,2019-11-25T13:41,30542.87,27896.19,2019-11-25T23:37,0.00,0.00,2019-11-25T15:08,0.00,0.00,0.0,NaN,0.59
2019-11-26,1,-2.8,-7.7,-12.0,-6.5,NaN,NaN,14.0,21.2,359,,4.62,0.995,2019-11-26T15:01,30395.02,10005.79,2019-11-26T23:36,0.00,0.00,2019-11-26T15:10,0.00,0.00,0.0,NaN,0.31
2019-11-27,73,-7.6,-14.0,-19.9,-11.9,NaN,NaN,19.8,41.8,2,2019-11-27T00:01,3.81,0.031,2019-11-27T16:17,30251.45,918.11,2019-11-27T23:35,0.40,0.00,2019-11-27T15:11,0.84,1.60,4.0,NaN,0.21
2019-11-28,73,-13.0,-15.3,-20.8,-18.0,NaN,NaN,15.9,34.2,336,2019-11-28T00:40,4.69,0.066,2019-11-28T17:25,30112.39,14607.69,2019-11-28T23:34,1.50,0.00,2019-11-28T15:13,2.80,5.50,10.0,NaN,0.22
2019-11-29,1,-13.1,-20.9,-25.2,-17.1,NaN,NaN,12.2,15.1,315,2019-11-29T01:27,5.18,0.100,2019-11-29T18:22,29978.14,27529.95,2019-11-29T23:33,0.00,0.00,2019-11-29T15:14,0.00,0.00,0.0,NaN,0.21
2019-11-30,1,-11.2,-22.2,-27.2,-16.0,NaN,NaN,9.2,18.7,193,2019-11-30T02:23,4.88,0.132,2019-11-30T19:08,29848.95,27443.23,2019-11-30T23:33,0.00,0.00,2019-11-30T15:16,0.00,0.00,0.0,NaN,0.22
2019-12-01,0,1.0,-15.0,-20.3,-2.8,NaN,NaN,11.8,16.9,350,2019-12-01T03:26,5.17,0.164,2019-12-01T19:44,29725.11,27358.82,2019-12-01T23:32,0.00,0.00,2019-12-01T15:17,0.00,0.00,0.0,NaN,0.49
2019-12-02,3,2.6,-3.6,-8.2,-2.7,NaN,NaN,16.8,35.6,299,2019-12-02T04:31,4.76,0.195,2019-12-02T20:11,29606.91,27276.90,2019-12-02T23:31,0.00,0.00,2019-12-02T15:18,0.00,0.00,0.0,NaN,0.85
2019-12-03,3,6.9,-0.7,-5.2,2.6,NaN,NaN,19.3,42.8,280,2019-12-03T05:38,4.64,0.226,2019-12-03T20:34,29494.62,24531.30,2019-12-03T23:31,0.00,0.00,2019-12-03T15:20,0.00,0.00,0.0,NaN,1.06
2019-12-04,3,3.1,-4.3,-12.4,-0.9,NaN,NaN,36.7,48.6,17,2019-12-04T06:44,3.92,0.256,2019-12-04T20:54,29388.52,14359.90,2019-12-04T23:30,0.00,0.00,2019-12-04T15:21,0.00,0.00,0.0,NaN,0.48
2019-12-05,3,-4.0,-10.6,-15.1,-7.6,NaN,NaN,9.5,18.7,258,2019-12-05T07:51,4.63,0.286,2019-12-05T21:12,29288.65,26636.23,2019-12-05T23:30,0.00,0.00,2019-12-05T15:22,0.00,0.00,0.0,NaN,0.31
2019-12-06,2,-3.8,-12.0,-16.3,-7.6,NaN,NaN,12.0,15.8,328,2019-12-06T08:57,4.19,0.317,2019-12-06T21:29,29193.83,21600.00,2019-12-06T23:29,0.00,0.00,2019-12-06T15:23,0.00,0.00,0.0,NaN,0.34
2019-12-07,3,-3.0,-7.6,-13.5,-7.6,NaN,NaN,23.5,33.5,349,2019-12-07T10:03,2.45,0.347,2019-12-07T21:46,29103.95,5116.68,2019-12-07T23:29,0.00,0.00,2019-12-07T15:24,0.00,0.00,0.0,NaN,0.29
2019-12-08,73,-6.8,-17.7,-22.1,-12.1,NaN,NaN,15.0,24.8,92,2019-12-08T11:11,4.81,0.378,2019-12-08T22:05,29019.13,25200.00,2019-12-08T23:29,0.20,0.00,2019-12-08T15:26,0.42,0.80,2.0,NaN,0.23
2019-12-09,3,-6.2,-13.5,-18.1,-9.8,NaN,NaN,9.5,18.0,320,2019-12-09T12:20,4.00,0.410,2019-12-09T22:26,28939.48,8925.78,2019-12-09T23:29,0.00,0.00,2019-12-09T15:27,0.00,0.00,0.0,NaN,0.29
2019-12-10,3,-4.2,-10.9,-15.4,-7.7,NaN,NaN,9.4,14.4,111,2019-12-10T13:32,3.46,0.442,2019-12-10T22:52,28865.13,7189.97,2019-12-10T23:29,0.00,0.00,2019-12-10T15:28,0.00,0.00,0.0,NaN,0.27
2019-12-11,73,-6.7,-12.2,-16.5,-11.0,NaN,NaN,14.8,37.1,136,2019-12-11T14:44,3.07,0.476,2019-12-11T23:25,28796.20,0.00,2019-12-11T23:29,0.60,0.00,2019-12-11T15:29,1.19,2.30,5.0,NaN,0.20
2019-12-12,45,-6.9,-14.4,-19.4,-10.6,NaN,NaN,11.1,19.4,170,2019-12-12T15:54,3.25,0.510,,28732.81,3600.00,2019-12-12T23:28,0.00,0.00,2019-12-12T15:30,0.00,0.00,0.0,NaN,0.25
2019-12-13,3,-9.9,-14.2,-19.3,-14.1,NaN,NaN,12.2,21.6,94,2019-12-13T16:58,3.48,0.544,2019-12-13T00:08,28675.05,4337.48,2019-12-13T23:29,0.00,0.00,2019-12-13T15:31,0.00,0.00,0.0,NaN,0.18
2019-12-14,1,-4.5,-15.0,-19.5,-7.6,NaN,NaN,10.3,19.8,192,2019-12-14T17:53,3.84,0.580,2019-12-14T01:02,28623.06,18000.00,2019-12-14T23:29,0.00,0.00,2019-12-14T15:32,0.00,0.00,0.0,NaN,0.26
2019-12-15,45,-5.7,-12.8,-17.7,-9.7,NaN,NaN,9.5,18.0,283,2019-12-15T18:36,4.22,0.615,2019-12-15T02:07,28576.92,20809.89,2019-12-15T23:29,0.00,0.00,2019-12-15T15:32,0.00,0.00,0.0,NaN,0.28
2019-12-16,3,-2.5,-11.9,-16.5,-7.4,NaN,NaN,10.6,28.8,272,2019-12-16T19:12,4.52,0.651,2019-12-16T03:22,28536.76,25575.37,2019-12-16T23:29,0.00,0.00,2019-12-16T15:33,0.00,0.00,0.0,NaN,0.45
2019-12-17,3,1.8,-4.8,-9.3,-2.2,NaN,NaN,14.6,35.6,285,2019-12-17T19:40,1.26,0.688,2019-12-17T04:41,28502.67,0.00,2019-12-17T23:29,0.00,0.00,2019-12-17T15:34,0.00,0.00,0.0,NaN,0.52
2019-12-18,3,4.5,0.7,-3.2,0.7,NaN,NaN,14.6,25.2,271,2019-12-18T20:03,3.89,0.724,2019-12-18T06:01,28474.74,18000.00,2019-12-18T23:29,0.00,0.00,2019-12-18T15:35,0.00,0.00,0.0,NaN,0.77
2019-12-19,3,3.4,-3.4,-7.8,-2.4,NaN,NaN,25.6,66.2,259,2019-12-19T20:25,4.14,0.761,2019-12-19T07:22,28453.07,18000.00,2019-12-19T23:30,0.00,0.00,2019-12-19T15:35,0.00,0.00,0.0,NaN,0.63
2019-12-20,3,5.5,-2.2,-6.2,2.1,NaN,NaN,14.8,31.3,176,2019-12-20T20:45,4.35,0.797,2019-12-20T08:41,28437.76,25200.00,2019-12-20T23:30,0.00,0.00,2019-12-20T15:36,0.00,0.00,0.0,NaN,0.60
2019-12-21,71,0.9,-1.8,-6.0,-2.1,NaN,NaN,11.2,15.1,29,2019-12-21T21:07,2.45,0.834,2019-12-21T10:00,28428.87,5666.91,2019-12-21T23:31,0.70,0.00,2019-12-21T15:37,0.07,0.80,2.0,NaN,0.22
2019-12-22,57,-0.0,-5.4,-8.8,-3.7,NaN,NaN,17.3,25.2,333,2019-12-22T21:31,3.66,0.870,2019-12-22T11:20,28426.51,16512.49,2019-12-22T23:31,0.80,0.00,2019-12-22T15:37,0.21,1.10,1.0,NaN,0.27
2019-12-23,73,-0.6,-4.4,-7.9,-3.9,NaN,NaN,14.5,33.1,131,2019-12-23T21:59,3.58,0.905,2019-12-23T12:39,28430.73,16558.98,2019-12-23T23:32,0.50,0.00,2019-12-23T15:38,0.98,1.90,4.0,NaN,0.23
2019-12-24,45,-6.5,-14.0,-19.0,-10.2,NaN,NaN,10.5,16.2,175,2019-12-24T22:33,3.64,0.941,2019-12-24T13:56,28441.60,8692.57,2019-12-24T23:32,0.00,0.00,2019-12-24T15:38,0.00,0.00,0.0,NaN,0.21
2019-12-25,45,-6.4,-13.9,-18.2,-10.0,NaN,NaN,8.6,18.7,293,2019-12-25T23:16,4.57,0.975,2019-12-25T15:07,28459.23,25200.00,2019-12-25T23:33,0.00,0.00,2019-12-25T15:38,0.00,0.00,0.0,NaN,0.28
2019-12-26,0,-6.7,-14.9,-18.9,-10.7,NaN,NaN,6.2,17.3,309,,4.64,0.009,2019-12-26T16:09,28483.76,25200.00,2019-12-26T23:34,0.00,0.00,2019-12-26T15:39,0.00,0.00,0.0,NaN,0.27
2019-12-27,2,-2.0,-10.5,-14.6,-6.6,NaN,NaN,17.8,39.2,334,2019-12-27T00:08,4.29,0.043,2019-12-27T17:01,28515.09,18000.00,2019-12-27T23:34,0.00,0.00,2019-12-27T15:39,0.00,0.00,0.0,NaN,0.57
2019-12-28,0,-4.6,-12.5,-16.6,-9.1,NaN,NaN,9.0,18.4,278,2019-12-28T01:08,4.71,0.075,2019-12-28T17:41,28553.10,25200.00,2019-12-28T23:35,0.00,0.00,2019-12-28T15:39,0.00,0.00,0.0,NaN,0.34
2019-12-29,2,-1.1,-11.1,-16.4,-5.3,NaN,NaN,12.5,28.1,286,2019-12-29T02:13,4.09,0.107,2019-12-29T18:12,28597.64,18000.00,2019-12-29T23:36,0.00,0.00,2019-12-29T15:39,0.00,0.00,0.0,NaN,0.40
2019-12-30,1,-1.6,-10.5,-14.8,-6.1,NaN,NaN,10.0,27.7,235,2019-12-30T03:21,4.47,0.138,2019-12-30T18:38,28648.57,21600.00,2019-12-30T23:37,0.00,0.00,2019-12-30T15:39,0.00,0.00,0.0,NaN,0.35
2019-12-31,3,6.0,-3.1,-7.2,1.2,NaN,NaN,31.8,57.2,305,2019-12-31T04:28,2.49,0.168,2019-12-31T18:59,28705.74,0.00,2019-12-31T23:38,0.00,0.00,2019-12-31T15:39,0.00,0.00,0.0,NaN,1.05
2020-01-01,45,3.0,-2.7,-5.9,-1.0,NaN,NaN,10.8,31.3,292,2020-01-01T05:35,4.14,0.199,2020-01-01T19:17,28769.00,14790.73,2020-01-01T23:39,0.00,0.00,2020-01-01T15:39,0.00,0.00,0.0,NaN,0.49
2020-01-02,3,-1.2,-3.9,-9.4,-4.7,NaN,NaN,25.8,51.5,314,2020-01-02T06:41,5.00,0.229,2020-01-02T19:34,28838.21,25200.00,2020-01-02T23:40,0.00,0.00,2020-01-02T15:39,0.00,0.00,0.0,NaN,0.50
2020-01-03,3,0.1,-9.0,-13.9,-3.6,NaN,NaN,11.0,21.6,156,2020-01-03T07:47,3.59,0.259,2020-01-03T19:51,28913.19,10800.00,2020-01-03T23:41,0.00,0.00,2020-01-03T15:39,0.00,0.00,0.0,NaN,0.47
2020-01-04,3,5.5,-1.1,-5.3,0.3,NaN,NaN,23.9,52.2,166,2020-01-04T08:53,4.88,0.290,2020-01-04T20:08,28993.80,25239.43,2020-01-04T23:42,0.00,0.00,2020-01-04T15:39,0.00,0.00,0.0,NaN,1.07
2020-01-05,0,1.3,-7.7,-12.1,-4.9,NaN,NaN,28.7,66.6,242,2020-01-05T10:01,4.95,0.321,2020-01-05T20:28,29079.87,21629.92,2020-01-05T23:44,0.00,0.00,2020-01-05T15:38,0.00,0.00,0.0,NaN,0.92
2020-01-06,1,-2.2,-8.0,-12.7,-7.0,NaN,NaN,13.2,29.9,231,2020-01-06T11:11,5.11,0.352,2020-01-06T20:52,29171.26,25218.76,2020-01-06T23:45,0.00,0.00,2020-01-06T15:38,0.00,0.00,0.0,NaN,0.64
2020-01-07,73,-7.0,-12.5,-16.6,-11.7,NaN,NaN,14.8,32.0,111,2020-01-07T12:22,3.26,0.385,2020-01-07T21:21,29267.78,0.00,2020-01-07T23:46,0.50,0.00,2020-01-07T15:38,0.91,1.80,3.0,NaN,0.21
2020-01-08,45,-7.5,-11.4,-17.9,-11.4,NaN,NaN,28.5,49.7,19,2020-01-08T13:33,4.59,0.419,2020-01-08T21:59,29369.30,13125.18,2020-01-08T23:47,0.00,0.00,2020-01-08T15:37,0.00,0.00,0.0,NaN,0.21
2020-01-09,3,-13.3,-18.0,-22.6,-18.1,NaN,NaN,13.1,42.8,352,2020-01-09T14:41,5.25,0.453,2020-01-09T22:48,29475.63,25200.00,2020-01-09T23:49,0.00,0.00,2020-01-09T15:37,0.00,0.00,0.0,NaN,0.22
2020-01-10,3,-10.1,-20.4,-25.7,-14.0,NaN,NaN,11.8,25.9,175,2020-01-10T15:42,3.87,0.489,2020-01-10T23:50,29586.62,0.00,2020-01-10T23:50,0.00,0.00,2020-01-10T15:36,0.00,0.00,0.0,NaN,0.21
2020-01-11,3,-10.2,-20.1,-25.3,-14.3,NaN,NaN,17.3,30.6,359,2020-01-11T16:31,5.02,0.525,,29702.11,21600.00,2020-01-11T23:51,0.00,0.00,2020-01-11T15:36,0.00,0.00,0.0,NaN,0.26
2020-01-12,73,-17.1,-25.4,-30.6,-22.0,NaN,NaN,18.5,37.4,3,2020-01-12T17:11,4.49,0.562,2020-01-12T01:03,29821.93,4099.24,2020-01-12T23:53,0.30,0.00,2020-01-12T15:35,0.63,1.20,3.0,NaN,0.16
2020-01-13,73,-25.1,-27.3,-32.2,-30.5,NaN,NaN,10.8,16.9,26,2020-01-13T17:43,5.19,0.600,2020-01-13T02:23,29945.94,17682.09,2020-01-13T23:54,1.20,0.00,2020-01-13T15:34,2.38,4.60,9.0,NaN,0.12
2020-01-14,3,-27.7,-33.9,-39.1,-32.4,NaN,NaN,8.0,10.8,29,2020-01-14T18:08,5.50,0.638,2020-01-14T03:46,30074.23,20791.80,2020-01-14T23:56,0.00,0.00,2020-01-14T15:34,0.00,0.00,0.0,NaN,0.09
2020-01-15,1,-28.1,-37.4,-41.8,-32.7,NaN,NaN,7.4,11.2,98,2020-01-15T18:31,5.93,0.675,2020-01-15T05:09,30208.23,21863.37,2020-01-15T23:57,0.00,0.00,2020-01-15T15:33,0.00,0.00,0.0,NaN,0.09
2020-01-16,73,-27.6,-32.4,-38.0,-32.1,NaN,NaN,13.3,35.6,135,2020-01-16T18:52,5.55,0.712,2020-01-16T06:30,30347.90,21600.00,2020-01-16T23:59,0.10,0.00,2020-01-16T15:32,0.21,0.40,1.0,NaN,0.12
2020-01-17,73,-23.4,-29.3,-34.5,-28.2,NaN,NaN,14.8,30.2,346,2020-01-17T19:13,6.11,0.748,2020-01-17T07:50,30492.93,21600.00,2020-01-18T00:00,1.50,0.00,2020-01-17T15:31,2.73,5.40,9.0,NaN,0.14
2020-01-18,3,-20.8,-31.7,-37.0,-25.8,NaN,NaN,7.7,19.8,265,2020-01-18T19:36,4.87,0.784,2020-01-18T09:09,30643.03,4567.33,2020-01-19T00:02,0.00,0.00,2020-01-18T15:30,0.00,0.00,0.0,NaN,0.13
2020-01-19,3,-3.6,-23.8,-29.1,-6.9,NaN,NaN,14.4,19.4,177,2020-01-19T20:02,5.75,0.820,2020-01-19T10:27,30797.91,25249.77,2020-01-20T00:03,0.00,0.00,2020-01-19T15:29,0.00,0.00,0.0,NaN,0.44
2020-01-20,3,2.0,-4.7,-8.9,-1.1,NaN,NaN,10.4,13.0,252,2020-01-20T20:33,4.44,0.854,2020-01-20T11:43,30957.28,3418.23,2020-01-21T00:05,0.00,0.00,2020-01-20T15:28,0.00,0.00,0.0,NaN,0.60
2020-01-21,3,1.6,-4.4,-8.7,-1.5,NaN,NaN,12.9,18.0,240,2020-01-21T21:12,5.76,0.888,2020-01-21T12:55,31120.85,18000.00,2020-01-22T00:07,0.00,0.00,2020-01-21T15:27,0.00,0.00,0.0,NaN,0.64
2020-01-22,3,3.9,-2.9,-7.1,-1.2,NaN,NaN,21.6,55.4,261,2020-01-22T21:59,6.47,0.922,2020-01-22T13:59,31288.33,25200.00,2020-01-23T00:08,0.00,0.00,2020-01-22T15:26,0.00,0.00,0.0,NaN,0.82
2020-01-23,3,1.6,-7.4,-12.2,-2.1,NaN,NaN,9.8,18.4,163,2020-01-23T22:55,5.81,0.955,2020-01-23T14:54,31459.47,21600.00,2020-01-24T00:10,0.00,0.00,2020-01-23T15:25,0.00,0.00,0.0,NaN,0.64
2020-01-24,3,4.9,0.8,-2.1,1.6,NaN,NaN,11.9,26.3,251,2020-01-24T23:58,4.43,0.987,2020-01-24T15:38,31633.97,1455.87,2020-01-25T00:12,0.00,0.00,2020-01-24T15:24,0.00,0.00,0.0,NaN,0.68
2020-01-25,3,6.4,-0.1,-4.1,2.3,NaN,NaN,14.2,40.0,280,,6.87,0.019,2020-01-25T16:12,31811.60,27060.08,2020-01-26T00:14,0.00,0.00,2020-01-25T15:22,0.00,0.00,0.0,NaN,1.04
2020-01-26,0,2.8,-6.2,-10.5,-1.1,NaN,NaN,11.9,19.4,202,2020-01-26T01:05,6.64,0.050,2020-01-26T16:40,31992.08,29963.54,2020-01-27T00:15,0.00,0.00,2020-01-26T15:21,0.00,0.00,0.0,NaN,0.72
2020-01-27,1,6.0,-3.5,-7.6,0.9,NaN,NaN,19.9,47.2,293,2020-01-27T02:13,5.54,0.081,2020-01-27T17:03,32175.18,11371.09,2020-01-28T00:17,0.00,0.00,2020-01-27T15:20,0.00,0.00,0.0,NaN,0.89
2020-01-28,3,3.3,-4.1,-8.0,-0.1,NaN,NaN,10.5,34.2,238,2020-01-28T03:21,6.00,0.111,2020-01-28T17:22,32360.64,14400.00,2020-01-29T00:19,0.00,0.00,2020-01-28T15:18,0.00,0.00,0.0,NaN,0.73
2020-01-29,3,2.1,-7.5,-12.5,-2.2,NaN,NaN,13.0,15.5,158,2020-01-29T04:27,5.14,0.142,2020-01-29T17:39,32548.22,12984.54,2020-01-30T00:21,0.00,0.00,2020-01-29T15:17,0.00,0.00,0.0,NaN,0.54
2020-01-30,3,5.5,-2.8,-7.7,0.8,NaN,NaN,14.8,36.0,261,2020-01-30T05:33,7.15,0.172,2020-01-30T17:56,32737.70,26868.09,2020-01-31T00:22,0.00,0.00,2020-01-30T15:16,0.00,0.00,0.0,NaN,1.12
2020-01-31,3,7.7,-1.5,-5.6,4.0,NaN,NaN,25.1,41.8,192,2020-01-31T06:38,6.12,0.202,2020-01-31T18:13,32928.85,21618.79,2020-02-01T00:24,0.00,0.00,2020-01-31T15:14,0.00,0.00,0.0,NaN,1.22
2020-02-01,3,8.8,0.1,-4.0,3.6,NaN,NaN,39.0,63.7,230,2020-02-01T07:45,6.57,0.232,2020-02-01T18:31,33121.45,24046.75,2020-02-02T00:26,0.00,0.00,2020-02-01T15:13,0.00,0.00,0.0,NaN,1.48
2020-02-02,73,-0.4,-10.6,-15.1,-3.5,NaN,NaN,24.8,52.9,256,2020-02-02T08:52,8.23,0.263,2020-02-02T18:52,33315.28,27737.29,2020-02-03T00:28,0.20,0.00,2020-02-02T15:11,0.35,0.70,1.0,NaN,0.60
2020-02-03,3,-5.4,-13.2,-19.1,-10.4,NaN,NaN,20.6,35.3,326,2020-02-03T10:01,8.30,0.295,2020-02-03T19:18,33510.50,28800.00,2020-02-04T00:29,0.00,0.00,2020-02-03T15:10,0.00,0.00,0.0,NaN,0.62
2020-02-04,3,-1.7,-17.6,-22.6,-7.5,NaN,NaN,28.0,50.8,229,2020-02-04T11:12,8.20,0.327,2020-02-04T19:50,33709.02,31524.54,2020-02-05T00:31,0.00,0.00,2020-02-04T15:08,0.00,0.00,0.0,NaN,0.62
2020-02-05,3,2.4,-6.6,-11.8,-1.5,NaN,NaN,19.5,42.8,288,2020-02-05T12:20,7.80,0.361,2020-02-05T20:32,33910.95,26120.77,2020-02-06T00:33,0.00,0.00,2020-02-05T15:07,0.00,0.00,0.0,NaN,1.11
2020-02-06,2,2.4,-1.7,-6.2,-1.6,NaN,NaN,19.4,45.0,302,2020-02-06T13:24,8.44,0.396,2020-02-06T21:28,34116.02,28122.08,2020-02-07T00:35,0.00,0.00,2020-02-06T15:05,0.00,0.00,0.0,NaN,1.05
2020-02-07,1,0.4,-6.4,-10.0,-3.6,NaN,NaN,15.5,24.1,212,2020-02-07T14:19,8.63,0.432,2020-02-07T22:36,34323.95,28224.32,2020-02-08T00:37,0.00,0.00,2020-02-07T15:03,0.00,0.00,0.0,NaN,0.82
2020-02-08,75,-2.1,-6.8,-12.2,-7.1,NaN,NaN,17.0,41.0,7,2020-02-08T15:04,8.16,0.469,2020-02-08T23:55,34534.50,21600.00,2020-02-09T00:38,1.30,0.00,2020-02-08T15:02,2.17,4.40,4.0,NaN,0.54
2020-02-09,3,0.8,-11.4,-16.2,-4.6,NaN,NaN,25.3,52.2,281,2020-02-09T15:40,8.80,0.507,,34747.40,31253.35,2020-02-10T00:40,0.00,0.00,2020-02-09T15:00,0.00,0.00,0.0,NaN,0.81
2020-02-10,1,-0.5,-7.5,-12.0,-4.8,NaN,NaN,15.1,39.6,278,2020-02-10T16:09,9.44,0.546,2020-02-10T01:19,34962.43,32143.07,2020-02-11T00:42,0.00,0.00,2020-02-10T14:58,0.00,0.00,0.0,NaN,0.96
2020-02-11,3,2.5,-7.5,-12.0,-1.7,NaN,NaN,21.4,52.9,275,2020-02-11T16:33,5.89,0.585,2020-02-11T02:45,35179.33,10162.63,2020-02-12T00:44,0.00,0.00,2020-02-11T14:56,0.00,0.00,0.0,NaN,0.84
2020-02-12,73,-0.1,-14.1,-18.9,-5.8,NaN,NaN,32.7,55.1,55,2020-02-12T16:56,8.96,0.623,2020-02-12T04:10,35397.89,25200.00,2020-02-13T00:46,0.20,0.00,2020-02-12T14:54,0.42,0.80,2.0,NaN,0.48
2020-02-13,3,2.9,-14.4,-19.5,-0.3,NaN,NaN,13.1,24.1,171,2020-02-13T17:17,8.46,0.661,2020-02-13T05:34,35617.88,19822.14,2020-02-14T00:47,0.00,0.00,2020-02-13T14:53,0.00,0.00,0.0,NaN,0.76
2020-02-14,73,3.9,-5.5,-9.4,-1.2,NaN,NaN,16.6,48.6,282,2020-02-14T17:40,9.48,0.699,2020-02-14T06:56,35839.07,25200.00,2020-02-15T00:49,0.10,0.00,2020-02-14T14:51,0.21,0.40,1.0,NaN,1.03
2020-02-15,45,2.9,-7.2,-11.6,-3.0,NaN,NaN,19.7,51.5,164,2020-02-15T18:05,9.72,0.735,2020-02-15T08:16,36061.27,22437.93,2020-02-16T00:51,0.00,0.00,2020-02-15T14:49,0.00,0.00,0.0,NaN,0.79
2020-02-16,3,0.8,-6.4,-10.6,-4.3,NaN,NaN,15.5,40.7,278,2020-02-16T18:34,10.38,0.770,2020-02-16T09:34,36284.24,32400.00,2020-02-17T00:53,0.00,0.00,2020-02-16T14:47,0.00,0.00,0.0,NaN,0.99
2020-02-17,2,-2.0,-13.8,-20.3,-6.4,NaN,NaN,21.5,38.2,21,2020-02-17T19:11,10.66,0.804,2020-02-17T10:47,36507.81,31628.36,2020-02-18T00:55,0.00,0.00,2020-02-17T14:45,0.00,0.00,0.0,NaN,0.48
2020-02-18,3,-5.5,-17.5,-22.5,-9.1,NaN,NaN,9.8,19.4,152,2020-02-18T19:55,10.83,0.837,2020-02-18T11:54,36731.76,32400.00,2020-02-19T00:56,0.00,0.00,2020-02-18T14:43,0.00,0.00,0.0,NaN,0.64
2020-02-19,1,-1.2,-16.2,-20.9,-5.0,NaN,NaN,10.9,15.5,187,2020-02-19T20:48,11.01,0.870,2020-02-19T12:50,36955.91,32400.00,2020-02-20T00:58,0.00,0.00,2020-02-19T14:41,0.00,0.00,0.0,NaN,0.87
2020-02-20,0,7.7,-10.8,-15.3,0.8,NaN,NaN,29.0,81.7,268,2020-02-20T21:49,11.37,0.902,2020-02-20T13:37,37180.06,32400.00,2020-02-21T01:00,0.00,0.00,2020-02-20T14:39,0.00,0.00,0.0,NaN,1.47
2020-02-21,2,8.7,-4.1,-8.6,1.7,NaN,NaN,32.2,77.4,294,2020-02-21T22:54,11.08,0.933,2020-02-21T14:14,37404.03,31948.78,2020-02-22T01:02,0.00,0.00,2020-02-21T14:37,0.00,0.00,0.0,NaN,2.19
2020-02-22,3,6.7,0.6,-3.5,0.1,NaN,NaN,32.0,67.0,324,,6.98,0.965,2020-02-22T14:43,37627.64,10800.00,2020-02-23T01:04,0.00,0.00,2020-02-22T14:35,0.00,0.00,0.0,NaN,1.64
2020-02-23,3,0.1,-7.8,-12.1,-4.3,NaN,NaN,15.3,28.1,175,2020-02-23T00:01,9.58,0.995,2020-02-23T15:07,37851.05,18000.00,2020-02-24T01:05,0.00,0.00,2020-02-23T14:33,0.00,0.00,0.0,NaN,0.78
2020-02-24,73,-1.7,-8.6,-13.1,-5.7,NaN,NaN,15.8,39.2,352,2020-02-24T01:09,11.16,0.026,2020-02-24T15:27,38076.15,21600.00,2020-02-25T01:07,1.50,0.00,2020-02-24T14:31,2.73,5.40,6.0,NaN,0.83
2020-02-25,1,-1.8,-14.1,-19.1,-5.8,NaN,NaN,10.2,13.0,191,2020-02-25T02:16,12.28,0.056,2020-02-25T15:45,38303.09,33889.51,2020-02-26T01:09,0.00,0.00,2020-02-25T14:29,0.00,0.00,0.0,NaN,0.87
2020-02-26,3,2.7,-5.0,-9.7,-0.6,NaN,NaN,16.5,27.4,309,2020-02-26T03:22,11.57,0.087,2020-02-26T16:01,38531.67,26301.48,2020-02-27T01:11,0.00,0.00,2020-02-26T14:27,0.00,0.00,0.0,NaN,1.28
2020-02-27,2,7.3,-2.7,-7.4,1.6,NaN,NaN,22.9,61.6,277,2020-02-27T04:27,12.36,0.117,2020-02-27T16:17,38761.72,29919.07,2020-02-28T01:12,0.00,0.00,2020-02-27T14:25,0.00,0.00,0.0,NaN,1.81
2020-02-28,3,9.2,1.1,-3.0,5.2,NaN,NaN,16.7,48.6,266,2020-02-28T05:33,12.05,0.147,2020-02-28T16:35,38993.06,31015.40,2020-02-29T01:14,0.00,0.00,2020-02-28T14:23,0.00,0.00,0.0,NaN,1.90
2020-02-29,3,6.7,-0.3,-7.2,4.0,NaN,NaN,31.5,67.0,264,2020-02-29T06:40,11.97,0.177,2020-02-29T16:54,39225.50,27512.03,2020-03-01T01:16,0.00,0.00,2020-02-29T14:21,0.00,0.00,0.0,NaN,1.66
2020-03-01,3,3.5,-8.0,-12.4,-1.6,NaN,NaN,30.6,51.8,323,2020-03-01T07:47,12.85,0.208,2020-03-01T17:18,39458.88,30926.36,2020-03-02T01:18,0.00,0.00,2020-03-01T14:19,0.00,0.00,0.0,NaN,1.25
2020-03-02,3,7.3,0.6,-4.9,1.2,NaN,NaN,30.4,62.6,296,2020-03-02T08:56,13.00,0.239,2020-03-02T17:46,39693.03,37158.87,2020-03-03T01:19,0.00,0.00,2020-03-02T14:17,0.00,0.00,0.0,NaN,2.39
2020-03-03,3,7.5,-0.6,-5.3,0.4,NaN,NaN,32.1,71.6,279,2020-03-03T10:03,13.60,0.272,2020-03-03T18:22,39927.78,36338.81,2020-03-04T01:21,0.00,0.00,2020-03-03T14:14,0.00,0.00,0.0,NaN,2.46
2020-03-04,3,6.1,-1.0,-6.9,0.1,NaN,NaN,31.3,68.0,277,2020-03-04T11:08,14.20,0.305,2020-03-04T19:10,40162.96,33322.25,2020-03-05T01:23,0.00,0.00,2020-03-04T14:12,0.00,0.00,0.0,NaN,1.97
2020-03-05,3,9.0,-6.8,-11.1,4.7,NaN,NaN,27.1,52.6,213,2020-03-05T12:06,10.12,0.339,2020-03-05T20:10,40398.42,15681.51,2020-03-06T01:24,0.00,0.00,2020-03-05T14:10,0.00,0.00,0.0,NaN,1.66
2020-03-06,3,7.8,-0.5,-4.0,4.3,NaN,NaN,19.9,28.1,65,2020-03-06T12:54,12.06,0.375,2020-03-06T21:23,40633.99,25672.81,2020-03-07T01:26,0.00,0.00,2020-03-06T14:08,0.00,0.00,0.0,NaN,1.52
2020-03-07,73,0.5,-12.1,-17.5,-5.1,NaN,NaN,19.9,30.2,11,2020-03-07T13:34,11.87,0.413,2020-03-07T22:45,40869.52,7200.00,2020-03-08T01:28,2.90,0.00,2020-03-07T14:06,5.18,10.30,15.0,NaN,0.64
2020-03-08,3,-7.1,-18.0,-22.9,-11.8,NaN,NaN,13.1,29.5,237,2020-03-08T14:06,14.97,0.451,,41104.85,31851.67,2020-03-09T01:30,0.00,0.00,2020-03-08T14:03,0.00,0.00,0.0,NaN,0.75
2020-03-09,0,-0.6,-14.6,-19.2,-4.7,NaN,NaN,10.8,23.4,202,2020-03-09T14:32,15.49,0.490,2020-03-09T00:11,41339.83,36467.33,2020-03-10T01:31,0.00,0.00,2020-03-09T14:01,0.00,0.00,0.0,NaN,1.27
2020-03-10,3,3.2,-9.1,-14.2,-1.2,NaN,NaN,32.7,72.4,239,2020-03-10T14:56,10.99,0.530,2020-03-10T01:39,41574.29,14617.72,2020-03-11T01:33,0.00,0.00,2020-03-10T13:59,0.00,0.00,0.0,NaN,1.31
2020-03-11,3,3.3,-3.0,-7.6,-2.9,NaN,NaN,26.9,42.1,294,2020-03-11T15:18,15.11,0.570,2020-03-11T03:06,41808.11,32250.11,2020-03-12T01:35,0.00,0.00,2020-03-11T13:57,0.00,0.00,0.0,NaN,1.94
2020-03-12,2,1.3,-7.8,-12.3,-4.4,NaN,NaN,20.3,39.2,307,2020-03-12T15:41,16.35,0.609,2020-03-12T04:31,42041.10,39582.21,2020-03-13T01:36,0.00,0.00,2020-03-12T13:55,0.00,0.00,0.0,NaN,1.46
2020-03-13,73,-4.0,-18.5,-24.7,-9.7,NaN,NaN,21.6,40.3,22,2020-03-13T16:05,11.57,0.647,2020-03-13T05:56,42273.13,7200.00,2020-03-14T01:38,1.20,0.00,2020-03-13T13:52,2.31,4.50,9.0,NaN,0.43
2020-03-14,73,-18.3,-21.9,-28.6,-24.6,NaN,NaN,20.6,33.8,353,2020-03-14T16:34,13.76,0.684,2020-03-14T07:19,42504.35,7114.51,2020-03-15T01:40,3.70,0.00,2020-03-14T13:50,6.72,13.30,22.0,NaN,0.34
2020-03-15,2,-10.4,-27.1,-32.3,-14.6,NaN,NaN,17.3,27.7,302,2020-03-15T17:09,17.41,0.719,2020-03-15T08:37,42736.48,37631.23,2020-03-16T01:41,0.00,0.00,2020-03-15T13:48,0.00,0.00,0.0,NaN,0.71
2020-03-16,45,0.7,-17.1,-22.3,-2.2,NaN,NaN,8.9,18.4,289,2020-03-16T17:51,17.10,0.753,2020-03-16T09:48,42969.67,36000.00,2020-03-17T01:43,0.00,0.00,2020-03-16T13:46,0.00,0.00,0.0,NaN,1.36
2020-03-17,1,0.4,-9.0,-14.3,-4.0,NaN,NaN,34.6,63.7,340,2020-03-17T18:42,17.05,0.787,2020-03-17T10:48,43203.80,39300.42,2020-03-18T01:45,0.00,0.00,2020-03-17T13:44,0.00,0.00,0.0,NaN,1.34
2020-03-18,45,-4.8,-10.0,-14.7,-9.6,NaN,NaN,16.8,36.4,135,2020-03-18T19:41,16.81,0.819,2020-03-18T11:38,43438.72,30682.06,2020-03-19T01:46,0.00,0.00,2020-03-18T13:41,0.00,0.00,0.0,NaN,0.87
2020-03-19,73,-8.0,-13.2,-18.0,-12.6,NaN,NaN,17.9,29.5,115,2020-03-19T20:45,17.16,0.850,2020-03-19T12:17,43674.29,26321.46,2020-03-20T01:48,0.10,0.00,2020-03-19T13:39,0.21,0.40,1.0,NaN,0.83
2020-03-20,45,-0.4,-14.4,-19.0,-3.7,NaN,NaN,20.3,53.3,160,2020-03-20T21:52,18.14,0.881,2020-03-20T12:48,43910.37,36000.00,2020-03-21T01:50,0.00,0.00,2020-03-20T13:37,0.00,0.00,0.0,NaN,1.39
2020-03-21,1,1.8,-7.8,-12.3,-3.0,NaN,NaN,22.4,40.3,337,2020-03-21T22:59,18.33,0.912,2020-03-21T13:13,44146.82,39600.00,2020-03-22T01:51,0.00,0.00,2020-03-21T13:35,0.00,0.00,0.0,NaN,1.61
2020-03-22,2,5.3,-6.8,-11.2,2.2,NaN,NaN,13.7,29.5,227,,18.13,0.943,2020-03-22T13:34,44383.51,33565.97,2020-03-23T01:53,0.00,0.00,2020-03-22T13:32,0.00,0.00,0.0,NaN,1.82
2020-03-23,3,9.2,-2.2,-5.5,6.5,NaN,NaN,25.0,33.1,194,2020-03-23T00:06,17.49,0.973,2020-03-23T13:51,44620.29,32400.00,2020-03-24T01:55,0.00,0.00,2020-03-23T13:30,0.00,0.00,0.0,NaN,2.04
2020-03-24,3,1.6,-7.4,-12.1,-4.2,NaN,NaN,21.4,43.2,9,2020-03-24T01:13,17.94,0.003,2020-03-24T14:08,44857.03,23640.00,2020-03-25T01:56,0.00,0.00,2020-03-24T13:28,0.00,0.00,0.0,NaN,1.26
2020-03-25,73,-2.4,-9.7,-14.8,-6.3,NaN,NaN,13.4,24.1,109,2020-03-25T02:18,18.11,0.033,2020-03-25T14:24,45093.58,28800.00,2020-03-26T01:58,0.10,0.00,2020-03-25T13:25,0.21,0.40,1.0,NaN,1.38
2020-03-26,1,3.5,-8.5,-13.1,-0.7,NaN,NaN,19.2,57.2,226,2020-03-26T03:25,19.43,0.064,2020-03-26T14:41,45329.82,41465.50,2020-03-27T02:00,0.00,0.00,2020-03-26T13:23,0.00,0.00,0.0,NaN,1.77
2020-03-27,1,5.1,-5.3,-10.1,-0.0,NaN,NaN,18.8,40.7,262,2020-03-27T04:31,19.32,0.094,2020-03-27T14:59,45565.59,39600.00,2020-03-28T02:01,0.00,0.00,2020-03-27T13:21,0.00,0.00,0.0,NaN,2.13
2020-03-28,45,5.4,-1.8,-6.8,1.0,NaN,NaN,19.8,37.4,289,2020-03-28T05:39,15.54,0.125,2020-03-28T15:20,45800.75,14400.00,2020-03-29T02:03,0.00,0.00,2020-03-28T13:19,0.00,0.00,0.0,NaN,1.78
2020-03-29,3,10.1,0.3,-3.4,5.1,NaN,NaN,18.7,38.9,186,2020-03-29T06:46,14.47,0.155,2020-03-29T15:46,46035.15,3600.00,2020-03-30T02:05,0.00,0.00,2020-03-29T13:16,0.00,0.00,0.0,NaN,2.07
2020-03-30,73,9.4,-6.6,-10.9,4.8,NaN,NaN,17.4,32.8,46,2020-03-30T07:54,14.07,0.187,2020-03-30T16:18,46268.66,1519.38,2020-03-31T02:06,1.00,0.00,2020-03-30T13:14,1.54,3.20,7.0,NaN,1.14
2020-03-31,75,-3.5,-13.8,-18.9,-7.7,NaN,NaN,23.6,38.9,0,2020-03-31T08:58,18.99,0.219,2020-03-31T17:01,46501.11,24139.74,2020-04-01T02:08,1.70,0.00,2020-03-31T13:12,3.01,6.00,8.0,NaN,0.88
2020-04-01,73,-10.3,-19.1,-24.5,-15.8,NaN,NaN,16.6,30.2,357,2020-04-01T09:57,21.72,0.252,2020-04-01T17:54,46732.37,41566.05,2020-04-02T02:10,0.20,0.00,2020-04-01T13:10,0.42,0.80,2.0,NaN,0.89
2020-04-02,3,-9.6,-19.3,-23.8,-13.7,NaN,NaN,12.2,24.8,141,2020-04-02T10:48,21.15,0.286,2020-04-02T19:00,46962.26,37536.27,2020-04-03T02:11,0.00,0.00,2020-04-02T13:07,0.00,0.00,0.0,NaN,1.00
2020-04-03,73,-8.7,-12.5,-18.1,-12.4,NaN,NaN,15.7,34.2,121,2020-04-03T11:30,20.25,0.322,2020-04-03T20:15,47190.93,25200.00,2020-04-04T02:13,0.30,0.00,2020-04-03T13:05,0.56,1.10,1.0,NaN,1.05
2020-04-04,73,-5.6,-15.3,-20.4,-7.8,NaN,NaN,15.0,29.5,3,2020-04-04T12:04,21.97,0.359,2020-04-04T21:38,47420.00,37167.53,2020-04-05T02:15,1.70,0.00,2020-04-04T13:03,3.15,6.20,9.0,NaN,1.35
2020-04-05,73,-3.8,-9.9,-15.3,-8.3,NaN,NaN,16.6,36.0,135,2020-04-05T12:31,20.69,0.397,2020-04-05T23:03,47649.62,31173.25,2020-04-06T02:16,0.10,0.00,2020-04-05T13:01,0.21,0.40,1.0,NaN,1.16
2020-04-06,73,2.2,-7.2,-11.5,-2.0,NaN,NaN,20.2,29.2,112,2020-04-06T12:55,21.85,0.436,,47879.67,32400.00,2020-04-07T02:18,0.10,0.00,2020-04-06T12:59,0.21,0.40,1.0,NaN,1.66
2020-04-07,73,3.5,-3.3,-8.0,-0.6,NaN,NaN,15.7,24.5,78,2020-04-07T13:18,17.12,0.476,2020-04-07T00:30,48110.01,29379.80,2020-04-08T02:19,0.10,0.00,2020-04-07T12:57,0.21,0.40,1.0,NaN,1.64
2020-04-08,3,0.9,-6.4,-10.8,-1.1,NaN,NaN,13.2,36.4,279,2020-04-08T13:40,21.73,0.516,2020-04-08T01:58,48340.51,35987.52,2020-04-09T02:21,0.00,0.00,2020-04-08T12:54,0.00,0.00,0.0,NaN,2.07
2020-04-09,3,12.3,-5.3,-10.1,8.9,NaN,NaN,13.8,21.2,176,2020-04-09T14:03,22.31,0.555,2020-04-09T03:25,48571.01,46800.00,2020-04-10T02:23,0.00,0.00,2020-04-09T12:52,0.00,0.00,0.0,NaN,2.56
2020-04-10,3,13.0,-0.4,-6.4,9.1,NaN,NaN,26.8,38.5,1,2020-04-10T14:30,12.61,0.593,2020-04-10T04:52,48801.39,10800.00,2020-04-11T02:24,0.00,0.00,2020-04-10T12:50,0.00,0.00,0.0,NaN,1.44
2020-04-11,73,-0.3,-5.7,-11.6,-5.0,NaN,NaN,24.2,46.4,12,2020-04-11T15:03,22.29,0.631,2020-04-11T06:15,49031.49,28970.22,2020-04-12T02:26,0.20,0.00,2020-04-11T12:48,0.21,0.50,2.0,NaN,1.62
2020-04-12,1,-2.4,-9.1,-13.2,-6.9,NaN,NaN,23.4,49.7,338,2020-04-12T15:43,21.96,0.667,2020-04-12T07:33,49261.19,41569.95,2020-04-13T02:28,0.00,0.00,2020-04-12T12:46,0.00,0.00,0.0,NaN,1.59
2020-04-13,1,3.0,-10.4,-14.5,-0.6,NaN,NaN,22.7,46.4,319,2020-04-13T16:32,23.92,0.702,2020-04-13T08:41,49490.31,46800.00,2020-04-14T02:29,0.00,0.00,2020-04-13T12:43,0.00,0.00,0.0,NaN,2.04
2020-04-14,3,7.9,-2.0,-5.3,4.2,NaN,NaN,18.8,33.5,302,2020-04-14T17:31,19.00,0.735,2020-04-14T09:36,49718.70,22722.33,2020-04-15T02:31,0.00,0.00,2020-04-14T12:41,0.00,0.00,0.0,NaN,2.20
2020-04-15,3,5.5,-0.9,-6.7,0.6,NaN,NaN,26.3,57.2,355,2020-04-15T18:34,20.41,0.767,2020-04-15T10:19,49946.22,20779.27,2020-04-16T02:33,0.00,0.00,2020-04-15T12:39,0.00,0.00,0.0,NaN,1.68
2020-04-16,2,10.5,-3.4,-7.2,6.2,NaN,NaN,15.5,31.0,267,2020-04-16T19:42,24.30,0.799,2020-04-16T10:53,50172.70,46800.00,2020-04-17T02:34,0.00,0.00,2020-04-16T12:37,0.00,0.00,0.0,NaN,2.68
2020-04-17,3,10.6,1.4,-2.5,6.9,NaN,NaN,21.6,40.7,282,2020-04-17T20:49,18.71,0.830,2020-04-17T11:20,50397.97,21600.00,2020-04-18T02:36,0.00,0.00,2020-04-17T12:35,0.00,0.00,0.0,NaN,2.81
2020-04-18,3,7.9,0.1,-5.0,3.3,NaN,NaN,20.4,38.5,359,2020-04-18T21:57,21.29,0.860,2020-04-18T11:41,50621.87,25256.80,2020-04-19T02:38,0.00,0.00,2020-04-18T12:33,0.00,0.00,0.0,NaN,2.18
2020-04-19,1,14.6,-2.5,-6.0,10.6,NaN,NaN,15.3,31.0,256,2020-04-19T23:03,24.41,0.891,2020-04-19T11:59,50844.21,45861.69,2020-04-20T02:39,0.00,0.00,2020-04-19T12:31,0.00,0.00,0.0,NaN,3.36
2020-04-20,0,18.8,2.5,-1.2,14.3,NaN,NaN,18.5,28.8,271,,24.79,0.921,2020-04-20T12:15,51064.83,48310.73,2020-04-21T02:41,0.00,0.00,2020-04-20T12:29,0.00,0.00,0.0,NaN,4.17
2020-04-21,1,19.3,5.2,1.9,15.0,NaN,NaN,29.6,45.0,284,2020-04-21T00:09,22.33,0.951,2020-04-21T12:31,51283.52,44830.67,2020-04-22T02:42,0.00,0.00,2020-04-21T12:27,0.00,0.00,0.0,NaN,4.66
2020-04-22,73,18.3,4.6,0.9,12.1,NaN,NaN,26.3,44.6,286,2020-04-22T01:16,17.85,0.982,2020-04-22T12:47,51500.12,25468.43,2020-04-23T02:44,11.90,0.00,2020-04-22T12:25,0.77,13.00,3.0,NaN,3.36
2020-04-23,2,14.7,1.2,-2.5,10.4,NaN,NaN,32.0,46.4,320,2020-04-23T02:22,21.38,0.012,2020-04-23T13:05,51714.71,29157.87,2020-04-24T02:46,0.00,0.00,2020-04-23T12:23,0.00,0.00,0.0,NaN,3.27
2020-04-24,1,14.4,-0.1,-3.6,10.0,NaN,NaN,25.3,40.3,291,2020-04-24T03:30,22.12,0.043,2020-04-24T13:25,51928.88,36986.13,2020-04-25T02:47,0.00,0.00,2020-04-24T12:21,0.00,0.00,0.0,NaN,3.45
2020-04-25,3,15.5,0.4,-3.5,10.9,NaN,NaN,23.5,45.0,226,2020-04-25T04:38,21.36,0.074,2020-04-25T13:49,52142.77,25941.58,2020-04-26T02:49,0.00,0.00,2020-04-25T12:19,0.00,0.00,0.0,NaN,3.90
2020-04-26,2,15.3,5.3,0.2,10.2,NaN,NaN,28.1,52.6,275,2020-04-26T05:47,25.21,0.105,2020-04-26T14:19,52356.22,42409.05,2020-04-27T02:51,0.00,0.00,2020-04-26T12:17,0.00,0.00,0.0,NaN,4.94
2020-04-27,3,15.9,4.5,1.0,11.0,NaN,NaN,33.9,53.3,255,2020-04-27T06:53,25.78,0.137,2020-04-27T14:57,52569.07,39600.00,2020-04-28T02:52,0.00,0.00,2020-04-27T12:15,0.00,0.00,0.0,NaN,4.40
2020-04-28,2,16.8,1.1,-2.1,12.4,NaN,NaN,31.6,50.0,275,2020-04-28T07:54,26.87,0.170,2020-04-28T15:47,52781.16,49238.30,2020-04-29T02:54,0.00,0.00,2020-04-28T12:13,0.00,0.00,0.0,NaN,4.65
2020-04-29,2,20.6,5.1,1.6,16.9,NaN,NaN,24.1,39.6,244,2020-04-29T08:46,25.99,0.203,2020-04-29T16:47,52992.32,49350.49,2020-04-30T02:55,0.00,0.00,2020-04-29T12:11,0.00,0.00,0.0,NaN,5.10
2020-04-30,2,20.5,6.2,3.6,16.6,NaN,NaN,34.4,51.1,256,2020-04-30T09:30,24.89,0.237,2020-04-30T17:57,53202.38,39600.00,2020-05-01T02:57,0.00,0.00,2020-04-30T12:09,0.00,0.00,0.0,NaN,4.77
2020-05-01,71,14.6,1.2,-1.7,11.5,NaN,NaN,16.0,31.0,285,2020-05-01T10:05,23.68,0.273,2020-05-01T19:15,53411.16,35654.74,2020-05-02T02:59,1.30,0.00,2020-05-01T12:07,0.07,1.40,1.0,NaN,3.74
2020-05-02,0,17.8,0.5,-2.9,14.5,NaN,NaN,13.7,24.1,217,2020-05-02T10:33,27.42,0.309,2020-05-02T20:36,53618.47,49680.51,2020-05-03T03:00,0.00,0.00,2020-05-02T12:06,0.00,0.00,0.0,NaN,4.38
2020-05-03,3,18.3,4.0,0.5,13.8,NaN,NaN,27.4,50.0,242,2020-05-03T10:58,20.98,0.347,2020-05-03T22:00,53824.13,14967.94,2020-05-04T03:02,0.00,0.00,2020-05-03T12:04,0.00,0.00,0.0,NaN,3.70
2020-05-04,3,13.4,1.3,-1.9,6.7,NaN,NaN,32.9,53.3,327,2020-05-04T11:20,22.02,0.385,2020-05-04T23:25,54027.94,31893.97,2020-05-05T03:04,0.00,0.00,2020-05-04T12:02,0.00,0.00,0.0,NaN,2.40
2020-05-05,2,15.5,-0.7,-3.5,12.0,NaN,NaN,26.1,49.3,329,2020-05-05T11:41,23.97,0.424,,54229.71,38432.24,2020-05-06T03:05,0.00,0.00,2020-05-05T12:00,0.00,0.00,0.0,NaN,3.26
2020-05-06,3,15.5,1.0,-2.0,11.2,NaN,NaN,19.2,37.1,141,2020-05-06T12:02,20.26,0.463,2020-05-06T00:51,54429.21,24242.70,2020-05-07T03:07,0.00,0.00,2020-05-06T11:59,0.00,0.00,0.0,NaN,3.57
2020-05-07,3,15.4,4.0,1.1,12.5,NaN,NaN,15.0,31.0,313,2020-05-07T12:27,21.99,0.502,2020-05-07T02:18,54626.26,22261.11,2020-05-08T03:08,0.00,0.00,2020-05-07T11:57,0.00,0.00,0.0,NaN,3.49
2020-05-08,65,13.8,5.2,0.1,10.8,NaN,NaN,28.3,54.7,342,2020-05-08T12:56,15.07,0.540,2020-05-08T03:45,54820.61,3600.00,2020-05-09T03:10,11.90,0.00,2020-05-08T11:55,0.00,11.90,4.0,NaN,1.84
2020-05-09,1,11.3,0.0,-2.5,7.6,NaN,NaN,22.4,32.0,359,2020-05-09T13:33,26.43,0.578,2020-05-09T05:08,55012.06,46798.10,2020-05-10T03:11,0.00,0.00,2020-05-09T11:54,0.00,0.00,0.0,NaN,3.37
2020-05-10,3,9.4,0.4,-3.5,5.4,NaN,NaN,16.7,36.7,109,2020-05-10T14:19,17.36,0.614,2020-05-10T06:23,55200.38,8361.90,2020-05-11T03:13,0.00,0.00,2020-05-10T11:52,0.00,0.00,0.0,NaN,2.26
2020-05-11,1,7.4,-1.2,-4.2,4.3,NaN,NaN,15.1,27.0,145,2020-05-11T15:15,25.54,0.649,2020-05-11T07:27,55385.31,44608.64,2020-05-12T03:14,0.00,0.00,2020-05-11T11:50,0.00,0.00,0.0,NaN,2.95
2020-05-12,2,9.3,1.0,-3.9,5.1,NaN,NaN,21.4,41.8,143,2020-05-12T16:19,27.37,0.683,2020-05-12T08:16,55566.64,43444.50,2020-05-13T03:16,0.00,0.00,2020-05-12T11:49,0.00,0.00,0.0,NaN,3.54
2020-05-13,1,13.1,-0.3,-3.7,10.7,NaN,NaN,13.0,31.0,158,2020-05-13T17:27,28.75,0.715,2020-05-13T08:55,55744.37,46694.63,2020-05-14T03:17,0.00,0.00,2020-05-13T11:47,0.00,0.00,0.0,NaN,3.90
2020-05-14,0,15.0,3.0,-0.8,10.5,NaN,NaN,31.9,44.3,10,2020-05-14T18:36,29.43,0.747,2020-05-14T09:24,55919.94,50953.34,2020-05-15T03:19,0.00,0.00,2020-05-14T11:46,0.00,0.00,0.0,NaN,4.45
2020-05-15,0,17.1,1.7,-2.6,13.9,NaN,NaN,20.5,37.8,135,2020-05-15T19:45,27.96,0.778,2020-05-15T09:47,56093.45,47434.33,2020-05-16T03:20,0.00,0.00,2020-05-15T11:44,0.00,0.00,0.0,NaN,4.18
2020-05-16,51,20.9,3.0,-0.1,17.9,NaN,NaN,17.4,27.0,239,2020-05-16T20:52,25.92,0.809,2020-05-16T10:06,56264.73,39600.00,2020-05-17T03:22,0.40,0.00,2020-05-16T11:43,0.00,0.40,1.0,NaN,4.54
2020-05-17,3,20.2,6.3,3.2,17.3,NaN,NaN,17.6,34.2,223,2020-05-17T21:58,25.95,0.839,2020-05-17T10:23,56433.59,35490.47,2020-05-18T03:23,0.00,0.00,2020-05-17T11:42,0.00,0.00,0.0,NaN,4.93
2020-05-18,3,20.1,7.5,5.0,16.8,NaN,NaN,15.4,31.7,218,2020-05-18T23:05,26.06,0.870,2020-05-18T10:39,56599.85,38557.15,2020-05-19T03:25,0.00,0.00,2020-05-18T11:40,0.00,0.00,0.0,NaN,4.49
2020-05-19,63,18.9,8.2,4.6,15.4,NaN,NaN,20.4,45.4,359,,20.93,0.900,2020-05-19T10:55,56763.34,27266.12,2020-05-20T03:26,11.60,0.00,2020-05-19T11:39,0.00,11.60,8.0,NaN,3.30
2020-05-20,63,13.8,7.0,5.0,11.8,NaN,NaN,16.0,29.2,349,2020-05-20T00:11,11.27,0.931,2020-05-20T11:12,56923.85,6513.30,2020-05-21T03:27,11.10,0.00,2020-05-20T11:38,0.00,11.10,6.0,NaN,1.70
2020-05-21,63,10.3,3.7,-1.2,8.9,NaN,NaN,27.8,47.5,338,2020-05-21T01:19,12.61,0.961,2020-05-21T11:31,57081.19,0.00,2020-05-22T03:29,39.70,0.00,2020-05-21T11:37,0.00,39.70,19.0,NaN,1.18
2020-05-22,71,6.3,3.2,-0.0,3.6,NaN,NaN,33.8,53.6,336,2020-05-22T02:27,19.20,0.993,2020-05-22T11:53,57235.17,7217.06,2020-05-23T03:30,9.50,0.00,2020-05-22T11:35,0.07,9.60,12.0,NaN,1.93
2020-05-23,51,13.1,3.3,0.9,11.3,NaN,NaN,19.0,24.1,332,2020-05-23T03:37,20.90,0.024,2020-05-23T12:20,57385.57,12205.67,2020-05-24T03:31,0.40,0.00,2020-05-23T11:34,0.00,0.40,1.0,NaN,2.65
2020-05-24,0,18.9,3.3,1.1,17.2,NaN,NaN,12.1,23.0,242,2020-05-24T04:45,30.46,0.056,2020-05-24T12:56,57532.20,54710.82,2020-05-25T03:33,0.00,0.00,2020-05-24T11:33,0.00,0.00,0.0,NaN,4.81
2020-05-25,3,20.0,6.4,4.1,17.4,NaN,NaN,20.2,35.6,256,2020-05-25T05:49,27.78,0.089,2020-05-25T13:42,57674.85,43883.04,2020-05-26T03:34,0.00,0.00,2020-05-25T11:32,0.00,0.00,0.0,NaN,4.92
2020-05-26,63,17.6,7.8,3.1,13.7,NaN,NaN,30.6,42.8,330,2020-05-26T06:45,23.90,0.123,2020-05-26T14:39,57813.28,22697.30,2020-05-27T03:35,6.90,0.00,2020-05-26T11:31,0.00,6.90,4.0,NaN,3.56
2020-05-27,0,16.4,1.5,-1.3,13.4,NaN,NaN,25.3,37.8,323,2020-05-27T07:32,28.81,0.157,2020-05-27T15:47,57947.31,51781.89,2020-05-28T03:36,0.00,0.00,2020-05-27T11:30,0.00,0.00,0.0,NaN,4.22
2020-05-28,0,20.2,2.4,-0.1,17.7,NaN,NaN,20.5,32.8,127,2020-05-28T08:09,28.56,0.191,2020-05-28T17:02,58076.69,48237.74,2020-05-29T03:38,0.00,0.00,2020-05-28T11:29,0.00,0.00,0.0,NaN,4.92
2020-05-29,1,21.8,7.4,4.6,21.0,NaN,NaN,15.2,26.6,83,2020-05-29T08:38,29.87,0.227,2020-05-29T18:21,58201.21,46800.00,2020-05-30T03:39,0.00,0.00,2020-05-29T11:28,0.00,0.00,0.0,NaN,5.53
2020-05-30,3,25.8,9.2,7.8,23.9,NaN,NaN,25.3,38.2,137,2020-05-30T09:03,27.93,0.263,2020-05-30T19:42,58320.65,46570.35,2020-05-31T03:40,0.00,0.00,2020-05-30T11:27,0.00,0.00,0.0,NaN,5.55
2020-05-31,3,24.5,13.4,9.6,22.1,NaN,NaN,30.6,54.4,180,2020-05-31T09:25,23.39,0.300,2020-05-31T21:03,58434.78,20256.37,2020-06-01T03:41,0.00,0.00,2020-05-31T11:26,0.00,0.00,0.0,NaN,4.44
2020-06-01,2,18.5,5.8,3.5,15.1,NaN,NaN,25.5,52.9,282,2020-06-01T09:45,26.80,0.337,2020-06-01T22:26,58543.37,44833.53,2020-06-02T03:42,0.00,0.00,2020-06-01T11:26,0.00,0.00,0.0,NaN,4.09
2020-06-02,0,21.1,4.7,1.7,17.9,NaN,NaN,27.1,42.8,240,2020-06-02T10:05,31.11,0.375,2020-06-02T23:50,58646.37,55493.75,2020-06-03T03:43,0.00,0.00,2020-06-02T11:25,0.00,0.00,0.0,NaN,5.54
2020-06-03,1,20.7,7.1,4.4,16.7,NaN,NaN,28.2,61.6,276,2020-06-03T10:27,30.83,0.413,,58744.64,54347.02,2020-06-04T03:44,0.00,0.00,2020-06-03T11:24,0.00,0.00,0.0,NaN,5.97
2020-06-04,0,16.8,4.5,1.4,13.1,NaN,NaN,18.5,35.6,346,2020-06-04T10:53,29.22,0.451,2020-06-04T01:15,58838.23,41773.99,2020-06-05T03:45,0.00,0.00,2020-06-04T11:24,0.00,0.00,0.0,NaN,4.74
2020-06-05,63,18.1,2.8,0.5,15.3,NaN,NaN,20.9,30.6,145,2020-06-05T11:26,26.62,0.489,2020-06-05T02:39,58927.03,43330.15,2020-06-06T03:46,4.70,0.00,2020-06-05T11:23,0.00,4.70,2.0,NaN,4.22
2020-06-06,53,18.5,8.6,6.1,17.6,NaN,NaN,25.0,33.8,136,2020-06-06T12:06,26.13,0.526,2020-06-06T03:59,59010.98,36856.69,2020-06-07T03:47,0.70,0.00,2020-06-06T11:23,0.00,0.70,1.0,NaN,4.12
2020-06-07,65,18.0,8.6,2.8,15.8,NaN,NaN,36.5,62.3,322,2020-06-07T12:58,19.16,0.562,2020-06-07T05:10,59089.93,10039.91,2020-06-08T03:47,17.00,0.00,2020-06-07T11:22,0.00,17.00,6.0,NaN,2.47
2020-06-08,73,14.9,3.8,0.7,14.5,NaN,NaN,22.6,30.6,250,2020-06-08T14:00,22.89,0.596,2020-06-08T06:07,59163.81,37863.21,2020-06-09T03:48,6.60,0.00,2020-06-08T11:22,0.70,7.60,1.0,NaN,3.34
2020-06-09,61,17.7,4.2,1.3,13.7,NaN,NaN,30.2,52.9,270,2020-06-09T15:08,23.63,0.630,2020-06-09T06:51,59232.51,35052.69,2020-06-10T03:49,4.40,0.00,2020-06-09T11:21,0.00,4.40,4.0,NaN,4.03
2020-06-10,0,21.1,7.7,4.8,18.4,NaN,NaN,23.8,44.3,280,2020-06-10T16:18,25.36,0.663,2020-06-10T07:25,59295.94,39308.86,2020-06-11T03:50,0.00,0.00,2020-06-10T11:21,0.00,0.00,0.0,NaN,5.15
2020-06-11,0,23.4,9.2,6.3,20.9,NaN,NaN,16.4,32.0,294,2020-06-11T17:29,27.94,0.695,2020-06-11T07:51,59354.00,40718.33,2020-06-12T03:50,0.00,0.00,2020-06-11T11:21,0.00,0.00,0.0,NaN,5.69
2020-06-12,3,26.8,10.5,8.9,25.4,NaN,NaN,18.6,36.0,178,2020-06-12T18:37,29.21,0.726,2020-06-12T08:12,59406.60,44432.23,2020-06-13T03:51,0.00,0.00,2020-06-12T11:20,0.00,0.00,0.0,NaN,6.14
2020-06-13,3,24.9,9.6,7.4,22.8,NaN,NaN,26.6,47.2,335,2020-06-13T19:45,25.77,0.757,2020-06-13T08:30,59453.66,45772.96,2020-06-14T03:52,0.00,0.00,2020-06-13T11:20,0.00,0.00,0.0,NaN,4.70
2020-06-14,53,19.5,9.4,7.8,19.5,NaN,NaN,29.0,51.8,273,2020-06-14T20:51,28.65,0.788,2020-06-14T08:46,59495.10,38280.77,2020-06-15T03:52,1.10,0.00,2020-06-14T11:20,0.00,1.10,2.0,NaN,4.65
2020-06-15,3,19.4,9.7,6.0,15.5,NaN,NaN,35.6,52.6,273,2020-06-15T21:58,30.69,0.818,2020-06-15T09:02,59530.82,45225.80,2020-06-16T03:53,0.00,0.00,2020-06-15T11:20,0.00,0.00,0.0,NaN,6.07
2020-06-16,2,18.9,8.2,4.7,16.5,NaN,NaN,28.4,39.2,315,2020-06-16T23:05,29.26,0.848,2020-06-16T09:18,59560.76,46836.87,2020-06-17T03:53,0.00,0.00,2020-06-16T11:20,0.00,0.00,0.0,NaN,5.58
2020-06-17,3,17.1,9.2,6.9,14.2,NaN,NaN,28.2,40.0,339,,22.55,0.879,2020-06-17T09:36,59584.84,23892.92,2020-06-18T03:53,0.00,0.00,2020-06-17T11:20,0.00,0.00,0.0,NaN,3.54
2020-06-18,53,15.6,7.7,5.9,14.9,NaN,NaN,23.7,47.5,354,2020-06-18T00:13,23.44,0.910,2020-06-18T09:56,59602.98,29594.02,2020-06-19T03:54,1.40,0.00,2020-06-18T11:20,0.00,1.40,2.0,NaN,3.37
2020-06-19,1,20.6,6.3,4.9,19.4,NaN,NaN,15.2,32.4,355,2020-06-19T01:23,27.32,0.942,2020-06-19T10:21,59615.14,45140.94,2020-06-20T03:54,0.00,0.00,2020-06-19T11:20,0.00,0.00,0.0,NaN,4.48
2020-06-20,3,23.1,9.7,8.7,23.7,NaN,NaN,17.1,24.8,270,2020-06-20T02:32,28.65,0.974,2020-06-20T10:54,59621.24,54388.93,2020-06-21T03:54,0.00,0.00,2020-06-20T11:20,0.00,0.00,0.0,NaN,5.15
2020-06-21,1,22.3,11.4,10.7,22.1,NaN,NaN,14.2,25.9,352,2020-06-21T03:39,26.13,0.007,2020-06-21T11:37,59621.23,46694.66,2020-06-22T03:54,0.00,0.00,2020-06-21T11:21,0.00,0.00,0.0,NaN,4.69
2020-06-22,1,24.6,8.4,6.9,24.0,NaN,NaN,17.5,28.8,249,2020-06-22T04:39,29.31,0.041,2020-06-22T12:31,59615.03,48705.18,2020-06-23T03:54,0.00,0.00,2020-06-22T11:21,0.00,0.00,0.0,NaN,5.14
2020-06-23,1,24.5,13.1,11.4,25.1,NaN,NaN,13.1,25.6,230,2020-06-23T05:30,30.37,0.076,2020-06-23T13:37,59602.53,52788.26,2020-06-24T03:55,0.00,0.00,2020-06-23T11:21,0.00,0.00,0.0,NaN,6.01
2020-06-24,53,24.4,13.8,12.2,22.9,NaN,NaN,20.2,35.3,342,2020-06-24T06:11,23.78,0.111,2020-06-24T14:51,59583.82,38061.80,2020-06-25T03:55,0.70,0.00,2020-06-24T11:21,0.00,0.70,1.0,NaN,4.18
2020-06-25,3,22.4,8.6,7.7,22.5,NaN,NaN,23.1,29.9,336,2020-06-25T06:43,29.19,0.146,2020-06-25T16:09,59558.97,48641.98,2020-06-26T03:55,0.00,0.00,2020-06-25T11:22,0.00,0.00,0.0,NaN,4.86
2020-06-26,51,24.5,13.2,11.8,25.5,NaN,NaN,33.6,38.2,116,2020-06-26T07:09,30.00,0.182,2020-06-26T17:30,59528.08,52049.56,2020-06-27T03:54,0.80,0.00,2020-06-26T11:22,0.00,0.80,2.0,NaN,5.39
2020-06-27,81,18.7,10.5,9.2,16.8,NaN,NaN,21.5,25.2,34,2020-06-27T07:31,23.33,0.219,2020-06-27T18:50,59491.24,40294.67,2020-06-28T03:54,5.40,0.00,2020-06-27T11:23,0.00,5.40,2.0,NaN,3.81
2020-06-28,73,13.9,8.1,5.5,11.8,NaN,NaN,21.2,37.1,348,2020-06-28T07:51,17.50,0.256,2020-06-28T20:11,59448.57,5942.23,2020-06-29T03:54,41.30,0.00,2020-06-28T11:23,0.42,41.90,9.0,NaN,2.23
2020-06-29,51,16.2,10.0,6.7,14.7,NaN,NaN,23.5,43.6,347,2020-06-29T08:10,19.53,0.293,2020-06-29T21:33,59400.16,14400.00,2020-06-30T03:54,0.40,0.00,2020-06-29T11:24,0.00,0.40,1.0,NaN,2.81
2020-06-30,65,16.3,10.7,7.1,14.9,NaN,NaN,28.9,59.4,343,2020-06-30T08:31,11.16,0.330,2020-06-30T22:55,59346.15,13825.50,2020-07-01T03:54,18.80,0.00,2020-06-30T11:25,0.00,18.80,10.0,NaN,1.53
2020-07-01,65,18.6,9.6,6.3,18.0,NaN,NaN,26.2,57.6,304,2020-07-01T08:55,23.94,0.367,,59286.63,28800.00,2020-07-02T03:53,26.70,0.00,2020-07-01T11:25,0.00,26.70,7.0,NaN,3.72
2020-07-02,51,19.1,10.0,7.4,15.3,NaN,NaN,23.7,54.0,238,2020-07-02T09:23,28.54,0.403,2020-07-02T00:17,59221.73,33373.26,2020-07-03T03:53,0.40,0.00,2020-07-02T11:26,0.00,0.40,1.0,NaN,4.91
2020-07-03,2,23.5,8.4,6.3,20.8,NaN,NaN,19.8,45.0,238,2020-07-03T09:59,31.68,0.440,2020-07-03T01:38,59151.55,54000.00,2020-07-04T03:52,0.00,0.00,2020-07-03T11:27,0.00,0.00,0.0,NaN,5.78
2020-07-04,0,23.1,9.5,7.9,20.2,NaN,NaN,27.3,39.6,284,2020-07-04T10:45,27.75,0.475,2020-07-04T02:51,59076.23,47866.60,2020-07-05T03:52,0.00,0.00,2020-07-04T11:28,0.00,0.00,0.0,NaN,5.03
2020-07-05,0,20.0,6.4,4.9,19.2,NaN,NaN,26.8,40.7,255,2020-07-05T11:43,29.35,0.511,2020-07-05T03:54,58995.89,55088.60,2020-07-06T03:51,0.00,0.00,2020-07-05T11:29,0.00,0.00,0.0,NaN,4.96
2020-07-06,1,22.4,8.1,7.0,22.0,NaN,NaN,18.0,29.9,148,2020-07-06T12:48,29.67,0.545,2020-07-06T04:44,58910.63,52655.84,2020-07-07T03:51,0.00,0.00,2020-07-06T11:29,0.00,0.00,0.0,NaN,5.03
2020-07-07,65,22.2,9.1,7.7,20.1,NaN,NaN,24.5,24.8,50,2020-07-07T13:59,21.53,0.578,2020-07-07T05:23,58820.62,34155.23,2020-07-08T03:50,7.90,0.00,2020-07-07T11:30,0.00,7.90,1.0,NaN,3.55
2020-07-08,61,17.0,10.0,6.1,13.8,NaN,NaN,36.5,60.1,320,2020-07-08T15:11,23.05,0.611,2020-07-08T05:53,58725.96,26338.69,2020-07-09T03:50,1.80,0.00,2020-07-08T11:31,0.00,1.80,2.0,NaN,3.14
2020-07-09,1,20.6,8.0,6.4,20.5,NaN,NaN,25.2,38.9,202,2020-07-09T16:21,30.00,0.643,2020-07-09T06:15,58626.76,54284.40,2020-07-10T03:49,0.00,0.00,2020-07-09T11:32,0.00,0.00,0.0,NaN,4.73
2020-07-10,53,21.5,10.4,8.9,20.8,NaN,NaN,15.7,26.3,287,2020-07-10T17:30,28.95,0.674,2020-07-10T06:34,58523.18,46825.37,2020-07-11T03:48,0.70,0.00,2020-07-10T11:33,0.00,0.70,1.0,NaN,4.97
2020-07-11,2,25.7,8.4,6.0,24.3,NaN,NaN,18.2,29.5,190,2020-07-11T18:36,30.86,0.705,2020-07-11T06:51,58415.35,54000.00,2020-07-12T03:47,0.00,0.00,2020-07-11T11:34,0.00,0.00,0.0,NaN,5.80
2020-07-12,81,25.2,13.7,11.7,22.7,NaN,NaN,18.4,33.8,206,2020-07-12T19:43,26.07,0.735,2020-07-12T07:07,58303.17,42955.45,2020-07-13T03:46,6.20,0.00,2020-07-12T11:35,0.00,6.20,2.0,NaN,4.83
2020-07-13,63,17.5,7.5,5.1,15.2,NaN,NaN,27.0,37.8,326,2020-07-13T20:50,22.53,0.766,2020-07-13T07:23,58185.64,31766.45,2020-07-14T03:46,4.00,0.00,2020-07-13T11:36,0.00,4.00,3.0,NaN,3.81
2020-07-14,1,22.8,6.5,3.4,20.6,NaN,NaN,16.5,32.8,274,2020-07-14T21:57,23.61,0.796,2020-07-14T07:40,58062.81,32400.00,2020-07-15T03:45,0.00,0.00,2020-07-14T11:38,0.00,0.00,0.0,NaN,4.63
2020-07-15,2,22.1,10.3,8.0,21.4,NaN,NaN,16.1,33.5,355,2020-07-15T23:06,25.25,0.827,2020-07-15T07:59,57934.92,39600.00,2020-07-16T03:44,0.00,0.00,2020-07-15T11:39,0.00,0.00,0.0,NaN,4.84
2020-07-16,2,26.6,10.6,9.3,25.7,NaN,NaN,18.7,38.2,194,,27.12,0.858,2020-07-16T08:22,57802.20,46800.00,2020-07-17T03:43,0.00,0.00,2020-07-16T11:40,0.00,0.00,0.0,NaN,5.20
2020-07-17,3,26.5,10.5,9.2,23.4,NaN,NaN,18.9,39.6,293,2020-07-17T00:15,28.49,0.890,2020-07-17T08:51,57664.87,54000.00,2020-07-18T03:41,0.00,0.00,2020-07-17T11:41,0.00,0.00,0.0,NaN,5.28
2020-07-18,51,22.2,7.6,5.6,21.4,NaN,NaN,28.1,38.9,354,2020-07-18T01:24,25.79,0.923,2020-07-18T09:30,57523.19,48973.73,2020-07-19T03:40,0.40,0.00,2020-07-18T11:42,0.00,0.40,1.0,NaN,4.62
2020-07-19,82,20.7,11.3,10.6,20.4,NaN,NaN,20.5,27.7,89,2020-07-19T02:27,23.79,0.957,2020-07-19T10:19,57377.35,44110.96,2020-07-20T03:39,8.30,0.00,2020-07-19T11:44,0.00,8.30,1.0,NaN,4.26
2020-07-20,51,22.2,9.2,7.4,21.6,NaN,NaN,17.3,25.2,335,2020-07-20T03:23,27.08,0.992,2020-07-20T11:21,57227.61,46800.00,2020-07-21T03:38,0.40,0.00,2020-07-20T11:45,0.00,0.40,1.0,NaN,4.58
2020-07-21,1,26.7,10.4,9.5,27.0,NaN,NaN,19.0,31.0,161,2020-07-21T04:08,28.70,0.027,2020-07-21T12:34,57074.17,54000.00,2020-07-22T03:37,0.00,0.00,2020-07-21T11:46,0.00,0.00,0.0,NaN,5.51
2020-07-22,80,26.6,13.1,12.5,25.5,NaN,NaN,18.0,25.9,55,2020-07-22T04:44,25.80,0.064,2020-07-22T13:54,56917.25,48662.68,2020-07-23T03:35,1.40,0.00,2020-07-22T11:48,0.00,1.40,1.0,NaN,4.88
2020-07-23,80,22.7,16.0,17.1,24.5,NaN,NaN,34.7,34.9,56,2020-07-23T05:13,21.64,0.101,2020-07-23T15:16,56757.07,25815.71,2020-07-24T03:34,4.00,0.00,2020-07-23T11:49,0.00,4.00,4.0,NaN,3.59
2020-07-24,65,20.0,9.0,7.5,20.0,NaN,NaN,17.9,25.9,7,2020-07-24T05:36,24.35,0.138,2020-07-24T16:38,56593.83,43200.00,2020-07-25T03:33,14.80,0.00,2020-07-24T11:50,0.00,14.80,3.0,NaN,3.66
2020-07-25,63,19.8,6.2,4.2,19.1,NaN,NaN,41.0,49.3,319,2020-07-25T05:57,25.43,0.175,2020-07-25T18:00,56427.73,43223.03,2020-07-26T03:31,6.90,0.00,2020-07-25T11:52,0.00,6.90,2.0,NaN,3.92
2020-07-26,0,22.6,7.8,5.8,23.6,NaN,NaN,13.0,28.1,64,2020-07-26T06:16,28.52,0.212,2020-07-26T19:21,56258.97,53998.09,2020-07-27T03:30,0.00,0.00,2020-07-26T11:53,0.00,0.00,0.0,NaN,5.02
2020-07-27,0,27.7,8.9,7.2,26.4,NaN,NaN,18.3,24.1,161,2020-07-27T06:37,28.84,0.249,2020-07-27T20:42,56087.74,53914.48,2020-07-28T03:28,0.00,0.00,2020-07-27T11:55,0.00,0.00,0.0,NaN,5.63
2020-07-28,0,29.1,12.1,10.7,30.2,NaN,NaN,18.4,30.6,145,2020-07-28T06:59,28.39,0.286,2020-07-28T22:04,55914.25,53830.37,2020-07-29T03:27,0.00,0.00,2020-07-28T11:56,0.00,0.00,0.0,NaN,6.10
2020-07-29,45,28.9,15.8,15.2,29.6,NaN,NaN,18.0,42.8,17,2020-07-29T07:25,26.07,0.322,2020-07-29T23:23,55738.68,44890.69,2020-07-30T03:25,0.00,0.00,2020-07-29T11:57,0.00,0.00,0.0,NaN,5.21
2020-07-30,3,27.8,16.2,17.1,28.0,NaN,NaN,18.6,24.8,42,2020-07-30T07:58,23.31,0.357,,55561.19,36000.00,2020-07-31T03:24,0.00,0.00,2020-07-30T11:59,0.00,0.00,0.0,NaN,4.63
2020-07-31,3,27.1,16.4,16.6,28.2,NaN,NaN,19.1,27.4,124,2020-07-31T08:39,24.46,0.392,2020-07-31T00:38,55381.97,42776.10,2020-08-01T03:22,0.00,0.00,2020-07-31T12:00,0.00,0.00,0.0,NaN,4.59
2020-08-01,3,28.3,15.0,14.6,28.6,NaN,NaN,23.5,37.8,139,2020-08-01T09:31,26.00,0.427,2020-08-01T01:44,55200.91,49131.42,2020-08-02T03:21,0.00,0.00,2020-08-01T12:02,0.00,0.00,0.0,NaN,5.35
2020-08-02,3,28.4,14.5,14.0,29.2,NaN,NaN,19.1,39.2,161,2020-08-02T10:33,27.06,0.461,2020-08-02T02:38,55016.56,49804.73,2020-08-03T03:19,0.00,0.00,2020-08-02T12:03,0.00,0.00,0.0,NaN,5.55
2020-08-03,1,29.9,14.4,14.5,27.6,NaN,NaN,34.6,47.2,227,2020-08-03T11:42,27.05,0.495,2020-08-03T03:21,54828.88,51494.31,2020-08-04T03:17,0.00,0.00,2020-08-03T12:05,0.00,0.00,0.0,NaN,5.85
2020-08-04,0,25.5,9.7,7.8,24.7,NaN,NaN,27.6,41.0,11,2020-08-04T12:53,27.17,0.527,2020-08-04T03:53,54638.09,50396.05,2020-08-05T03:16,0.00,0.00,2020-08-04T12:06,0.00,0.00,0.0,NaN,5.00
2020-08-05,0,29.3,10.7,10.0,27.8,NaN,NaN,19.8,25.9,152,2020-08-05T14:04,27.10,0.560,2020-08-05T04:18,54444.43,50110.98,2020-08-06T03:14,0.00,0.00,2020-08-05T12:08,0.00,0.00,0.0,NaN,5.82
2020-08-06,2,29.1,11.6,10.1,26.0,NaN,NaN,29.1,43.2,196,2020-08-06T15:14,23.63,0.591,2020-08-06T04:38,54248.10,39891.72,2020-08-07T03:12,0.00,0.00,2020-08-06T12:09,0.00,0.00,0.0,NaN,5.87
2020-08-07,61,25.7,10.4,7.2,22.3,NaN,NaN,33.5,55.1,301,2020-08-07T16:22,23.71,0.622,2020-08-07T04:56,54049.35,37253.83,2020-08-08T03:10,1.40,0.00,2020-08-07T12:11,0.00,1.40,1.0,NaN,4.63
2020-08-08,1,22.1,10.5,8.2,19.5,NaN,NaN,39.1,45.4,282,2020-08-08T17:29,24.47,0.653,2020-08-08T05:12,53848.34,48721.46,2020-08-09T03:09,0.00,0.00,2020-08-08T12:12,0.00,0.00,0.0,NaN,5.20
2020-08-09,1,20.8,4.8,1.8,17.2,NaN,NaN,40.3,47.5,318,2020-08-09T18:35,26.08,0.683,2020-08-09T05:28,53645.31,45579.30,2020-08-10T03:07,0.00,0.00,2020-08-09T12:14,0.00,0.00,0.0,NaN,4.48
2020-08-10,0,25.7,9.9,7.2,23.9,NaN,NaN,16.8,43.2,281,2020-08-10T19:43,24.54,0.714,2020-08-10T05:44,53440.44,45487.76,2020-08-11T03:05,0.00,0.00,2020-08-10T12:15,0.00,0.00,0.0,NaN,5.20
2020-08-11,1,26.0,8.7,7.3,21.9,NaN,NaN,22.7,42.5,129,2020-08-11T20:50,25.16,0.744,2020-08-11T06:02,53233.94,48995.91,2020-08-12T03:03,0.00,0.00,2020-08-11T12:17,0.00,0.00,0.0,NaN,4.70
2020-08-12,3,21.6,9.9,5.8,19.2,NaN,NaN,27.9,43.6,4,2020-08-12T21:59,24.18,0.775,2020-08-12T06:23,53025.98,37890.32,2020-08-13T03:01,0.00,0.00,2020-08-12T12:19,0.00,0.00,0.0,NaN,4.27
2020-08-13,63,21.6,5.8,3.7,18.5,NaN,NaN,19.4,25.2,251,2020-08-13T23:07,21.82,0.806,2020-08-13T06:49,52816.74,34411.54,2020-08-14T02:59,7.20,0.00,2020-08-13T12:20,0.00,7.20,1.0,NaN,3.98
2020-08-14,3,22.6,7.0,5.0,19.3,NaN,NaN,23.0,42.8,289,,21.63,0.838,2020-08-14T07:23,52606.40,40983.83,2020-08-15T02:57,0.00,0.00,2020-08-14T12:22,0.00,0.00,0.0,NaN,4.42
2020-08-15,3,26.2,10.7,9.0,25.0,NaN,NaN,16.3,33.5,275,2020-08-15T00:12,24.00,0.871,2020-08-15T08:06,52395.14,48612.76,2020-08-16T02:55,0.00,0.00,2020-08-15T12:23,0.00,0.00,0.0,NaN,4.82
2020-08-16,0,30.7,9.4,8.0,28.6,NaN,NaN,20.5,31.7,152,2020-08-16T01:11,25.07,0.905,2020-08-16T09:02,52183.10,48262.90,2020-08-17T02:53,0.00,0.00,2020-08-16T12:25,0.00,0.00,0.0,NaN,5.52
2020-08-17,3,32.5,13.4,11.8,30.9,NaN,NaN,23.1,33.1,217,2020-08-17T02:01,24.36,0.941,2020-08-17T10:11,51970.48,46800.00,2020-08-18T02:51,0.00,0.00,2020-08-17T12:26,0.00,0.00,0.0,NaN,6.46
2020-08-18,2,32.3,14.1,13.0,29.7,NaN,NaN,35.8,41.8,266,2020-08-18T02:41,23.88,0.977,2020-08-18T11:29,51757.40,44581.46,2020-08-19T02:49,0.00,0.00,2020-08-18T12:28,0.00,0.00,0.0,NaN,5.91
2020-08-19,1,31.9,13.5,11.3,27.7,NaN,NaN,17.7,30.2,334,2020-08-19T03:13,24.04,0.015,2020-08-19T12:52,51544.04,47611.86,2020-08-20T02:47,0.00,0.00,2020-08-19T12:29,0.00,0.00,0.0,NaN,5.37
2020-08-20,3,25.0,12.9,12.5,25.0,NaN,NaN,14.8,22.3,351,2020-08-20T03:39,21.12,0.053,2020-08-20T14:17,51330.55,39105.70,2020-08-21T02:45,0.00,0.00,2020-08-20T12:31,0.00,0.00,0.0,NaN,4.13
2020-08-21,3,26.8,9.7,9.0,25.4,NaN,NaN,13.8,37.4,88,2020-08-21T04:01,22.84,0.091,2020-08-21T15:42,51116.77,43200.00,2020-08-22T02:43,0.00,0.00,2020-08-21T12:33,0.00,0.00,0.0,NaN,4.33
2020-08-22,3,26.1,13.0,10.9,25.6,NaN,NaN,29.6,42.8,261,2020-08-22T04:21,23.48,0.129,2020-08-22T17:06,50901.19,46800.00,2020-08-23T02:41,0.00,0.00,2020-08-22T12:34,0.00,0.00,0.0,NaN,5.47
2020-08-23,0,24.2,6.5,4.2,21.0,NaN,NaN,15.3,41.8,11,2020-08-23T04:41,22.99,0.167,2020-08-23T18:30,50683.69,46092.06,2020-08-24T02:39,0.00,0.00,2020-08-23T12:36,0.00,0.00,0.0,NaN,4.36
2020-08-24,1,28.0,8.6,6.5,24.8,NaN,NaN,17.8,40.0,111,2020-08-24T05:03,22.86,0.205,2020-08-24T19:53,50464.46,45754.15,2020-08-25T02:37,0.00,0.00,2020-08-24T12:37,0.00,0.00,0.0,NaN,4.64
2020-08-25,0,28.5,9.0,7.6,24.8,NaN,NaN,29.9,51.1,354,2020-08-25T05:28,21.69,0.241,2020-08-25T21:14,50243.68,39600.00,2020-08-26T02:35,0.00,0.00,2020-08-25T12:39,0.00,0.00,0.0,NaN,4.47
2020-08-26,53,23.9,6.6,4.9,22.1,NaN,NaN,12.9,32.4,241,2020-08-26T05:59,21.91,0.277,2020-08-26T22:30,50021.49,41545.42,2020-08-27T02:33,0.70,0.00,2020-08-26T12:40,0.00,0.70,1.0,NaN,4.12
2020-08-27,1,23.9,8.2,5.6,20.9,NaN,NaN,15.5,30.2,360,2020-08-27T06:37,18.48,0.312,2020-08-27T23:39,49798.06,42338.18,2020-08-28T02:31,0.00,0.00,2020-08-27T12:42,0.00,0.00,0.0,NaN,3.47
2020-08-28,0,25.6,7.2,4.7,23.1,NaN,NaN,13.8,26.6,148,2020-08-28T07:25,22.07,0.346,,49573.56,46800.00,2020-08-29T02:28,0.00,0.00,2020-08-28T12:44,0.00,0.00,0.0,NaN,4.17
2020-08-29,2,25.1,8.5,5.0,22.2,NaN,NaN,29.2,53.6,336,2020-08-29T08:23,19.50,0.379,2020-08-29T00:35,49348.14,40858.97,2020-08-30T02:26,0.00,0.00,2020-08-29T12:45,0.00,0.00,0.0,NaN,3.43
2020-08-30,3,17.3,4.2,1.7,14.5,NaN,NaN,14.7,38.2,298,2020-08-30T09:29,20.40,0.412,2020-08-30T01:20,49121.94,44900.06,2020-08-31T02:24,0.00,0.00,2020-08-30T12:47,0.00,0.00,0.0,NaN,3.10
2020-08-31,51,18.7,5.2,2.5,15.3,NaN,NaN,20.4,33.8,189,2020-08-31T10:39,19.76,0.445,2020-08-31T01:55,48895.11,36000.00,2020-09-01T02:22,0.40,0.00,2020-08-31T12:48,0.00,0.40,1.0,NaN,3.72
2020-09-01,3,23.1,13.5,10.5,19.6,NaN,NaN,25.3,65.5,290,2020-09-01T11:51,20.67,0.477,2020-09-01T02:22,48667.80,46382.08,2020-09-02T02:20,0.00,0.00,2020-09-01T12:50,0.00,0.00,0.0,NaN,4.90
2020-09-02,3,22.7,9.7,4.0,20.1,NaN,NaN,40.4,64.8,327,2020-09-02T13:01,17.69,0.509,2020-09-02T02:43,48440.15,28753.67,2020-09-03T02:17,0.00,0.00,2020-09-02T12:51,0.00,0.00,0.0,NaN,3.49
2020-09-03,0,24.0,4.0,2.0,20.2,NaN,NaN,22.8,43.9,290,2020-09-03T14:09,19.60,0.540,2020-09-03T03:02,48212.29,39600.00,2020-09-04T02:15,0.00,0.00,2020-09-03T12:53,0.00,0.00,0.0,NaN,3.66
2020-09-04,0,26.4,5.8,3.4,24.0,NaN,NaN,23.4,37.8,227,2020-09-04T15:17,20.08,0.571,2020-09-04T03:18,47984.36,39570.43,2020-09-05T02:13,0.00,0.00,2020-09-04T12:55,0.00,0.00,0.0,NaN,4.26
2020-09-05,0,28.5,10.3,8.3,26.8,NaN,NaN,30.3,44.6,62,2020-09-05T16:23,19.31,0.601,2020-09-05T03:34,47756.49,39477.33,2020-09-06T02:11,0.00,0.00,2020-09-05T12:56,0.00,0.00,0.0,NaN,4.68
2020-09-06,3,23.8,9.6,7.5,19.3,NaN,NaN,29.7,38.5,24,2020-09-06T17:30,12.53,0.631,2020-09-06T03:49,47528.82,12169.33,2020-09-07T02:08,0.00,0.00,2020-09-06T12:58,0.00,0.00,0.0,NaN,2.58
2020-09-07,61,10.8,4.1,-0.4,9.0,NaN,NaN,22.7,37.4,359,2020-09-07T18:37,11.29,0.661,2020-09-07T04:06,47301.47,10800.00,2020-09-08T02:06,14.00,0.00,2020-09-07T12:59,0.00,14.00,12.0,NaN,1.49
2020-09-08,3,19.7,-0.4,-4.2,15.4,NaN,NaN,21.3,37.8,292,2020-09-08T19:45,18.63,0.692,2020-09-08T04:25,47074.56,42798.56,2020-09-09T02:04,0.00,0.00,2020-09-08T13:01,0.00,0.00,0.0,NaN,3.02
2020-09-09,0,22.2,4.6,2.5,20.0,NaN,NaN,21.8,38.2,301,2020-09-09T20:52,19.27,0.722,2020-09-09T04:48,46848.23,42705.85,2020-09-10T02:02,0.00,0.00,2020-09-09T13:02,0.00,0.00,0.0,NaN,3.41
2020-09-10,0,24.8,6.6,3.7,22.6,NaN,NaN,9.4,18.4,198,2020-09-10T21:58,19.43,0.753,2020-09-10T05:18,46622.33,42613.22,2020-09-11T02:00,0.00,0.00,2020-09-10T13:04,0.00,0.00,0.0,NaN,3.59
2020-09-11,0,28.7,7.7,5.6,25.5,NaN,NaN,10.2,36.0,307,2020-09-11T22:59,18.88,0.785,2020-09-11T05:56,46395.31,42520.37,2020-09-12T01:57,0.00,0.00,2020-09-11T13:05,0.00,0.00,0.0,NaN,3.85
2020-09-12,45,29.0,9.5,6.5,25.0,NaN,NaN,23.5,45.0,75,2020-09-12T23:52,15.56,0.818,2020-09-12T06:45,46167.05,31627.30,2020-09-13T01:55,0.00,0.00,2020-09-12T13:07,0.00,0.00,0.0,NaN,3.28
2020-09-13,3,15.3,7.1,3.7,14.0,NaN,NaN,17.6,42.1,137,,17.64,0.852,2020-09-13T07:48,45937.69,35134.01,2020-09-14T01:53,0.00,0.00,2020-09-13T13:09,0.00,0.00,0.0,NaN,2.98
2020-09-14,3,14.3,5.8,3.3,11.9,NaN,NaN,14.4,26.6,353,2020-09-14T00:35,13.58,0.888,2020-09-14T09:01,45707.37,18430.28,2020-09-15T01:51,0.00,0.00,2020-09-14T13:10,0.00,0.00,0.0,NaN,1.78
2020-09-15,3,12.3,6.9,5.1,9.4,NaN,NaN,18.4,24.5,5,2020-09-15T01:10,13.52,0.925,2020-09-15T10:21,45476.24,20943.39,2020-09-16T01:48,0.00,0.00,2020-09-15T13:12,0.00,0.00,0.0,NaN,1.80
2020-09-16,45,19.6,7.7,5.1,18.1,NaN,NaN,14.3,41.4,156,2020-09-16T01:38,16.03,0.963,2020-09-16T11:47,45244.42,33366.67,2020-09-17T01:46,0.00,0.00,2020-09-16T13:13,0.00,0.00,0.0,NaN,2.58
2020-09-17,45,21.5,4.8,2.7,18.5,NaN,NaN,15.8,24.5,149,2020-09-17T02:02,17.22,0.002,2020-09-17T13:13,45012.06,40247.71,2020-09-18T01:44,0.00,0.00,2020-09-17T13:15,0.00,0.00,0.0,NaN,3.05
2020-09-18,45,20.3,5.8,4.0,18.9,NaN,NaN,17.1,25.6,162,2020-09-18T02:23,16.82,0.041,2020-09-18T14:40,44779.28,41864.66,2020-09-19T01:41,0.00,0.00,2020-09-18T13:16,0.00,0.00,0.0,NaN,2.96
2020-09-19,3,20.5,8.3,6.4,18.2,NaN,NaN,19.2,33.1,304,2020-09-19T02:43,13.31,0.080,2020-09-19T16:07,44546.22,18702.98,2020-09-20T01:39,0.00,0.00,2020-09-19T13:18,0.00,0.00,0.0,NaN,2.75
2020-09-20,63,18.9,11.4,9.5,16.8,NaN,NaN,21.7,36.0,326,2020-09-20T03:05,14.94,0.119,2020-09-20T17:34,44313.01,28800.00,2020-09-21T01:37,2.90,0.00,2020-09-20T13:20,0.00,2.90,1.0,NaN,2.88
2020-09-21,1,20.4,5.2,2.3,17.9,NaN,NaN,12.0,24.5,195,2020-09-21T03:29,15.41,0.157,2020-09-21T18:59,44079.79,34381.03,2020-09-22T01:34,0.00,0.00,2020-09-21T13:21,0.00,0.00,0.0,NaN,2.90
2020-09-22,2,18.9,4.8,2.4,15.6,NaN,NaN,15.9,22.3,47,2020-09-22T03:58,14.75,0.194,2020-09-22T20:20,43846.68,38089.14,2020-09-23T01:32,0.00,0.00,2020-09-22T13:23,0.00,0.00,0.0,NaN,2.60
2020-09-23,3,21.3,2.6,-0.1,18.2,NaN,NaN,20.4,33.8,178,2020-09-23T04:34,13.84,0.230,2020-09-23T21:33,43613.81,24212.03,2020-09-24T01:30,0.00,0.00,2020-09-23T13:24,0.00,0.00,0.0,NaN,2.79
2020-09-24,3,19.3,12.0,6.8,15.6,NaN,NaN,34.8,62.3,246,2020-09-24T05:20,15.75,0.265,2020-09-24T22:34,43381.31,33746.11,2020-09-25T01:28,0.00,0.00,2020-09-24T13:26,0.00,0.00,0.0,NaN,4.14
2020-09-25,3,16.2,5.5,1.4,11.1,NaN,NaN,20.8,51.8,225,2020-09-25T06:16,12.88,0.298,2020-09-25T23:22,43149.32,26594.68,2020-09-26T01:25,0.00,0.00,2020-09-25T13:27,0.00,0.00,0.0,NaN,2.94
2020-09-26,2,15.6,6.1,2.7,10.7,NaN,NaN,28.7,60.5,284,2020-09-26T07:20,13.64,0.331,2020-09-26T23:59,42917.97,25200.00,2020-09-27T01:23,0.00,0.00,2020-09-26T13:29,0.00,0.00,0.0,NaN,3.17
2020-09-27,0,16.8,1.9,-1.9,12.4,NaN,NaN,19.1,37.4,296,2020-09-27T08:29,15.62,0.364,,42687.39,38188.77,2020-09-28T01:21,0.00,0.00,2020-09-27T13:31,0.00,0.00,0.0,NaN,3.15
2020-09-28,3,22.7,5.7,2.4,19.4,NaN,NaN,30.3,61.9,271,2020-09-28T09:40,14.86,0.395,2020-09-28T00:27,42457.69,38073.17,2020-09-29T01:19,0.00,0.00,2020-09-28T13:32,0.00,0.00,0.0,NaN,3.41
2020-09-29,1,20.4,10.7,8.4,15.7,NaN,NaN,23.5,54.4,340,2020-09-29T10:50,14.03,0.427,2020-09-29T00:50,42229.04,35044.90,2020-09-30T01:16,0.00,0.00,2020-09-29T13:34,0.00,0.00,0.0,NaN,3.18
2020-09-30,3,14.1,6.6,4.1,10.9,NaN,NaN,13.9,27.4,354,2020-09-30T11:59,12.76,0.458,2020-09-30T01:09,42001.26,25200.00,2020-10-01T01:14,0.00,0.00,2020-09-30T13:35,0.00,0.00,0.0,NaN,2.16
2020-10-01,3,22.9,1.9,-1.5,19.0,NaN,NaN,15.9,26.6,145,2020-10-01T13:06,13.85,0.488,2020-10-01T01:25,41772.73,30705.79,2020-10-02T01:12,0.00,0.00,2020-10-01T13:37,0.00,0.00,0.0,NaN,2.85
2020-10-02,0,20.7,4.8,2.0,17.4,NaN,NaN,18.2,26.6,356,2020-10-02T14:13,13.80,0.519,2020-10-02T01:40,41543.29,36000.00,2020-10-03T01:10,0.00,0.00,2020-10-02T13:39,0.00,0.00,0.0,NaN,2.81
2020-10-03,0,22.1,2.5,-0.4,19.0,NaN,NaN,13.3,19.1,178,2020-10-03T15:20,13.63,0.549,2020-10-03T01:55,41313.10,36000.00,2020-10-04T01:07,0.00,0.00,2020-10-03T13:40,0.00,0.00,0.0,NaN,2.51
2020-10-04,3,20.9,8.1,5.0,18.1,NaN,NaN,17.9,31.0,342,2020-10-04T16:27,12.22,0.579,2020-10-04T02:11,41082.30,36000.00,2020-10-05T01:05,0.00,0.00,2020-10-04T13:42,0.00,0.00,0.0,NaN,2.80
2020-10-05,51,22.6,4.0,1.4,18.0,NaN,NaN,28.7,56.5,257,2020-10-05T17:35,12.85,0.609,2020-10-05T02:29,40851.04,32400.00,2020-10-06T01:03,0.40,0.00,2020-10-05T13:44,0.00,0.40,1.0,NaN,2.63
2020-10-06,2,19.9,10.1,8.0,15.8,NaN,NaN,29.3,47.2,196,2020-10-06T18:42,12.01,0.640,2020-10-06T02:50,40619.45,36000.00,2020-10-07T01:01,0.00,0.00,2020-10-06T13:45,0.00,0.00,0.0,NaN,2.76
2020-10-07,3,15.4,5.3,2.8,11.6,NaN,NaN,15.8,24.1,149,2020-10-07T19:49,11.25,0.670,2020-10-07T03:17,40387.70,28897.16,2020-10-08T00:59,0.00,0.00,2020-10-07T13:47,0.00,0.00,0.0,NaN,1.93
2020-10-08,3,17.4,3.8,0.3,15.0,NaN,NaN,26.2,33.8,110,2020-10-08T20:50,9.33,0.701,2020-10-08T03:51,40155.93,7200.00,2020-10-09T00:56,0.00,0.00,2020-10-08T13:48,0.00,0.00,0.0,NaN,2.03
2020-10-09,3,13.3,3.5,0.2,10.0,NaN,NaN,19.1,25.6,113,2020-10-09T21:45,11.22,0.733,2020-10-09T04:35,39924.29,25200.00,2020-10-10T00:54,0.00,0.00,2020-10-09T13:50,0.00,0.00,0.0,NaN,1.70
2020-10-10,3,19.2,8.3,5.5,15.4,NaN,NaN,22.0,47.9,187,2020-10-10T22:31,7.82,0.765,2020-10-10T05:30,39692.93,0.00,2020-10-11T00:52,0.00,0.00,2020-10-10T13:52,0.00,0.00,0.0,NaN,2.57
2020-10-11,3,15.9,4.2,0.4,11.4,NaN,NaN,31.9,55.1,280,2020-10-11T23:08,11.78,0.799,2020-10-11T06:37,39462.02,32400.00,2020-10-12T00:50,0.00,0.00,2020-10-11T13:53,0.00,0.00,0.0,NaN,3.10
2020-10-12,75,9.3,0.2,-3.8,2.6,NaN,NaN,26.2,47.2,301,2020-10-12T23:38,8.70,0.835,2020-10-12T07:53,39231.70,18000.00,2020-10-13T00:48,2.90,0.00,2020-10-12T13:55,2.80,6.90,5.0,NaN,1.27
2020-10-13,71,4.0,-1.1,-4.5,0.1,NaN,NaN,16.6,33.8,180,,6.22,0.871,2020-10-13T09:15,39002.13,3722.43,2020-10-14T00:45,0.60,0.00,2020-10-13T13:57,0.14,0.80,2.0,NaN,0.68
2020-10-14,73,5.8,-1.1,-4.4,1.0,NaN,NaN,18.1,36.7,356,2020-10-14T00:02,9.92,0.909,2020-10-14T10:39,38773.49,18000.00,2020-10-15T00:43,0.50,0.00,2020-10-14T13:58,0.70,1.50,3.0,NaN,1.00
2020-10-15,0,4.9,-1.7,-4.8,0.6,NaN,NaN,21.9,38.9,303,2020-10-15T00:24,11.28,0.948,2020-10-15T12:06,38545.93,33037.26,2020-10-16T00:41,0.00,0.00,2020-10-15T14:00,0.00,0.00,0.0,NaN,1.21
2020-10-16,45,3.3,-0.9,-5.9,-0.2,NaN,NaN,25.7,29.9,102,2020-10-16T00:44,8.06,0.987,2020-10-16T13:34,38319.62,19239.94,2020-10-17T00:39,0.00,0.00,2020-10-16T14:02,0.00,0.00,0.0,NaN,0.87
2020-10-17,73,-1.3,-8.4,-12.2,-6.3,NaN,NaN,18.3,41.8,347,2020-10-17T01:05,10.90,0.027,2020-10-17T15:02,38094.75,31831.67,2020-10-18T00:37,0.10,0.00,2020-10-17T14:03,0.21,0.40,1.0,NaN,0.71
2020-10-18,3,-5.1,-11.3,-15.6,-10.5,NaN,NaN,15.2,33.8,130,2020-10-18T01:28,9.32,0.066,2020-10-18T16:31,37871.48,3600.00,2020-10-19T00:35,0.00,0.00,2020-10-18T14:05,0.00,0.00,0.0,NaN,0.58
2020-10-19,3,4.7,-9.3,-14.2,0.6,NaN,NaN,15.3,37.8,157,2020-10-19T01:55,9.52,0.105,2020-10-19T17:58,37650.00,19367.61,2020-10-20T00:33,0.00,0.00,2020-10-19T14:07,0.00,0.00,0.0,NaN,0.83
2020-10-20,3,2.4,-7.6,-12.1,-2.2,NaN,NaN,16.9,40.7,232,2020-10-20T02:28,10.04,0.143,2020-10-20T19:19,37430.16,27479.38,2020-10-21T00:31,0.00,0.00,2020-10-20T14:08,0.00,0.00,0.0,NaN,0.87
2020-10-21,75,-0.8,-6.1,-10.7,-5.1,NaN,NaN,24.5,46.1,3,2020-10-21T03:11,8.01,0.179,2020-10-21T20:27,37210.15,3600.00,2020-10-22T00:29,1.70,0.00,2020-10-21T14:10,3.08,6.10,5.0,NaN,0.50
2020-10-22,3,-6.5,-14.6,-19.3,-12.5,NaN,NaN,20.0,32.4,12,2020-10-22T04:05,9.99,0.214,2020-10-22T21:22,36989.79,30551.70,2020-10-23T00:27,0.00,0.00,2020-10-22T14:12,0.00,0.00,0.0,NaN,0.63
2020-10-23,73,-9.4,-12.1,-17.0,-14.6,NaN,NaN,14.9,32.8,104,2020-10-23T05:09,7.18,0.248,2020-10-23T22:03,36769.29,0.00,2020-10-24T00:25,1.70,0.00,2020-10-23T14:14,3.08,6.10,10.0,NaN,0.40
2020-10-24,73,-10.0,-16.2,-21.4,-14.4,NaN,NaN,15.3,33.8,359,2020-10-24T06:18,9.91,0.281,2020-10-24T22:33,36548.82,28800.00,2020-10-25T00:23,1.50,0.00,2020-10-24T14:15,2.87,5.60,11.0,NaN,0.47
2020-10-25,45,-4.2,-21.8,-27.6,-8.2,NaN,NaN,12.0,19.4,235,2020-10-25T07:29,9.75,0.313,2020-10-25T22:57,36328.56,31009.65,2020-10-26T00:21,0.00,0.00,2020-10-25T14:17,0.00,0.00,0.0,NaN,0.63
2020-10-26,3,1.5,-11.4,-15.9,-1.9,NaN,NaN,9.7,22.7,275,2020-10-26T08:40,8.26,0.344,2020-10-26T23:17,36108.69,18895.25,2020-10-27T00:19,0.00,0.00,2020-10-26T14:19,0.00,0.00,0.0,NaN,0.82
2020-10-27,3,9.5,-1.9,-6.0,4.3,NaN,NaN,24.9,55.1,262,2020-10-27T09:49,8.51,0.375,2020-10-27T23:33,35889.43,30583.26,2020-10-28T00:17,0.00,0.00,2020-10-27T14:20,0.00,0.00,0.0,NaN,1.73
2020-10-28,73,7.0,-0.0,-3.1,1.4,NaN,NaN,21.4,36.0,227,2020-10-28T10:57,7.23,0.406,2020-10-28T23:48,35670.96,2933.84,2020-10-29T00:16,1.10,0.00,2020-10-28T14:22,0.91,2.40,6.0,NaN,0.72
2020-10-29,3,5.0,-0.6,-3.9,1.3,NaN,NaN,21.1,32.8,318,2020-10-29T12:04,5.87,0.436,,35453.49,11524.25,2020-10-30T00:14,0.00,0.00,2020-10-29T14:24,0.00,0.00,0.0,NaN,0.60
2020-10-30,45,11.5,-0.0,-3.7,4.0,NaN,NaN,40.7,88.6,237,2020-10-30T13:11,8.63,0.466,2020-10-30T00:03,35237.23,30407.92,2020-10-31T00:12,0.00,0.00,2020-10-30T14:26,0.00,0.00,0.0,NaN,1.53
2020-10-31,3,9.2,-2.4,-6.3,4.1,NaN,NaN,23.9,60.5,288,2020-10-31T14:18,8.03,0.496,2020-10-31T00:18,35022.38,29623.82,2020-11-01T00:10,0.00,0.00,2020-10-31T14:27,0.00,0.00,0.0,NaN,1.39
2020-11-01,3,14.9,0.4,-3.9,10.3,NaN,NaN,24.8,65.5,261,2020-11-01T15:26,7.93,0.527,2020-11-01T00:35,34809.18,28800.00,2020-11-02T00:08,0.00,0.00,2020-11-01T14:29,0.00,0.00,0.0,NaN,1.79
2020-11-02,3,19.7,2.8,-1.2,14.3,NaN,NaN,20.7,58.3,123,2020-11-02T16:34,7.69,0.557,2020-11-02T00:55,34597.85,25735.25,2020-11-03T00:06,0.00,0.00,2020-11-02T14:31,0.00,0.00,0.0,NaN,2.10
2020-11-03,3,17.7,7.6,3.0,13.2,NaN,NaN,16.0,50.0,213,2020-11-03T17:42,5.60,0.587,2020-11-03T01:20,34388.60,13504.26,2020-11-04T00:05,0.00,0.00,2020-11-03T14:33,0.00,0.00,0.0,NaN,1.83
2020-11-04,3,14.3,6.2,2.2,11.3,NaN,NaN,18.4,33.8,288,2020-11-04T18:45,6.11,0.618,2020-11-04T01:51,34181.69,14400.00,2020-11-05T00:03,0.00,0.00,2020-11-04T14:34,0.00,0.00,0.0,NaN,1.72
2020-11-05,2,12.1,6.8,4.0,8.7,NaN,NaN,24.5,68.0,207,2020-11-05T19:42,6.44,0.649,2020-11-05T02:30,33977.37,17418.81,2020-11-06T00:01,0.00,0.00,2020-11-05T14:36,0.00,0.00,0.0,NaN,1.81
2020-11-06,3,5.6,-1.1,-4.1,2.1,NaN,NaN,13.4,33.1,328,2020-11-06T20:30,6.91,0.681,2020-11-06T03:21,33775.87,27963.70,2020-11-07T00:00,0.00,0.00,2020-11-06T14:38,0.00,0.00,0.0,NaN,0.71
2020-11-07,3,1.7,-3.2,-11.4,-2.3,NaN,NaN,37.4,64.4,358,2020-11-07T21:09,4.88,0.714,2020-11-07T04:23,33577.46,4671.83,2020-11-07T23:58,0.00,0.00,2020-11-07T14:40,0.00,0.00,0.0,NaN,0.43
2020-11-08,3,-4.6,-10.4,-19.2,-13.7,NaN,NaN,41.8,72.4,344,2020-11-08T21:40,4.53,0.747,2020-11-08T05:34,33382.40,0.00,2020-11-08T23:57,0.00,0.00,2020-11-08T14:41,0.00,0.00,0.0,NaN,0.49
2020-11-09,45,-0.9,-14.9,-19.8,-4.7,NaN,NaN,26.0,51.5,296,2020-11-09T22:05,7.02,0.782,2020-11-09T06:51,33190.60,28423.00,2020-11-09T23:55,0.00,0.00,2020-11-09T14:43,0.00,0.00,0.0,NaN,0.64
2020-11-10,73,-1.1,-4.2,-8.7,-4.4,NaN,NaN,20.2,56.2,322,2020-11-10T22:27,6.06,0.818,2020-11-10T08:11,33000.16,17055.01,2020-11-10T23:54,0.20,0.00,2020-11-10T14:45,0.35,0.70,1.0,NaN,0.58
2020-11-11,3,-2.6,-12.1,-16.0,-7.4,NaN,NaN,27.6,63.0,342,2020-11-11T22:46,6.79,0.855,2020-11-11T09:34,32810.92,25884.34,2020-11-11T23:52,0.00,0.00,2020-11-11T14:46,0.00,0.00,0.0,NaN,0.49
2020-11-12,1,1.4,-13.2,-18.0,-3.4,NaN,NaN,10.5,42.8,189,2020-11-12T23:06,6.24,0.893,2020-11-12T10:59,32623.12,20327.67,2020-11-12T23:51,0.00,0.00,2020-11-12T14:48,0.00,0.00,0.0,NaN,0.65
2020-11-13,3,0.8,-6.4,-10.3,-2.8,NaN,NaN,14.2,27.0,89,2020-11-13T23:27,4.51,0.932,2020-11-13T12:25,32436.96,1161.46,2020-11-13T23:49,0.00,0.00,2020-11-13T14:50,0.00,0.00,0.0,NaN,0.57
2020-11-14,3,1.2,-4.7,-9.4,-2.9,NaN,NaN,14.8,32.8,323,2020-11-14T23:51,6.13,0.972,2020-11-14T13:55,32252.66,23416.47,2020-11-14T23:48,0.00,0.00,2020-11-14T14:51,0.00,0.00,0.0,NaN,0.66
2020-11-15,3,5.3,-7.5,-11.8,-1.6,NaN,NaN,34.8,76.7,235,,6.40,0.011,2020-11-15T15:24,32070.49,28800.00,2020-11-15T23:47,0.00,0.00,2020-11-15T14:53,0.00,0.00,0.0,NaN,0.99
2020-11-16,3,4.4,-3.9,-7.9,0.4,NaN,NaN,30.6,67.0,264,2020-11-16T00:20,5.36,0.050,2020-11-16T16:51,31890.65,16480.58,2020-11-16T23:46,0.00,0.00,2020-11-16T14:55,0.00,0.00,0.0,NaN,0.92
2020-11-17,73,0.5,-4.7,-9.4,-2.8,NaN,NaN,14.3,35.3,134,2020-11-17T00:59,2.80,0.088,2020-11-17T18:08,31713.41,0.00,2020-11-17T23:44,0.20,0.00,2020-11-17T14:57,0.42,0.80,2.0,NaN,0.32
2020-11-18,45,3.6,-7.4,-13.2,-0.3,NaN,NaN,25.9,28.4,68,2020-11-18T01:49,5.08,0.125,2020-11-18T19:12,31539.01,16563.65,2020-11-18T23:43,0.00,0.00,2020-11-18T14:58,0.00,0.00,0.0,NaN,0.53
2020-11-19,73,-7.7,-12.1,-16.7,-11.6,NaN,NaN,20.1,30.2,32,2020-11-19T02:51,4.15,0.160,2020-11-19T20:00,31367.72,0.00,2020-11-19T23:42,1.60,0.00,2020-11-19T15:00,2.94,5.80,8.0,NaN,0.22
2020-11-20,73,1.3,-13.1,-18.3,-2.7,NaN,NaN,11.4,17.3,177,2020-11-20T04:01,5.96,0.194,2020-11-20T20:36,31199.78,28300.04,2020-11-20T23:41,0.10,0.00,2020-11-20T15:01,0.21,0.40,1.0,NaN,0.52
2020-11-21,3,0.7,-4.9,-8.8,-3.3,NaN,NaN,10.1,27.0,245,2020-11-21T05:14,5.77,0.227,2020-11-21T21:03,31035.48,28201.20,2020-11-21T23:40,0.00,0.00,2020-11-21T15:03,0.00,0.00,0.0,NaN,0.62
2020-11-22,3,-1.8,-9.2,-12.9,-5.1,NaN,NaN,8.4,13.3,221,2020-11-22T06:26,5.17,0.260,2020-11-22T21:24,30875.08,24503.67,2020-11-22T23:39,0.00,0.00,2020-11-22T15:05,0.00,0.00,0.0,NaN,0.47
2020-11-23,3,0.8,-6.3,-10.7,-2.6,NaN,NaN,10.5,23.0,308,2020-11-23T07:38,4.56,0.291,2020-11-23T21:41,30718.87,14478.70,2020-11-23T23:38,0.00,0.00,2020-11-23T15:06,0.00,0.00,0.0,NaN,0.55
2020-11-24,3,1.4,-8.2,-12.8,-2.3,NaN,NaN,11.2,17.6,162,2020-11-24T08:46,4.28,0.322,2020-11-24T21:56,30567.12,18000.00,2020-11-24T23:37,0.00,0.00,2020-11-24T15:08,0.00,0.00,0.0,NaN,0.51
2020-11-25,3,0.7,-3.6,-7.7,-3.2,NaN,NaN,17.4,40.3,346,2020-11-25T09:53,5.37,0.352,2020-11-25T22:11,30420.14,27575.05,2020-11-25T23:36,0.00,0.00,2020-11-25T15:09,0.00,0.00,0.0,NaN,0.66
2020-11-26,2,3.0,-7.6,-12.5,-0.4,NaN,NaN,16.5,29.5,232,2020-11-26T11:00,4.73,0.382,2020-11-26T22:25,30278.22,23512.27,2020-11-26T23:35,0.00,0.00,2020-11-26T15:11,0.00,0.00,0.0,NaN,0.67
2020-11-27,3,10.0,-0.2,-4.0,5.6,NaN,NaN,12.0,47.9,200,2020-11-27T12:07,4.79,0.412,2020-11-27T22:42,30141.64,24042.00,2020-11-27T23:34,0.00,0.00,2020-11-27T15:12,0.00,0.00,0.0,NaN,0.91
2020-11-28,45,6.1,-2.4,-7.6,2.5,NaN,NaN,30.6,68.8,325,2020-11-28T13:15,5.04,0.442,2020-11-28T23:00,30010.73,27556.10,2020-11-28T23:33,0.00,0.00,2020-11-28T15:14,0.00,0.00,0.0,NaN,1.14
2020-11-29,3,3.0,-8.4,-13.1,-0.1,NaN,NaN,12.9,18.4,193,2020-11-29T14:23,3.89,0.473,2020-11-29T23:23,29885.49,14477.23,2020-11-29T23:33,0.00,0.00,2020-11-29T15:15,0.00,0.00,0.0,NaN,0.50
2020-11-30,3,4.0,-1.3,-5.8,0.1,NaN,NaN,14.0,36.0,110,2020-11-30T15:32,3.52,0.503,2020-11-30T23:52,29764.46,7200.00,2020-11-30T23:32,0.00,0.00,2020-11-30T15:16,0.00,0.00,0.0,NaN,0.75
2020-12-01,3,3.5,-4.3,-8.2,-0.5,NaN,NaN,17.5,45.7,309,2020-12-01T16:38,4.48,0.534,,29647.56,26956.72,2020-12-01T23:31,0.00,0.00,2020-12-01T15:18,0.00,0.00,0.0,NaN,0.98
2020-12-02,0,9.4,-3.9,-8.6,5.6,NaN,NaN,12.4,25.9,249,2020-12-02T17:38,4.82,0.565,2020-12-02T00:29,29534.93,27227.42,2020-12-02T23:31,0.00,0.00,2020-12-02T15:19,0.00,0.00,0.0,NaN,0.96
2020-12-03,0,15.0,-4.7,-9.3,9.5,NaN,NaN,33.6,67.0,236,2020-12-03T18:29,4.79,0.597,2020-12-03T01:17,29426.74,27148.31,2020-12-03T23:30,0.00,0.00,2020-12-03T15:20,0.00,0.00,0.0,NaN,1.80
2020-12-04,0,12.3,0.6,-4.2,8.3,NaN,NaN,28.6,67.3,296,2020-12-04T19:11,4.71,0.630,2020-12-04T02:15,29323.17,27070.77,2020-12-04T23:30,0.00,0.00,2020-12-04T15:22,0.00,0.00,0.0,NaN,1.38
2020-12-05,1,11.6,0.6,-3.5,7.0,NaN,NaN,14.6,32.8,209,2020-12-05T19:44,4.91,0.663,2020-12-05T03:23,29224.36,26994.93,2020-12-05T23:30,0.00,0.00,2020-12-05T15:23,0.00,0.00,0.0,NaN,1.28
2020-12-06,0,12.2,-1.8,-6.5,6.3,NaN,NaN,24.9,60.1,264,2020-12-06T20:10,4.63,0.697,2020-12-06T04:37,29130.51,26707.09,2020-12-06T23:29,0.00,0.00,2020-12-06T15:24,0.00,0.00,0.0,NaN,1.82
2020-12-07,3,12.9,3.9,0.4,8.2,NaN,NaN,21.3,47.5,258,2020-12-07T20:32,3.92,0.731,2020-12-07T05:55,29041.77,16303.52,2020-12-07T23:29,0.00,0.00,2020-12-07T15:25,0.00,0.00,0.0,NaN,1.79
2020-12-08,3,12.4,2.3,-1.5,7.0,NaN,NaN,25.2,51.5,313,2020-12-08T20:51,3.97,0.767,2020-12-08T07:15,28958.33,17865.66,2020-12-08T23:29,0.00,0.00,2020-12-08T15:26,0.00,0.00,0.0,NaN,1.31
2020-12-09,73,5.6,0.1,-4.1,2.1,NaN,NaN,18.2,35.3,340,2020-12-09T21:10,3.61,0.803,2020-12-09T08:35,28880.32,6181.40,2020-12-09T23:29,1.00,0.00,2020-12-09T15:28,0.63,1.90,3.0,NaN,0.40
2020-12-10,3,-0.7,-8.7,-12.9,-4.9,NaN,NaN,14.0,19.8,247,2020-12-10T21:29,4.05,0.840,2020-12-10T09:58,28807.94,18705.77,2020-12-10T23:29,0.00,0.00,2020-12-10T15:29,0.00,0.00,0.0,NaN,0.43
2020-12-11,45,-5.8,-11.8,-15.9,-10.4,NaN,NaN,15.2,26.3,150,2020-12-11T21:50,3.87,0.878,2020-12-11T11:23,28741.34,15502.94,2020-12-11T23:29,0.00,0.00,2020-12-11T15:30,0.00,0.00,0.0,NaN,0.27
2020-12-12,45,-5.6,-10.9,-15.2,-12.0,NaN,NaN,24.3,42.8,245,2020-12-12T22:16,3.28,0.917,2020-12-12T12:50,28680.68,11569.52,2020-12-12T23:29,0.00,0.00,2020-12-12T15:31,0.00,0.00,0.0,NaN,0.28
2020-12-13,3,-6.4,-16.8,-22.5,-13.0,NaN,NaN,23.3,46.8,82,2020-12-13T22:49,2.46,0.955,2020-12-13T14:17,28626.12,310.81,2020-12-13T23:29,0.00,0.00,2020-12-13T15:32,0.00,0.00,0.0,NaN,0.27
2020-12-14,45,-1.8,-16.4,-21.8,-5.5,NaN,NaN,18.7,32.4,191,2020-12-14T23:33,3.52,0.993,2020-12-14T15:40,28577.82,11408.52,2020-12-14T23:29,0.00,0.00,2020-12-14T15:32,0.00,0.00,0.0,NaN,0.35
2020-12-15,45,1.8,-7.6,-11.8,-2.5,NaN,NaN,13.3,40.3,152,,2.74,0.031,2020-12-15T16:52,28535.94,3973.18,2020-12-15T23:29,0.00,0.00,2020-12-15T15:33,0.00,0.00,0.0,NaN,0.55
2020-12-16,3,5.4,-1.3,-7.0,0.5,NaN,NaN,32.7,71.6,282,2020-12-16T00:29,4.26,0.068,2020-12-16T17:50,28500.62,21600.00,2020-12-16T23:29,0.00,0.00,2020-12-16T15:34,0.00,0.00,0.0,NaN,1.61
2020-12-17,3,4.8,-2.3,-7.8,-0.8,NaN,NaN,26.7,57.2,226,2020-12-17T01:37,3.50,0.103,2020-12-17T18:32,28472.01,17284.76,2020-12-17T23:29,0.00,0.00,2020-12-17T15:35,0.00,0.00,0.0,NaN,0.80
2020-12-18,45,4.1,-10.8,-15.5,0.5,NaN,NaN,35.6,50.0,134,2020-12-18T02:51,4.32,0.138,2020-12-18T19:04,28450.25,25200.00,2020-12-18T23:30,0.00,0.00,2020-12-18T15:35,0.00,0.00,0.0,NaN,0.54
2020-12-19,3,4.4,0.1,-5.5,-1.6,NaN,NaN,38.2,81.7,269,2020-12-19T04:07,4.46,0.171,2020-12-19T19:28,28435.43,21600.00,2020-12-19T23:30,0.00,0.00,2020-12-19T15:36,0.00,0.00,0.0,NaN,1.79
2020-12-20,3,5.4,0.4,-4.0,-1.3,NaN,NaN,37.5,73.4,257,2020-12-20T05:21,4.54,0.203,2020-12-20T19:47,28427.31,25200.00,2020-12-20T23:30,0.00,0.00,2020-12-20T15:36,0.00,0.00,0.0,NaN,1.68
2020-12-21,3,2.7,-4.0,-8.3,-1.7,NaN,NaN,28.3,74.2,264,2020-12-21T06:31,3.66,0.235,2020-12-21T20:03,28425.80,9053.69,2020-12-21T23:31,0.00,0.00,2020-12-21T15:37,0.00,0.00,0.0,NaN,1.16
2020-12-22,73,-2.1,-6.2,-13.1,-6.2,NaN,NaN,32.6,68.0,22,2020-12-22T07:40,3.06,0.266,2020-12-22T20:18,28430.83,1367.02,2020-12-22T23:31,2.60,0.00,2020-12-22T15:37,4.90,9.60,15.0,NaN,0.28
2020-12-23,3,2.4,-17.1,-22.1,-3.7,NaN,NaN,20.9,40.0,260,2020-12-23T08:47,3.11,0.296,2020-12-23T20:32,28442.34,10800.00,2020-12-23T23:32,0.00,0.00,2020-12-23T15:38,0.00,0.00,0.0,NaN,0.56
2020-12-24,3,6.8,0.6,-6.6,0.4,NaN,NaN,33.6,55.1,273,2020-12-24T09:54,3.95,0.326,2020-12-24T20:48,28460.25,14400.00,2020-12-24T23:33,0.00,0.00,2020-12-24T15:38,0.00,0.00,0.0,NaN,2.07
2020-12-25,3,3.6,-5.9,-10.8,-2.1,NaN,NaN,16.9,44.6,276,2020-12-25T11:02,2.80,0.356,2020-12-25T21:06,28484.49,0.00,2020-12-25T23:33,0.00,0.00,2020-12-25T15:38,0.00,0.00,0.0,NaN,0.93
2020-12-26,3,-2.8,-6.1,-11.0,-6.9,NaN,NaN,19.8,41.8,357,2020-12-26T12:10,2.71,0.386,2020-12-26T21:27,28514.96,681.48,2020-12-26T23:34,0.00,0.00,2020-12-26T15:39,0.00,0.00,0.0,NaN,0.35
2020-12-27,45,-5.5,-9.2,-13.9,-9.8,NaN,NaN,10.5,22.0,88,2020-12-27T13:19,4.09,0.417,2020-12-27T21:53,28551.60,19497.99,2020-12-27T23:35,0.00,0.00,2020-12-27T15:39,0.00,0.00,0.0,NaN,0.21
2020-12-28,45,-0.5,-12.5,-17.6,-4.4,NaN,NaN,11.9,28.1,207,2020-12-28T14:26,4.37,0.448,2020-12-28T22:26,28594.30,22256.66,2020-12-28T23:36,0.00,0.00,2020-12-28T15:39,0.00,0.00,0.0,NaN,0.47
2020-12-29,0,-4.2,-14.0,-18.8,-9.1,NaN,NaN,13.2,27.7,273,2020-12-29T15:30,4.67,0.479,2020-12-29T23:11,28642.97,25200.00,2020-12-29T23:37,0.00,0.00,2020-12-29T15:39,0.00,0.00,0.0,NaN,0.50
2020-12-30,3,-0.1,-9.4,-15.0,-3.9,NaN,NaN,13.4,37.4,198,2020-12-30T16:25,3.84,0.511,,28697.52,10800.00,2020-12-30T23:38,0.00,0.00,2020-12-30T15:39,0.00,0.00,0.0,NaN,0.59
2020-12-31,3,0.3,-7.4,-12.3,-3.8,NaN,NaN,11.8,16.9,287,2020-12-31T17:11,4.69,0.544,2020-12-31T00:06,28757.85,25200.00,2020-12-31T23:39,0.00,0.00,2020-12-31T15:39,0.00,0.00,0.0,NaN,0.54
2021-01-01,3,2.6,-7.1,-11.0,-1.6,NaN,NaN,20.4,54.7,183,2021-01-01T17:47,2.69,0.578,2021-01-01T01:13,28823.85,8933.71,2021-01-01T23:40,0.00,0.00,2021-01-01T15:39,0.00,0.00,0.0,NaN,0.65
2021-01-02,3,7.5,-0.9,-6.0,1.3,NaN,NaN,22.5,76.3,201,2021-01-02T18:15,3.85,0.612,2021-01-02T02:27,28895.40,12369.28,2021-01-02T23:41,0.00,0.00,2021-01-02T15:39,0.00,0.00,0.0,NaN,1.24
2021-01-03,3,5.5,0.5,-5.1,-1.0,NaN,NaN,47.6,103.7,256,2021-01-03T18:38,4.96,0.647,2021-01-03T03:45,28972.43,25200.00,2021-01-03T23:42,0.00,0.00,2021-01-03T15:39,0.00,0.00,0.0,NaN,1.92
2021-01-04,3,1.4,-6.3,-11.0,-3.2,NaN,NaN,29.3,66.6,242,2021-01-04T18:58,4.76,0.682,2021-01-04T05:04,29054.79,23276.93,2021-01-04T23:43,0.00,0.00,2021-01-04T15:38,0.00,0.00,0.0,NaN,1.14
2021-01-05,3,3.8,-3.9,-8.4,-1.2,NaN,NaN,25.7,52.6,271,2021-01-05T19:16,4.86,0.717,2021-01-05T06:23,29142.38,21624.76,2021-01-05T23:44,0.00,0.00,2021-01-05T15:38,0.00,0.00,0.0,NaN,0.89
2021-01-06,3,4.9,-3.8,-8.9,1.3,NaN,NaN,15.1,25.9,160,2021-01-06T19:35,3.93,0.753,2021-01-06T07:43,29235.10,7200.00,2021-01-06T23:46,0.00,0.00,2021-01-06T15:38,0.00,0.00,0.0,NaN,0.75
2021-01-07,3,2.7,-7.0,-11.5,-1.3,NaN,NaN,14.0,17.6,298,2021-01-07T19:54,5.15,0.790,2021-01-07T09:04,29332.82,25200.00,2021-01-07T23:47,0.00,0.00,2021-01-07T15:37,0.00,0.00,0.0,NaN,0.64
2021-01-08,3,-1.4,-13.3,-18.3,-5.8,NaN,NaN,10.5,16.2,211,2021-01-08T20:16,5.40,0.827,2021-01-08T10:27,29435.66,25200.00,2021-01-08T23:48,0.00,0.00,2021-01-08T15:37,0.00,0.00,0.0,NaN,0.54
2021-01-09,0,0.5,-12.2,-17.1,-3.6,NaN,NaN,12.7,28.4,251,2021-01-09T20:45,5.26,0.864,2021-01-09T11:52,29544.73,25200.00,2021-01-09T23:50,0.00,0.00,2021-01-09T15:36,0.00,0.00,0.0,NaN,0.60
2021-01-10,3,7.9,-11.3,-15.6,0.2,NaN,NaN,39.8,77.0,267,2021-01-10T21:22,4.89,0.901,2021-01-10T13:15,29660.00,19572.66,2021-01-10T23:51,0.00,0.00,2021-01-10T15:36,0.00,0.00,0.0,NaN,1.15
2021-01-11,3,7.8,-1.4,-5.4,3.7,NaN,NaN,32.2,70.2,263,2021-01-11T22:11,3.17,0.938,2021-01-11T14:31,29781.18,0.00,2021-01-11T23:52,0.00,0.00,2021-01-11T15:35,0.00,0.00,0.0,NaN,1.56
2021-01-12,3,7.6,-0.6,-5.0,3.9,NaN,NaN,16.0,33.1,203,2021-01-12T23:14,4.69,0.974,2021-01-12T15:35,29907.99,17109.55,2021-01-12T23:54,0.00,0.00,2021-01-12T15:34,0.00,0.00,0.0,NaN,1.12
2021-01-13,3,7.0,0.5,-9.4,2.5,NaN,NaN,49.7,78.1,282,,4.08,0.010,2021-01-13T16:24,30040.15,12222.53,2021-01-13T23:55,0.00,0.00,2021-01-13T15:34,0.00,0.00,0.0,NaN,1.52
2021-01-14,3,2.7,-4.0,-10.0,-2.4,NaN,NaN,26.8,69.8,292,2021-01-14T00:25,5.41,0.046,2021-01-14T17:01,30177.39,24535.79,2021-01-14T23:57,0.00,0.00,2021-01-14T15:33,0.00,0.00,0.0,NaN,1.57
2021-01-15,3,7.0,-8.6,-13.6,1.3,NaN,NaN,36.1,65.9,251,2021-01-15T01:42,5.52,0.080,2021-01-15T17:29,30319.44,20259.10,2021-01-15T23:58,0.00,0.00,2021-01-15T15:32,0.00,0.00,0.0,NaN,1.35
2021-01-16,3,5.4,-0.8,-6.5,0.2,NaN,NaN,29.5,70.9,290,2021-01-16T02:58,4.54,0.113,2021-01-16T17:50,30466.03,3621.09,2021-01-17T00:00,0.00,0.00,2021-01-16T15:31,0.00,0.00,0.0,NaN,1.91
2021-01-17,3,6.0,-2.2,-6.3,-0.9,NaN,NaN,33.1,68.0,280,2021-01-17T04:12,5.58,0.146,2021-01-17T18:07,30616.89,21811.95,2021-01-18T00:02,0.00,0.00,2021-01-17T15:30,0.00,0.00,0.0,NaN,1.12
2021-01-18,3,3.3,-0.8,-5.3,-1.8,NaN,NaN,27.1,64.4,316,2021-01-18T05:23,6.02,0.177,2021-01-18T18:23,30771.76,26272.61,2021-01-19T00:03,0.00,0.00,2021-01-18T15:29,0.00,0.00,0.0,NaN,1.25
2021-01-19,3,8.7,-8.0,-13.5,2.7,NaN,NaN,51.8,81.4,245,2021-01-19T06:32,4.96,0.208,2021-01-19T18:38,30930.40,10800.00,2021-01-20T00:05,0.00,0.00,2021-01-19T15:28,0.00,0.00,0.0,NaN,1.35
2021-01-20,3,7.2,-3.7,-9.1,1.6,NaN,NaN,38.4,89.3,285,2021-01-20T07:40,6.38,0.239,2021-01-20T18:53,31092.55,26757.87,2021-01-21T00:06,0.00,0.00,2021-01-20T15:27,0.00,0.00,0.0,NaN,2.04
2021-01-21,3,-0.5,-9.5,-13.8,-5.8,NaN,NaN,12.7,25.9,310,2021-01-21T08:47,6.11,0.269,2021-01-21T19:10,31257.95,26825.06,2021-01-22T00:08,0.00,0.00,2021-01-21T15:26,0.00,0.00,0.0,NaN,0.79
2021-01-22,3,-2.1,-11.4,-15.9,-8.1,NaN,NaN,17.7,24.8,297,2021-01-22T09:55,5.54,0.299,2021-01-22T19:29,31426.38,21511.39,2021-01-23T00:10,0.00,0.00,2021-01-22T15:25,0.00,0.00,0.0,NaN,0.56
2021-01-23,3,-3.4,-11.9,-16.7,-7.1,NaN,NaN,9.4,18.7,238,2021-01-23T11:03,6.00,0.329,2021-01-23T19:52,31597.60,21582.93,2021-01-24T00:12,0.00,0.00,2021-01-23T15:24,0.00,0.00,0.0,NaN,0.50
2021-01-24,45,-9.5,-15.9,-21.5,-15.1,NaN,NaN,15.3,24.8,151,2021-01-24T12:11,5.10,0.360,2021-01-24T20:22,31771.38,17002.45,2021-01-25T00:13,0.00,0.00,2021-01-24T15:23,0.00,0.00,0.0,NaN,0.27
2021-01-25,3,-12.7,-15.2,-21.0,-18.4,NaN,NaN,16.6,32.8,160,2021-01-25T13:16,5.44,0.391,2021-01-25T21:02,31947.48,20127.33,2021-01-26T00:15,0.00,0.00,2021-01-25T15:21,0.00,0.00,0.0,NaN,0.30
2021-01-26,3,-11.6,-16.9,-22.6,-17.2,NaN,NaN,14.9,31.7,155,2021-01-26T14:15,5.63,0.423,2021-01-26T21:54,32125.70,21600.00,2021-01-27T00:17,0.00,0.00,2021-01-26T15:20,0.00,0.00,0.0,NaN,0.31
2021-01-27,3,-10.9,-13.4,-18.2,-15.4,NaN,NaN,10.8,23.8,105,2021-01-27T15:05,5.32,0.456,2021-01-27T22:57,32305.82,15255.58,2021-01-28T00:18,0.00,0.00,2021-01-27T15:19,0.00,0.00,0.0,NaN,0.28
2021-01-28,3,-12.4,-15.1,-19.5,-16.9,NaN,NaN,10.4,23.8,74,2021-01-28T15:46,4.25,0.490,,32487.98,10800.00,2021-01-29T00:20,0.00,0.00,2021-01-28T15:18,0.00,0.00,0.0,NaN,0.23
2021-01-29,45,-6.1,-16.2,-21.0,-9.9,NaN,NaN,10.0,21.2,185,2021-01-29T16:17,6.81,0.524,2021-01-29T00:10,32674.05,22421.66,2021-01-30T00:22,0.00,0.00,2021-01-29T15:16,0.00,0.00,0.0,NaN,0.42
2021-01-30,3,-2.6,-14.7,-19.7,-6.5,NaN,NaN,9.3,13.3,196,2021-01-30T16:42,7.24,0.560,2021-01-30T01:29,32864.10,25609.72,2021-01-31T00:24,0.00,0.00,2021-01-30T15:15,0.00,0.00,0.0,NaN,0.55
2021-01-31,3,3.3,-9.1,-14.2,-0.4,NaN,NaN,15.0,24.8,180,2021-01-31T17:04,6.66,0.596,2021-01-31T02:50,33057.81,18000.00,2021-02-01T00:25,0.00,0.00,2021-01-31T15:13,0.00,0.00,0.0,NaN,0.81
2021-02-01,3,7.3,-7.0,-11.3,3.5,NaN,NaN,16.9,27.0,149,2021-02-01T17:23,7.30,0.632,2021-02-01T04:11,33254.92,25200.00,2021-02-02T00:27,0.00,0.00,2021-02-01T15:12,0.00,0.00,0.0,NaN,0.98
2021-02-02,45,-1.0,-13.3,-18.7,-6.1,NaN,NaN,20.8,27.7,9,2021-02-02T17:41,6.07,0.668,2021-02-02T05:32,33455.15,17648.03,2021-02-03T00:29,0.00,0.00,2021-02-02T15:10,0.00,0.00,0.0,NaN,0.34
2021-02-03,45,-10.1,-16.2,-21.5,-16.4,NaN,NaN,21.8,38.9,19,2021-02-03T17:59,7.71,0.705,2021-02-03T06:53,33658.24,26789.11,2021-02-04T00:31,0.00,0.00,2021-02-03T15:09,0.00,0.00,0.0,NaN,0.37
2021-02-04,3,-0.4,-16.4,-21.6,-5.3,NaN,NaN,20.9,40.7,248,2021-02-04T18:20,5.35,0.741,2021-02-04T08:15,33863.90,3764.08,2021-02-05T00:33,0.00,0.00,2021-02-04T15:07,0.00,0.00,0.0,NaN,0.62
2021-02-05,51,-5.7,-18.9,-25.1,-10.9,NaN,NaN,20.9,38.9,63,2021-02-05T18:46,5.80,0.778,2021-02-05T09:38,34071.90,577.35,2021-02-06T00:34,0.10,0.00,2021-02-05T15:05,0.00,0.10,1.0,NaN,0.26
2021-02-06,3,-19.0,-21.9,-27.3,-24.3,NaN,NaN,12.1,22.0,96,2021-02-06T19:19,4.81,0.814,2021-02-06T11:00,34281.98,0.00,2021-02-07T00:36,0.00,0.00,2021-02-06T15:04,0.00,0.00,0.0,NaN,0.19
2021-02-07,3,-21.6,-29.1,-34.3,-26.9,NaN,NaN,12.6,20.9,103,2021-02-07T20:02,8.17,0.850,2021-02-07T12:17,34493.90,22252.25,2021-02-08T00:38,0.00,0.00,2021-02-07T15:02,0.00,0.00,0.0,NaN,0.21
2021-02-08,3,-23.1,-28.9,-34.2,-29.1,NaN,NaN,22.6,46.1,1,2021-02-08T20:58,8.43,0.885,2021-02-08T13:24,34707.43,23156.04,2021-02-09T00:40,0.00,0.00,2021-02-08T15:00,0.00,0.00,0.0,NaN,0.22
2021-02-09,3,-23.1,-30.3,-36.2,-27.5,NaN,NaN,14.2,31.0,331,2021-02-09T22:05,9.16,0.921,2021-02-09T14:17,34922.33,30900.49,2021-02-10T00:42,0.00,0.00,2021-02-09T14:58,0.00,0.00,0.0,NaN,0.24
2021-02-10,3,-24.6,-29.0,-34.1,-28.7,NaN,NaN,20.2,43.2,346,2021-02-10T23:20,8.50,0.956,2021-02-10T14:58,35138.39,29947.82,2021-02-11T00:43,0.00,0.00,2021-02-10T14:57,0.00,0.00,0.0,NaN,0.19
2021-02-11,3,-23.8,-32.1,-37.7,-29.3,NaN,NaN,24.1,40.3,337,,9.00,0.990,2021-02-11T15:29,35355.38,28742.94,2021-02-12T00:45,0.00,0.00,2021-02-11T14:55,0.00,0.00,0.0,NaN,0.19
2021-02-12,3,-17.2,-29.0,-34.1,-22.8,NaN,NaN,18.7,49.7,334,2021-02-12T00:36,7.36,0.024,2021-02-12T15:52,35573.09,132.77,2021-02-13T00:47,0.00,0.00,2021-02-12T14:53,0.00,0.00,0.0,NaN,0.28
2021-02-13,3,-17.7,-21.6,-26.4,-23.1,NaN,NaN,14.3,21.2,145,2021-02-13T01:52,7.56,0.057,2021-02-13T16:11,35791.31,16026.87,2021-02-14T00:49,0.00,0.00,2021-02-13T14:51,0.00,0.00,0.0,NaN,0.28
2021-02-14,3,-19.9,-27.8,-33.6,-26.1,NaN,NaN,24.9,48.6,168,2021-02-14T03:04,8.40,0.089,2021-02-14T16:27,36009.85,18315.45,2021-02-15T00:51,0.00,0.00,2021-02-14T14:49,0.00,0.00,0.0,NaN,0.26
2021-02-15,3,-14.4,-24.7,-29.9,-19.5,NaN,NaN,20.5,41.0,166,2021-02-15T04:15,10.08,0.120,2021-02-15T16:42,36228.50,32400.00,2021-02-16T00:52,0.00,0.00,2021-02-15T14:47,0.00,0.00,0.0,NaN,0.38
2021-02-16,3,-4.8,-21.8,-27.1,-8.6,NaN,NaN,12.5,17.6,112,2021-02-16T05:24,9.28,0.151,2021-02-16T16:57,36447.08,25200.00,2021-02-17T00:54,0.00,0.00,2021-02-16T14:46,0.00,0.00,0.0,NaN,0.62
2021-02-17,45,-5.3,-10.7,-15.4,-10.6,NaN,NaN,21.8,37.8,350,2021-02-17T06:31,10.15,0.181,2021-02-17T17:13,36665.74,32400.00,2021-02-18T00:56,0.00,0.00,2021-02-17T14:44,0.00,0.00,0.0,NaN,0.65
2021-02-18,3,-4.5,-17.1,-22.4,-9.6,NaN,NaN,11.5,23.0,204,2021-02-18T07:40,10.61,0.212,2021-02-18T17:31,36886.42,32200.97,2021-02-19T00:58,0.00,0.00,2021-02-18T14:42,0.00,0.00,0.0,NaN,0.81
2021-02-19,3,3.4,-10.3,-15.2,-4.1,NaN,NaN,31.0,61.6,285,2021-02-19T08:47,8.10,0.242,2021-02-19T17:52,37109.24,10800.00,2021-02-20T01:00,0.00,0.00,2021-02-19T14:40,0.00,0.00,0.0,NaN,1.53
2021-02-20,3,3.2,-4.7,-10.2,-5.0,NaN,NaN,35.9,69.5,274,2021-02-20T09:56,11.02,0.272,2021-02-20T18:19,37334.02,28800.00,2021-02-21T01:01,0.00,0.00,2021-02-20T14:38,0.00,0.00,0.0,NaN,1.99
2021-02-21,3,7.5,-0.3,-8.8,1.3,NaN,NaN,35.4,83.9,269,2021-02-21T11:02,7.70,0.302,2021-02-21T18:54,37560.53,10800.00,2021-02-22T01:03,0.00,0.00,2021-02-21T14:36,0.00,0.00,0.0,NaN,2.59
2021-02-22,3,7.7,1.1,-4.6,1.6,NaN,NaN,37.7,92.9,270,2021-02-22T12:03,11.19,0.334,2021-02-22T19:40,37788.59,28958.88,2021-02-23T01:05,0.00,0.00,2021-02-22T14:34,0.00,0.00,0.0,NaN,2.43
2021-02-23,73,6.6,-3.2,-6.8,0.6,NaN,NaN,21.6,38.5,292,2021-02-23T12:56,10.23,0.366,2021-02-23T20:37,38018.01,25200.00,2021-02-24T01:07,0.30,0.00,2021-02-23T14:32,0.56,1.10,1.0,NaN,1.29
2021-02-24,3,2.3,-8.4,-13.5,-3.5,NaN,NaN,21.6,45.4,284,2021-02-24T13:41,12.14,0.399,2021-02-24T21:46,38248.58,29210.71,2021-02-25T01:08,0.00,0.00,2021-02-24T14:30,0.00,0.00,0.0,NaN,1.37
2021-02-25,3,4.1,-3.2,-8.3,-3.3,NaN,NaN,40.7,70.6,262,2021-02-25T14:16,11.54,0.434,2021-02-25T23:04,38480.14,25200.00,2021-02-26T01:10,0.00,0.00,2021-02-25T14:28,0.00,0.00,0.0,NaN,2.03
2021-02-26,3,2.1,-7.9,-14.0,-6.6,NaN,NaN,36.0,78.8,312,2021-02-26T14:43,9.37,0.469,,38712.49,14400.00,2021-02-27T01:12,0.00,0.00,2021-02-26T14:25,0.00,0.00,0.0,NaN,1.40
2021-02-27,45,-4.5,-13.6,-17.9,-10.2,NaN,NaN,17.5,23.8,116,2021-02-27T15:06,12.06,0.506,2021-02-27T00:25,38945.46,28800.00,2021-02-28T01:14,0.00,0.00,2021-02-27T14:23,0.00,0.00,0.0,NaN,0.76
2021-02-28,3,7.4,-10.2,-14.9,1.6,NaN,NaN,31.4,65.9,277,2021-02-28T15:27,11.39,0.543,2021-02-28T01:49,39178.89,25200.00,2021-03-01T01:15,0.00,0.00,2021-02-28T14:21,0.00,0.00,0.0,NaN,2.00
2021-03-01,3,10.3,0.9,-3.4,3.1,NaN,NaN,35.0,68.4,251,2021-03-01T15:45,11.77,0.581,2021-03-01T03:13,39412.59,25258.62,2021-03-02T01:17,0.00,0.00,2021-03-01T14:19,0.00,0.00,0.0,NaN,2.40
2021-03-02,3,8.2,-3.1,-7.7,2.9,NaN,NaN,30.3,66.6,250,2021-03-02T16:04,12.65,0.618,2021-03-02T04:37,39646.40,35005.48,2021-03-03T01:19,0.00,0.00,2021-03-02T14:17,0.00,0.00,0.0,NaN,2.08
2021-03-03,3,8.9,-2.3,-6.2,5.4,NaN,NaN,12.6,34.2,219,2021-03-03T16:24,13.28,0.656,2021-03-03T06:02,39880.15,36865.87,2021-03-04T01:21,0.00,0.00,2021-03-03T14:15,0.00,0.00,0.0,NaN,1.86
2021-03-04,2,11.7,-5.3,-9.5,7.3,NaN,NaN,12.6,18.4,213,2021-03-04T16:48,13.55,0.693,2021-03-04T07:27,40113.69,37589.03,2021-03-05T01:22,0.00,0.00,2021-03-04T14:13,0.00,0.00,0.0,NaN,1.89
2021-03-05,3,12.8,-2.7,-6.8,6.2,NaN,NaN,26.1,45.7,183,2021-03-05T17:19,11.87,0.730,2021-03-05T08:50,40346.85,23086.82,2021-03-06T01:24,0.00,0.00,2021-03-05T14:10,0.00,0.00,0.0,NaN,2.18
2021-03-06,3,11.5,0.7,-3.7,5.5,NaN,NaN,26.7,38.9,203,2021-03-06T17:59,9.47,0.766,2021-03-06T10:09,40579.47,13103.79,2021-03-07T01:26,0.00,0.00,2021-03-06T14:08,0.00,0.00,0.0,NaN,1.97
2021-03-07,3,6.6,-3.8,-7.8,1.6,NaN,NaN,20.3,30.6,220,2021-03-07T18:50,10.95,0.801,2021-03-07T11:19,40811.39,11145.89,2021-03-08T01:27,0.00,0.00,2021-03-07T14:06,0.00,0.00,0.0,NaN,1.50
2021-03-08,3,6.6,-3.5,-9.1,3.2,NaN,NaN,17.6,31.0,296,2021-03-08T19:54,13.27,0.836,2021-03-08T12:15,41042.45,24388.19,2021-03-09T01:29,0.00,0.00,2021-03-08T14:04,0.00,0.00,0.0,NaN,2.11
2021-03-09,45,5.0,-3.5,-7.8,0.2,NaN,NaN,18.0,25.2,176,2021-03-09T21:05,14.35,0.870,2021-03-09T12:59,41272.83,32400.00,2021-03-10T01:31,0.00,0.00,2021-03-09T14:02,0.00,0.00,0.0,NaN,1.37
2021-03-10,3,5.3,-5.5,-13.4,0.7,NaN,NaN,32.9,56.5,349,2021-03-10T22:20,13.91,0.904,2021-03-10T13:32,41504.25,35753.81,2021-03-11T01:33,0.00,0.00,2021-03-10T14:00,0.00,0.00,0.0,NaN,1.19
2021-03-11,45,5.2,-12.6,-17.2,1.1,NaN,NaN,13.1,24.5,193,2021-03-11T23:35,15.15,0.937,2021-03-11T13:56,41736.90,39406.65,2021-03-12T01:34,0.00,0.00,2021-03-11T13:57,0.00,0.00,0.0,NaN,1.51
2021-03-12,3,12.7,-1.6,-5.8,8.1,NaN,NaN,17.7,32.4,235,,11.83,0.970,2021-03-12T14:16,41970.62,21539.62,2021-03-13T01:36,0.00,0.00,2021-03-12T13:55,0.00,0.00,0.0,NaN,2.08
2021-03-13,3,15.3,-2.3,-6.6,9.5,NaN,NaN,22.7,32.4,196,2021-03-13T00:48,15.21,0.002,2021-03-13T14:33,42205.27,36000.00,2021-03-14T01:38,0.00,0.00,2021-03-13T13:53,0.00,0.00,0.0,NaN,2.64
2021-03-14,0,16.9,-2.4,-6.5,12.1,NaN,NaN,19.9,34.6,173,2021-03-14T01:59,15.83,0.034,2021-03-14T14:48,42440.70,39600.00,2021-03-15T01:39,0.00,0.00,2021-03-14T13:51,0.00,0.00,0.0,NaN,3.24
2021-03-15,45,15.6,0.1,-7.7,9.8,NaN,NaN,33.9,57.6,339,2021-03-15T03:09,15.99,0.065,2021-03-15T15:02,42676.77,39600.00,2021-03-16T01:41,0.00,0.00,2021-03-15T13:49,0.00,0.00,0.0,NaN,2.41
2021-03-16,3,10.0,-5.3,-9.4,5.6,NaN,NaN,13.4,19.4,122,2021-03-16T04:17,16.25,0.096,2021-03-16T15:18,42913.32,39600.00,2021-03-17T01:43,0.00,0.00,2021-03-16T13:46,0.00,0.00,0.0,NaN,2.17
2021-03-17,45,12.8,-5.0,-9.2,8.4,NaN,NaN,17.0,25.6,173,2021-03-17T05:26,16.61,0.126,2021-03-17T15:34,43150.23,39600.00,2021-03-18T01:44,0.00,0.00,2021-03-17T13:44,0.00,0.00,0.0,NaN,2.37
2021-03-18,2,15.0,-2.4,-7.0,10.7,NaN,NaN,14.7,25.9,192,2021-03-18T06:34,16.83,0.156,2021-03-18T15:54,43387.34,39600.00,2021-03-19T01:46,0.00,0.00,2021-03-18T13:42,0.00,0.00,0.0,NaN,2.77
2021-03-19,3,14.9,3.5,-0.8,10.5,NaN,NaN,28.7,42.8,229,2021-03-19T07:42,17.08,0.186,2021-03-19T16:18,43624.53,39600.00,2021-03-20T01:48,0.00,0.00,2021-03-19T13:39,0.00,0.00,0.0,NaN,3.32
2021-03-20,3,10.5,-1.9,-6.6,3.9,NaN,NaN,30.5,45.0,259,2021-03-20T08:49,15.27,0.216,2021-03-20T16:48,43861.63,25757.93,2021-03-21T01:49,0.00,0.00,2021-03-20T13:37,0.00,0.00,0.0,NaN,2.98
2021-03-21,3,8.0,-3.3,-8.1,2.4,NaN,NaN,28.8,51.1,239,2021-03-21T09:52,15.30,0.246,2021-03-21T17:29,44098.51,25894.01,2021-03-22T01:51,0.00,0.00,2021-03-21T13:35,0.00,0.00,0.0,NaN,2.25
2021-03-22,3,7.1,0.7,-5.5,1.5,NaN,NaN,27.1,56.2,311,2021-03-22T10:48,13.27,0.278,2021-03-22T18:20,44335.05,20008.61,2021-03-23T01:53,0.00,0.00,2021-03-22T13:33,0.00,0.00,0.0,NaN,2.35
2021-03-23,3,5.3,-4.5,-8.4,0.2,4.70,4.70,26.3,41.4,329,2021-03-23T11:35,16.27,0.310,2021-03-23T19:23,44571.07,25200.00,2021-03-24T01:54,0.00,0.00,2021-03-23T13:30,0.00,0.00,0.0,NaN,1.67
2021-03-24,3,8.4,-1.8,-5.6,3.0,2.55,4.70,25.8,54.4,255,2021-03-24T12:13,15.07,0.343,2021-03-24T20:36,44806.45,23398.67,2021-03-25T01:56,0.00,0.00,2021-03-24T13:28,0.00,0.00,0.0,NaN,2.45
2021-03-25,3,6.1,-5.0,-9.9,0.3,3.50,4.80,25.1,41.4,17,2021-03-25T12:43,12.28,0.378,2021-03-25T21:55,45041.04,12752.05,2021-03-26T01:58,0.00,0.00,2021-03-25T13:26,0.00,0.00,0.0,NaN,1.35
2021-03-26,45,3.2,-4.3,-8.3,-0.4,4.95,5.25,10.0,20.5,157,2021-03-26T13:08,14.08,0.414,2021-03-26T23:18,45274.69,16387.13,2021-03-27T01:59,0.00,0.00,2021-03-26T13:24,0.00,0.00,0.0,NaN,1.26
2021-03-27,3,12.0,-2.6,-6.9,6.6,5.30,5.30,23.0,42.1,225,2021-03-27T13:29,16.25,0.451,,45507.25,34952.94,2021-03-28T02:01,0.00,0.00,2021-03-27T13:21,0.00,0.00,0.0,NaN,2.15
2021-03-28,3,12.6,4.5,0.2,5.4,5.10,5.25,41.5,76.3,237,2021-03-28T13:48,18.52,0.489,2021-03-28T00:43,45738.57,32799.66,2021-03-29T02:03,0.00,0.00,2021-03-28T13:19,0.00,0.00,0.0,NaN,3.34
2021-03-29,75,9.4,-9.7,-19.3,2.3,5.70,5.70,45.2,85.3,331,2021-03-29T14:06,17.54,0.528,2021-03-29T02:09,45968.80,26810.46,2021-03-30T02:04,0.90,0.00,2021-03-29T13:17,1.47,3.00,3.0,NaN,1.63
2021-03-30,3,4.2,-10.0,-15.2,-2.0,5.70,5.70,35.3,58.0,313,2021-03-30T14:26,18.74,0.567,2021-03-30T03:36,46199.58,33591.56,2021-03-31T02:06,0.00,0.00,2021-03-30T13:15,0.00,0.00,0.0,NaN,2.08
2021-03-31,45,12.7,-3.1,-7.4,7.1,5.55,5.55,24.8,48.6,276,2021-03-31T14:49,19.56,0.605,2021-03-31T05:04,46431.05,42097.18,2021-04-01T02:08,0.00,0.00,2021-03-31T13:13,0.00,0.00,0.0,NaN,3.31
2021-04-01,3,15.0,2.3,-2.6,6.6,5.05,5.50,45.8,79.6,239,2021-04-01T15:18,20.35,0.643,2021-04-01T06:32,46663.10,39600.00,2021-04-02T02:09,0.00,0.00,2021-04-01T13:10,0.00,0.00,0.0,NaN,4.21
2021-04-02,3,12.2,-2.2,-5.8,7.1,5.25,5.45,43.2,81.4,218,2021-04-02T15:55,20.39,0.681,2021-04-02T07:57,46895.58,42363.42,2021-04-03T02:11,0.00,0.00,2021-04-02T13:08,0.00,0.00,0.0,NaN,3.34
2021-04-03,3,14.5,-3.0,-7.5,10.0,5.00,5.50,15.9,33.5,5,2021-04-03T16:44,19.59,0.717,2021-04-03T09:13,47128.37,34054.17,2021-04-04T02:12,0.00,0.00,2021-04-03T13:06,0.00,0.00,0.0,NaN,3.28
2021-04-04,3,14.7,-1.3,-5.1,9.4,4.20,5.35,21.3,34.2,332,2021-04-04T17:45,13.29,0.753,2021-04-04T10:15,47361.33,28230.32,2021-04-05T02:14,0.00,0.00,2021-04-04T13:04,0.00,0.00,0.0,NaN,2.12
2021-04-05,75,12.9,-4.7,-9.0,8.5,5.65,5.65,14.6,22.0,230,2021-04-05T18:54,20.34,0.787,2021-04-05T11:02,47594.32,35563.73,2021-04-06T02:16,1.10,0.00,2021-04-05T13:01,0.98,2.50,1.0,NaN,2.68
2021-04-06,2,14.7,0.0,-5.0,10.6,5.60,5.60,15.6,30.6,249,2021-04-06T20:09,21.25,0.821,2021-04-06T11:37,47827.20,42896.94,2021-04-07T02:17,0.00,0.00,2021-04-06T12:59,0.00,0.00,0.0,NaN,3.78
2021-04-07,3,14.7,0.2,-4.2,9.3,5.50,5.65,27.2,52.9,223,2021-04-07T21:24,20.91,0.854,2021-04-07T12:03,48059.83,42926.53,2021-04-08T02:19,0.00,0.00,2021-04-07T12:57,0.00,0.00,0.0,NaN,3.92
2021-04-08,3,12.1,0.2,-6.8,6.0,5.40,5.55,32.7,53.3,330,2021-04-08T22:36,17.34,0.887,2021-04-08T12:23,48292.06,31227.42,2021-04-09T02:21,0.00,0.00,2021-04-08T12:55,0.00,0.00,0.0,NaN,2.33
2021-04-09,3,11.0,-3.9,-8.2,7.2,4.35,5.80,26.8,46.4,217,2021-04-09T23:48,21.34,0.919,2021-04-09T12:40,48523.75,39981.15,2021-04-10T02:22,0.00,0.00,2021-04-09T12:53,0.00,0.00,0.0,NaN,2.91
2021-04-10,3,9.3,-3.9,-8.1,1.9,4.85,5.60,35.4,47.9,303,,18.51,0.950,2021-04-10T12:55,48754.74,22845.85,2021-04-11T02:24,0.00,0.00,2021-04-10T12:50,0.00,0.00,0.0,NaN,2.80
2021-04-11,3,4.6,-5.2,-11.8,0.5,5.75,5.75,35.3,65.2,347,2021-04-11T00:57,19.51,0.981,2021-04-11T13:10,48984.89,27709.27,2021-04-12T02:26,0.00,0.00,2021-04-11T12:48,0.00,0.00,0.0,NaN,2.55
2021-04-12,3,3.9,-4.8,-9.0,-1.1,4.95,5.70,20.0,25.9,39,2021-04-12T02:06,17.18,0.012,2021-04-12T13:24,49214.03,25830.62,2021-04-13T02:27,0.00,0.00,2021-04-12T12:46,0.00,0.00,0.0,NaN,1.89
2021-04-13,3,7.4,-7.8,-11.6,3.5,5.90,5.95,15.8,21.2,87,2021-04-13T03:14,23.11,0.042,2021-04-13T13:40,49442.01,41041.29,2021-04-14T02:29,0.00,0.00,2021-04-13T12:44,0.00,0.00,0.0,NaN,2.66
2021-04-14,0,12.5,-4.3,-9.2,9.6,6.10,6.10,13.8,22.7,168,2021-04-14T04:22,23.35,0.073,2021-04-14T13:58,49668.66,46372.43,2021-04-15T02:31,0.00,0.00,2021-04-14T12:42,0.00,0.00,0.0,NaN,3.46
2021-04-15,0,14.0,-4.1,-8.4,9.7,6.20,6.20,18.1,24.1,44,2021-04-15T05:31,23.77,0.103,2021-04-15T14:19,49893.81,46800.00,2021-04-16T02:32,0.00,0.00,2021-04-15T12:40,0.00,0.00,0.0,NaN,3.84
2021-04-16,0,17.7,-3.0,-6.9,15.6,6.35,6.35,16.9,23.4,22,2021-04-16T06:39,23.91,0.133,2021-04-16T14:47,50117.29,46800.00,2021-04-17T02:34,0.00,0.00,2021-04-16T12:38,0.00,0.00,0.0,NaN,4.01
2021-04-17,3,20.0,-0.0,-4.3,16.2,6.15,6.35,20.2,28.8,7,2021-04-17T07:44,23.99,0.163,2021-04-17T15:23,50338.92,46800.00,2021-04-18T02:35,0.00,0.00,2021-04-17T12:35,0.00,0.00,0.0,NaN,4.62
2021-04-18,73,18.1,-1.3,-7.3,12.3,3.35,6.75,24.0,37.4,21,2021-04-18T08:42,9.07,0.193,2021-04-18T16:09,50558.81,10800.00,2021-04-19T02:37,0.10,0.00,2021-04-18T12:33,0.21,0.40,1.0,NaN,1.66
2021-04-19,3,4.4,-2.5,-7.1,-0.9,6.40,6.55,22.4,33.8,342,2021-04-19T09:32,17.13,0.225,2021-04-19T17:07,50778.56,17535.84,2021-04-20T02:39,0.00,0.00,2021-04-19T12:31,0.00,0.00,0.0,NaN,1.69
2021-04-20,3,11.1,-4.2,-7.8,7.7,6.30,6.30,19.8,34.9,334,2021-04-20T10:12,23.85,0.257,2021-04-20T18:14,50998.31,39020.73,2021-04-21T02:40,0.00,0.00,2021-04-20T12:29,0.00,0.00,0.0,NaN,3.14
2021-04-21,0,18.5,-2.0,-6.1,15.3,6.35,6.35,15.8,28.1,210,2021-04-21T10:44,25.12,0.290,2021-04-21T19:30,51217.91,47153.21,2021-04-22T02:42,0.00,0.00,2021-04-21T12:27,0.00,0.00,0.0,NaN,4.49
2021-04-22,3,18.4,-2.4,-9.8,13.5,4.90,6.45,40.0,64.1,352,2021-04-22T11:10,14.46,0.324,2021-04-22T20:49,51437.22,10800.00,2021-04-23T02:44,0.00,0.00,2021-04-22T12:25,0.00,0.00,0.0,NaN,2.48
2021-04-23,3,2.4,-5.0,-9.2,-1.0,5.50,6.30,18.7,24.8,123,2021-04-23T11:31,20.09,0.360,2021-04-23T22:11,51656.08,32639.45,2021-04-24T02:45,0.00,0.00,2021-04-23T12:23,0.00,0.00,0.0,NaN,1.81
2021-04-24,3,3.6,-2.4,-6.3,-0.4,5.40,6.40,16.2,23.4,144,2021-04-24T11:50,12.95,0.397,2021-04-24T23:35,51874.33,196.44,2021-04-25T02:47,0.00,0.00,2021-04-24T12:21,0.00,0.00,0.0,NaN,1.38
2021-04-25,3,3.6,-1.0,-4.0,0.5,4.15,6.75,10.9,15.5,152,2021-04-25T12:08,9.53,0.435,,52091.81,0.00,2021-04-26T02:49,0.00,0.00,2021-04-25T12:19,0.00,0.00,0.0,NaN,1.14
2021-04-26,45,13.5,-3.1,-6.6,9.3,6.60,6.60,23.1,29.9,244,2021-04-26T12:27,24.98,0.474,2021-04-26T01:02,52308.35,40836.66,2021-04-27T02:50,0.00,0.00,2021-04-26T12:17,0.00,0.00,0.0,NaN,3.29
2021-04-27,3,13.7,2.0,-3.8,9.3,6.30,6.60,25.7,42.1,299,2021-04-27T12:48,25.17,0.514,2021-04-27T02:30,52523.76,45501.07,2021-04-28T02:52,0.00,0.00,2021-04-27T12:15,0.00,0.00,0.0,NaN,4.54
2021-04-28,3,17.0,-1.9,-6.3,11.7,6.45,6.75,27.5,41.8,297,2021-04-28T13:14,25.07,0.553,2021-04-28T04:01,52737.90,46425.14,2021-04-29T02:53,0.00,0.00,2021-04-28T12:14,0.00,0.00,0.0,NaN,4.21
2021-04-29,3,19.5,3.2,0.0,15.6,6.35,6.90,29.6,45.0,271,2021-04-29T13:48,23.42,0.592,2021-04-29T05:32,52950.56,49055.85,2021-04-30T02:55,0.00,0.00,2021-04-29T12:12,0.00,0.00,0.0,NaN,4.61
2021-04-30,3,21.5,8.6,6.3,16.6,6.55,6.85,37.1,56.9,268,2021-04-30T14:33,24.87,0.631,2021-04-30T06:55,53161.55,39983.32,2021-05-01T02:57,0.00,0.00,2021-04-30T12:10,0.00,0.00,0.0,NaN,5.53
2021-05-01,3,19.4,3.6,-0.2,12.5,5.80,6.85,33.2,53.6,296,2021-05-01T15:32,21.97,0.668,2021-05-01T08:06,53370.69,36075.35,2021-05-02T02:58,0.00,0.00,2021-05-01T12:08,0.00,0.00,0.0,NaN,4.11
2021-05-02,3,9.3,0.2,-3.8,5.6,6.85,6.85,21.3,32.4,333,2021-05-02T16:41,17.54,0.704,2021-05-02T09:01,53577.78,27585.38,2021-05-03T03:00,0.00,0.00,2021-05-02T12:06,0.00,0.00,0.0,NaN,2.20
2021-05-03,3,12.4,-0.8,-4.1,9.6,6.85,6.95,18.5,21.6,208,2021-05-03T17:56,22.23,0.739,2021-05-03T09:41,53782.61,31768.50,2021-05-04T03:02,0.00,0.00,2021-05-03T12:04,0.00,0.00,0.0,NaN,2.87
2021-05-04,53,11.3,2.4,-0.8,9.7,6.70,6.85,15.0,32.4,49,2021-05-04T19:12,19.46,0.773,2021-05-04T10:09,53984.96,34513.88,2021-05-05T03:03,0.70,0.00,2021-05-04T12:02,0.00,0.70,1.0,NaN,2.76
2021-05-05,61,14.0,0.7,-2.7,12.7,6.60,6.90,18.9,26.6,331,2021-05-05T20:26,24.41,0.806,2021-05-05T10:31,54184.63,37142.20,2021-05-06T03:05,1.80,0.00,2021-05-05T12:01,0.00,1.80,1.0,NaN,3.22
2021-05-06,2,19.0,3.3,-1.5,13.7,6.00,7.00,30.8,43.2,161,2021-05-06T21:38,26.98,0.838,2021-05-06T10:49,54381.38,50078.79,2021-05-07T03:06,0.00,0.00,2021-05-06T11:59,0.00,0.00,0.0,NaN,4.85
2021-05-07,3,18.2,7.1,2.5,12.6,4.85,7.00,28.4,55.4,143,2021-05-07T22:48,21.10,0.869,2021-05-07T11:04,54575.00,28800.00,2021-05-08T03:08,0.00,0.00,2021-05-07T11:57,0.00,0.00,0.0,NaN,4.54
2021-05-08,51,15.3,2.0,-4.2,12.3,3.85,6.80,35.2,56.9,342,2021-05-08T23:56,11.49,0.900,2021-05-08T11:18,54765.52,110.91,2021-05-09T03:09,0.80,0.00,2021-05-08T11:56,0.00,0.80,2.0,NaN,1.53
2021-05-09,3,3.2,0.7,-3.7,1.0,5.80,7.15,25.5,38.9,19,,8.51,0.931,2021-05-09T11:32,54954.45,0.00,2021-05-10T03:11,0.00,0.00,2021-05-09T11:54,0.00,0.00,0.0,NaN,0.93
2021-05-10,3,12.9,-1.4,-5.1,10.7,7.05,7.05,13.4,25.2,183,2021-05-10T01:04,24.87,0.961,2021-05-10T11:47,55141.89,37050.74,2021-05-11T03:12,0.00,0.00,2021-05-10T11:52,0.00,0.00,0.0,NaN,3.02
2021-05-11,3,12.4,2.4,-1.3,9.1,6.65,6.90,29.1,32.4,331,2021-05-11T02:12,15.89,0.991,2021-05-11T12:04,55327.67,18000.00,2021-05-12T03:14,0.00,0.00,2021-05-11T11:51,0.00,0.00,0.0,NaN,2.70
2021-05-12,3,17.5,0.2,-2.9,15.0,6.80,7.15,13.0,18.4,221,2021-05-12T03:21,25.71,0.021,2021-05-12T12:24,55511.62,39600.00,2021-05-13T03:15,0.00,0.00,2021-05-12T11:49,0.00,0.00,0.0,NaN,4.19
2021-05-13,3,16.8,6.1,1.9,14.4,6.45,7.05,19.1,33.1,324,2021-05-13T04:29,20.70,0.051,2021-05-13T12:49,55693.55,28800.00,2021-05-14T03:17,0.00,0.00,2021-05-13T11:48,0.00,0.00,0.0,NaN,3.77
2021-05-14,3,19.0,3.0,0.6,17.1,7.15,7.15,23.2,28.1,189,2021-05-14T05:36,26.65,0.082,2021-05-14T13:23,55873.28,43098.10,2021-05-15T03:18,0.00,0.00,2021-05-14T11:46,0.00,0.00,0.0,NaN,4.52
2021-05-15,3,22.3,4.5,1.6,19.8,7.20,7.20,13.8,24.1,235,2021-05-15T06:37,27.79,0.112,2021-05-15T14:05,56050.60,39600.00,2021-05-16T03:20,0.00,0.00,2021-05-15T11:45,0.00,0.00,0.0,NaN,5.26
2021-05-16,2,24.5,8.9,5.3,22.0,7.30,7.30,17.0,27.7,233,2021-05-16T07:30,28.73,0.143,2021-05-16T14:58,56225.34,50400.00,2021-05-17T03:21,0.00,0.00,2021-05-16T11:43,0.00,0.00,0.0,NaN,6.09
2021-05-17,2,26.7,10.2,6.5,22.3,6.25,7.30,21.8,46.8,220,2021-05-17T08:12,28.97,0.174,2021-05-17T16:01,56397.27,50492.69,2021-05-18T03:23,0.00,0.00,2021-05-17T11:42,0.00,0.00,0.0,NaN,6.39
2021-05-18,3,26.1,8.6,4.4,20.7,7.05,7.05,41.0,60.8,263,2021-05-18T08:46,28.26,0.207,2021-05-18T17:13,56566.20,47628.78,2021-05-19T03:24,0.00,0.00,2021-05-18T11:41,0.00,0.00,0.0,NaN,5.17
2021-05-19,3,12.1,1.2,-3.6,4.7,5.60,7.00,40.5,64.8,312,2021-05-19T09:14,22.64,0.240,2021-05-19T18:28,56731.92,40976.84,2021-05-20T03:26,0.00,0.00,2021-05-19T11:39,0.00,0.00,0.0,NaN,3.56
2021-05-20,3,6.2,-0.7,-4.8,0.5,4.05,7.05,22.6,29.5,39,2021-05-20T09:36,11.17,0.274,2021-05-20T19:47,56894.20,5042.29,2021-05-21T03:27,0.00,0.00,2021-05-20T11:38,0.00,0.00,0.0,NaN,1.39
2021-05-21,3,10.5,-1.0,-4.8,8.8,6.40,7.15,11.9,19.8,29,2021-05-21T09:55,21.99,0.309,2021-05-21T21:08,57052.83,22233.61,2021-05-22T03:28,0.00,0.00,2021-05-21T11:37,0.00,0.00,0.0,NaN,2.83
2021-05-22,2,13.2,-1.5,-4.8,10.2,7.30,7.30,14.9,20.5,128,2021-05-22T10:12,29.68,0.346,2021-05-22T22:30,57207.57,50400.00,2021-05-23T03:30,0.00,0.00,2021-05-22T11:36,0.00,0.00,0.0,NaN,4.12
2021-05-23,3,13.4,1.4,-2.8,9.1,5.85,7.40,22.8,46.1,172,2021-05-23T10:29,25.55,0.384,2021-05-23T23:56,57358.21,35359.32,2021-05-24T03:31,0.00,0.00,2021-05-23T11:34,0.00,0.00,0.0,NaN,3.20
2021-05-24,53,10.4,1.6,-1.2,6.2,0.85,7.25,34.1,56.9,309,2021-05-24T10:49,12.28,0.422,,57504.50,3600.00,2021-05-25T03:32,1.80,0.00,2021-05-24T11:33,0.00,1.80,3.0,NaN,1.35
2021-05-25,3,11.4,5.2,2.2,9.2,4.65,7.30,30.6,59.8,343,2021-05-25T11:12,14.36,0.462,2021-05-25T01:25,57646.21,11095.60,2021-05-26T03:34,0.00,0.00,2021-05-25T11:32,0.00,0.00,0.0,NaN,2.15
2021-05-26,45,17.7,5.1,1.6,16.3,6.75,7.40,22.8,36.7,152,2021-05-26T11:41,19.27,0.501,2021-05-26T02:56,57783.10,10958.95,2021-05-27T03:35,0.00,0.00,2021-05-26T11:31,0.00,0.00,0.0,NaN,2.82
2021-05-27,3,22.7,6.4,3.9,19.0,7.35,7.50,30.9,47.9,178,2021-05-27T12:20,28.90,0.541,2021-05-27T04:25,57914.90,49725.43,2021-05-28T03:36,0.00,0.00,2021-05-27T11:30,0.00,0.00,0.0,NaN,5.63
2021-05-28,3,21.6,7.4,2.2,14.6,7.15,7.35,37.3,56.9,250,2021-05-28T13:13,28.29,0.579,2021-05-28T05:46,58041.62,44536.24,2021-05-29T03:37,0.00,0.00,2021-05-28T11:29,0.00,0.00,0.0,NaN,5.76
2021-05-29,3,17.6,4.1,0.6,14.0,7.40,7.40,27.6,43.6,300,2021-05-29T14:20,23.62,0.617,2021-05-29T06:50,58164.28,33156.37,2021-05-30T03:38,0.00,0.00,2021-05-29T11:28,0.00,0.00,0.0,NaN,4.27
2021-05-30,3,22.7,5.6,1.9,20.0,7.45,7.45,14.5,27.0,256,2021-05-30T15:36,28.38,0.654,2021-05-30T07:38,58282.96,45208.71,2021-05-31T03:39,0.00,0.00,2021-05-30T11:27,0.00,0.00,0.0,NaN,5.71
2021-05-31,1,24.7,9.5,5.9,24.2,7.40,7.40,19.6,37.1,295,2021-05-31T16:55,29.80,0.689,2021-05-31T08:12,58397.51,54101.77,2021-06-01T03:41,0.00,0.00,2021-05-31T11:27,0.00,0.00,0.0,NaN,6.16
2021-06-01,2,27.1,11.0,8.8,27.0,7.15,7.65,17.9,28.4,78,2021-06-01T18:12,28.11,0.723,2021-06-01T08:37,58507.82,50481.74,2021-06-02T03:42,0.00,0.00,2021-06-01T11:26,0.00,0.00,0.0,NaN,6.13
2021-06-02,2,30.7,11.5,9.1,29.3,7.65,7.65,13.1,28.1,254,2021-06-02T19:27,29.88,0.756,2021-06-02T08:56,58613.73,50910.15,2021-06-03T03:43,0.00,0.00,2021-06-02T11:25,0.00,0.00,0.0,NaN,6.64
2021-06-03,2,32.0,13.4,11.2,29.8,7.55,7.70,23.2,51.1,257,2021-06-03T20:37,30.02,0.788,2021-06-03T09:12,58715.12,50915.38,2021-06-04T03:44,0.00,0.00,2021-06-03T11:24,0.00,0.00,0.0,NaN,7.63
2021-06-04,3,31.4,13.0,10.7,26.9,7.55,7.55,30.2,46.1,294,2021-06-04T21:47,26.47,0.820,2021-06-04T09:27,58811.83,47758.60,2021-06-05T03:45,0.00,0.00,2021-06-04T11:24,0.00,0.00,0.0,NaN,6.54
2021-06-05,3,27.2,11.7,9.7,22.3,7.05,7.45,30.0,42.8,349,2021-06-05T22:55,23.93,0.850,2021-06-05T09:41,58903.75,43664.70,2021-06-06T03:46,0.00,0.00,2021-06-05T11:23,0.00,0.00,0.0,NaN,4.83
2021-06-06,3,14.1,6.1,3.3,12.1,6.90,7.35,28.9,33.8,322,,21.36,0.881,2021-06-06T09:55,58990.72,26100.78,2021-06-07T03:46,0.00,0.00,2021-06-06T11:23,0.00,0.00,0.0,NaN,3.10
2021-06-07,53,13.3,5.2,3.1,10.7,6.90,7.25,32.7,40.0,289,2021-06-07T00:03,26.53,0.911,2021-06-07T10:11,59072.60,36000.00,2021-06-08T03:47,0.70,0.00,2021-06-07T11:22,0.00,0.70,1.0,NaN,3.28
2021-06-08,3,14.3,2.4,-0.5,11.6,6.20,7.55,28.1,31.7,352,2021-06-08T01:11,21.96,0.941,2021-06-08T10:29,59149.29,22467.81,2021-06-09T03:48,0.00,0.00,2021-06-08T11:22,0.00,0.00,0.0,NaN,3.28
2021-06-09,3,14.2,5.3,3.2,11.0,4.00,7.50,21.5,27.7,156,2021-06-09T02:20,23.00,0.971,2021-06-09T10:53,59220.62,31105.53,2021-06-10T03:49,0.00,0.00,2021-06-09T11:21,0.00,0.00,0.0,NaN,3.15
2021-06-10,51,14.1,8.1,6.0,11.9,3.60,7.40,23.3,41.4,323,2021-06-10T03:28,13.40,0.001,2021-06-10T11:24,59286.47,7200.00,2021-06-11T03:50,0.40,0.00,2021-06-10T11:21,0.00,0.40,1.0,NaN,1.99
2021-06-11,3,18.8,4.3,0.9,16.2,6.90,7.50,18.2,32.0,268,2021-06-11T04:30,28.65,0.032,2021-06-11T12:03,59346.72,42920.66,2021-06-12T03:50,0.00,0.00,2021-06-11T11:21,0.00,0.00,0.0,NaN,4.83
2021-06-12,3,21.1,5.3,1.8,16.8,7.40,7.40,25.4,32.4,257,2021-06-12T05:27,28.43,0.063,2021-06-12T12:53,59401.23,50400.00,2021-06-13T03:51,0.00,0.00,2021-06-12T11:20,0.00,0.00,0.0,NaN,5.60
2021-06-13,1,27.6,5.8,2.8,24.4,7.65,7.75,26.6,43.2,197,2021-06-13T06:13,30.98,0.094,2021-06-13T13:54,59449.89,55940.71,2021-06-14T03:51,0.00,0.00,2021-06-13T11:20,0.00,0.00,0.0,NaN,6.49
2021-06-14,1,30.7,14.1,11.8,30.7,7.70,7.80,18.8,35.6,42,2021-06-14T06:49,30.73,0.126,2021-06-14T15:03,59492.56,55308.94,2021-06-15T03:52,0.00,0.00,2021-06-14T11:20,0.00,0.00,0.0,NaN,6.70
2021-06-15,3,32.5,15.5,13.9,29.9,7.65,7.65,31.8,51.8,325,2021-06-15T07:18,21.57,0.159,2021-06-15T16:16,59529.14,39268.66,2021-06-16T03:52,0.00,0.00,2021-06-15T11:20,0.00,0.00,0.0,NaN,4.92
2021-06-16,3,24.4,11.3,7.8,22.0,7.50,7.50,34.2,55.4,278,2021-06-16T07:41,30.00,0.192,2021-06-16T17:33,59559.51,48566.20,2021-06-17T03:53,0.00,0.00,2021-06-16T11:20,0.00,0.00,0.0,NaN,6.58
2021-06-17,1,23.7,8.1,3.8,19.9,7.35,7.50,32.2,50.0,283,2021-06-17T08:00,32.04,0.227,2021-06-17T18:50,59583.60,55310.18,2021-06-18T03:53,0.00,0.00,2021-06-17T11:20,0.00,0.00,0.0,NaN,7.05
2021-06-18,3,24.0,6.3,3.1,21.5,7.45,7.60,23.2,32.0,157,2021-06-18T08:17,31.02,0.262,2021-06-18T20:09,59601.57,55313.05,2021-06-19T03:54,0.00,0.00,2021-06-18T11:20,0.00,0.00,0.0,NaN,6.03
2021-06-19,53,23.5,11.1,8.2,19.2,4.25,7.55,22.9,40.3,48,2021-06-19T08:34,18.35,0.298,2021-06-19T21:31,59613.48,16062.00,2021-06-20T03:54,0.70,0.00,2021-06-19T11:20,0.00,0.70,1.0,NaN,3.95
2021-06-20,3,20.8,8.9,6.3,18.9,7.50,7.50,19.4,35.3,329,2021-06-20T08:52,25.53,0.335,2021-06-20T22:55,59619.38,47584.41,2021-06-21T03:54,0.00,0.00,2021-06-20T11:20,0.00,0.00,0.0,NaN,4.40
2021-06-21,1,27.9,7.6,4.9,27.3,7.75,7.75,11.8,26.6,222,2021-06-21T09:12,31.03,0.373,,59619.28,55788.23,2021-06-22T03:54,0.00,0.00,2021-06-21T11:20,0.00,0.00,0.0,NaN,6.08
2021-06-22,1,31.0,11.1,8.5,28.6,7.75,7.75,23.6,39.6,268,2021-06-22T09:37,31.38,0.412,2021-06-22T00:23,59613.25,55796.35,2021-06-23T03:54,0.00,0.00,2021-06-22T11:21,0.00,0.00,0.0,NaN,7.63
2021-06-23,3,31.7,13.5,11.0,25.9,4.80,7.60,28.8,43.2,321,2021-06-23T10:10,28.88,0.450,2021-06-23T01:53,59601.33,47688.55,2021-06-24T03:54,0.00,0.00,2021-06-23T11:21,0.00,0.00,0.0,NaN,7.07
2021-06-24,63,22.7,11.9,10.7,20.6,7.35,7.50,18.9,31.0,49,2021-06-24T10:56,19.86,0.489,2021-06-24T03:18,59583.58,27106.37,2021-06-25T03:55,13.10,0.00,2021-06-24T11:21,0.00,13.10,6.0,NaN,3.79
2021-06-25,3,26.4,12.0,10.8,24.7,7.55,7.70,23.5,36.7,322,2021-06-25T11:56,29.49,0.528,2021-06-25T04:31,59560.03,54452.56,2021-06-26T03:55,0.00,0.00,2021-06-25T11:22,0.00,0.00,0.0,NaN,5.73
2021-06-26,1,30.3,14.4,13.2,30.4,7.70,7.70,20.8,34.9,345,2021-06-26T13:10,30.74,0.566,2021-06-26T05:28,59530.79,54923.64,2021-06-27T03:54,0.00,0.00,2021-06-26T11:22,0.00,0.00,0.0,NaN,7.04
2021-06-27,3,30.3,15.8,15.6,30.6,7.70,7.70,14.5,28.4,29,2021-06-27T14:30,30.59,0.602,2021-06-27T06:08,59495.89,54479.80,2021-06-28T03:54,0.00,0.00,2021-06-27T11:23,0.00,0.00,0.0,NaN,6.66
2021-06-28,45,33.9,15.8,14.9,35.0,7.75,7.75,19.8,24.5,151,2021-06-28T15:51,30.55,0.638,2021-06-28T06:38,59455.42,54495.08,2021-06-29T03:54,0.00,0.00,2021-06-28T11:23,0.00,0.00,0.0,NaN,7.37
2021-06-29,0,35.4,17.9,18.3,34.5,7.75,7.75,21.2,26.6,153,2021-06-29T17:09,30.79,0.672,2021-06-29T07:00,59409.42,54511.44,2021-06-30T03:54,0.00,0.00,2021-06-29T11:24,0.00,0.00,0.0,NaN,7.82
2021-06-30,0,35.3,16.5,15.3,33.0,7.70,7.70,27.4,37.8,160,2021-06-30T18:22,31.47,0.706,2021-06-30T07:18,59358.01,54528.76,2021-07-01T03:54,0.00,0.00,2021-06-30T11:25,0.00,0.00,0.0,NaN,9.55
2021-07-01,0,35.3,17.5,14.2,32.8,7.70,7.70,28.6,37.8,156,2021-07-01T19:34,31.47,0.738,2021-07-01T07:33,59301.24,54547.06,2021-07-02T03:53,0.00,0.00,2021-07-01T11:25,0.00,0.00,0.0,NaN,9.73
2021-07-02,3,35.4,21.6,20.6,32.4,7.65,7.65,24.3,32.4,40,2021-07-02T20:43,28.79,0.769,2021-07-02T07:47,59239.21,54000.00,2021-07-03T03:53,0.00,0.00,2021-07-02T11:26,0.00,0.00,0.0,NaN,7.29
2021-07-03,3,25.8,13.9,13.1,27.6,7.50,7.60,24.5,33.8,339,2021-07-03T21:51,28.45,0.800,2021-07-03T08:01,59171.98,46800.00,2021-07-04T03:53,0.00,0.00,2021-07-03T11:27,0.00,0.00,0.0,NaN,5.14
2021-07-04,55,26.1,15.6,15.1,25.2,4.20,7.50,19.1,27.4,40,2021-07-04T23:00,13.84,0.830,2021-07-04T08:17,59099.66,24118.22,2021-07-05T03:52,1.10,0.00,2021-07-04T11:27,0.00,1.10,1.0,NaN,2.76
2021-07-05,3,17.7,12.2,11.6,17.4,6.10,7.50,16.8,23.0,60,,17.56,0.860,2021-07-05T08:34,59022.33,28800.00,2021-07-06T03:52,0.00,0.00,2021-07-05T11:28,0.00,0.00,0.0,NaN,2.83
2021-07-06,45,23.1,12.8,11.7,25.3,7.30,7.45,12.8,31.0,138,2021-07-06T00:09,25.18,0.890,2021-07-06T08:56,58940.09,29156.36,2021-07-07T03:51,0.00,0.00,2021-07-06T11:29,0.00,0.00,0.0,NaN,4.37
2021-07-07,3,25.0,12.2,11.9,27.5,6.90,7.55,13.0,22.0,125,2021-07-07T01:17,28.73,0.921,2021-07-07T09:24,58852.86,51823.44,2021-07-08T03:50,0.00,0.00,2021-07-07T11:30,0.00,0.00,0.0,NaN,5.27
2021-07-08,65,25.2,13.5,11.8,26.1,7.45,7.45,28.9,51.5,345,2021-07-08T02:22,29.71,0.951,2021-07-08T10:00,58759.85,50255.60,2021-07-09T03:50,11.90,0.00,2021-07-08T11:31,0.00,11.90,3.0,NaN,5.50
2021-07-09,2,27.1,12.9,12.3,27.6,7.45,7.45,14.9,17.6,73,2021-07-09T03:21,30.27,0.982,2021-07-09T10:47,58661.09,54000.00,2021-07-10T03:49,0.00,0.00,2021-07-09T11:32,0.00,0.00,0.0,NaN,5.94
2021-07-10,1,30.9,13.7,12.3,31.9,7.55,7.55,13.4,25.6,186,2021-07-10T04:11,30.34,0.014,2021-07-10T11:46,58556.81,54000.00,2021-07-11T03:48,0.00,0.00,2021-07-10T11:33,0.00,0.00,0.0,NaN,6.61
2021-07-11,3,30.9,13.8,12.2,28.9,7.00,7.35,14.9,25.6,323,2021-07-11T04:51,27.87,0.046,2021-07-11T12:53,58447.23,43718.67,2021-07-12T03:48,0.00,0.00,2021-07-11T11:34,0.00,0.00,0.0,NaN,5.47
2021-07-12,1,25.0,11.2,10.3,25.4,7.35,7.35,13.4,15.5,143,2021-07-12T05:22,29.48,0.079,2021-07-12T14:06,58332.55,54000.00,2021-07-13T03:47,0.00,0.00,2021-07-12T11:35,0.00,0.00,0.0,NaN,5.50
2021-07-13,3,26.9,12.5,11.9,26.3,7.40,7.40,18.3,20.9,92,2021-07-13T05:47,29.34,0.113,2021-07-13T15:23,58213.00,54000.00,2021-07-14T03:46,0.00,0.00,2021-07-13T11:36,0.00,0.00,0.0,NaN,5.78
2021-07-14,45,31.8,13.8,12.3,32.3,7.45,7.45,16.9,25.9,180,2021-07-14T06:07,28.49,0.147,2021-07-14T16:40,58088.76,52584.41,2021-07-15T03:45,0.00,0.00,2021-07-14T11:37,0.00,0.00,0.0,NaN,6.49
2021-07-15,45,29.1,14.4,13.6,29.8,7.45,7.45,17.9,20.5,32,2021-07-15T06:24,25.42,0.181,2021-07-15T17:58,57960.08,43097.80,2021-07-16T03:44,0.00,0.00,2021-07-15T11:38,0.00,0.00,0.0,NaN,5.46
2021-07-16,3,28.6,15.6,14.4,27.3,7.45,7.45,18.2,37.1,32,2021-07-16T06:41,25.15,0.217,2021-07-16T19:17,57827.15,44369.90,2021-07-17T03:43,0.00,0.00,2021-07-16T11:40,0.00,0.00,0.0,NaN,5.61
2021-07-17,3,26.0,11.4,9.1,25.2,7.35,7.35,17.5,30.2,15,2021-07-17T06:57,26.29,0.253,2021-07-17T20:38,57690.18,45097.00,2021-07-18T03:42,0.00,0.00,2021-07-17T11:41,0.00,0.00,0.0,NaN,4.98
2021-07-18,3,23.0,13.1,12.5,22.1,7.25,7.40,18.3,27.7,77,2021-07-18T07:16,18.26,0.289,2021-07-18T22:02,57549.36,23606.08,2021-07-19T03:41,0.00,0.00,2021-07-18T11:42,0.00,0.00,0.0,NaN,3.26
2021-07-19,45,23.5,12.7,12.3,25.0,7.40,7.40,15.8,22.0,94,2021-07-19T07:38,20.58,0.326,2021-07-19T23:28,57404.90,30780.92,2021-07-20T03:39,0.00,0.00,2021-07-19T11:43,0.00,0.00,0.0,NaN,3.73
2021-07-20,45,23.0,15.4,15.7,24.3,7.40,7.40,18.8,27.7,140,2021-07-20T08:06,15.50,0.364,,57257.01,17343.84,2021-07-21T03:38,0.00,0.00,2021-07-20T11:45,0.00,0.00,0.0,NaN,2.90
2021-07-21,3,27.2,14.8,15.3,24.5,7.35,7.40,24.5,37.1,136,2021-07-21T08:44,25.51,0.402,2021-07-21T00:52,57105.86,39991.13,2021-07-22T03:37,0.00,0.00,2021-07-21T11:46,0.00,0.00,0.0,NaN,4.46
2021-07-22,3,27.4,10.1,7.4,23.5,7.20,7.20,31.0,53.3,231,2021-07-22T09:37,25.51,0.440,2021-07-22T02:10,56951.65,37697.86,2021-07-23T03:36,0.00,0.00,2021-07-22T11:47,0.00,0.00,0.0,NaN,5.97
2021-07-23,0,27.1,8.3,5.2,22.1,7.20,7.20,27.1,38.5,255,2021-07-23T10:44,27.32,0.477,2021-07-23T03:14,56794.57,45728.07,2021-07-24T03:34,0.00,0.00,2021-07-23T11:49,0.00,0.00,0.0,NaN,6.04
2021-07-24,45,28.2,8.7,5.8,26.3,7.25,7.25,28.9,40.0,261,2021-07-24T12:03,27.42,0.515,2021-07-24T04:02,56634.80,54000.00,2021-07-25T03:33,0.00,0.00,2021-07-24T11:50,0.00,0.00,0.0,NaN,6.37
2021-07-25,45,28.2,10.8,8.6,25.3,7.30,7.30,15.5,29.2,32,2021-07-25T13:25,25.86,0.551,2021-07-25T04:36,56472.52,45089.78,2021-07-26T03:32,0.00,0.00,2021-07-25T11:51,0.00,0.00,0.0,NaN,5.46
2021-07-26,45,27.0,11.1,10.0,25.5,7.30,7.30,26.3,47.9,101,2021-07-26T14:45,25.35,0.586,2021-07-26T05:02,56307.89,45840.89,2021-07-27T03:30,0.00,0.00,2021-07-26T11:53,0.00,0.00,0.0,NaN,5.18
2021-07-27,45,25.1,11.5,9.2,24.1,7.05,7.25,21.8,32.8,14,2021-07-27T16:03,25.47,0.621,2021-07-27T05:22,56140.84,44102.98,2021-07-28T03:29,0.00,0.00,2021-07-27T11:54,0.00,0.00,0.0,NaN,4.95
2021-07-28,45,26.4,12.2,11.5,26.0,7.20,7.25,15.2,21.6,130,2021-07-28T17:17,21.36,0.654,2021-07-28T05:38,55969.96,31588.51,2021-07-29T03:27,0.00,0.00,2021-07-28T11:56,0.00,0.00,0.0,NaN,4.49
2021-07-29,3,28.2,15.5,14.5,28.1,7.20,7.20,18.6,24.5,36,2021-07-29T18:27,23.65,0.686,2021-07-29T05:53,55795.24,42948.37,2021-07-30T03:26,0.00,0.00,2021-07-29T11:57,0.00,0.00,0.0,NaN,5.48
2021-07-30,45,29.3,14.3,13.9,27.8,7.15,7.15,18.4,21.2,89,2021-07-30T19:37,22.43,0.718,2021-07-30T06:07,55616.92,44334.13,2021-07-31T03:24,0.00,0.00,2021-07-30T11:58,0.00,0.00,0.0,NaN,5.07
2021-07-31,45,29.3,14.0,12.8,28.8,7.15,7.15,18.0,26.6,150,2021-07-31T20:46,20.79,0.748,2021-07-31T06:22,55435.25,44366.94,2021-08-01T03:23,0.00,0.00,2021-07-31T12:00,0.00,0.00,0.0,NaN,5.13
2021-08-01,45,32.6,14.5,13.0,29.4,7.00,7.15,26.0,34.6,167,2021-08-01T21:56,24.12,0.779,2021-08-01T06:38,55250.45,41677.53,2021-08-02T03:21,0.00,0.00,2021-08-01T12:01,0.00,0.00,0.0,NaN,6.41
2021-08-02,1,32.1,19.0,19.8,28.5,3.25,7.10,22.9,29.5,13,2021-08-02T23:04,23.37,0.809,2021-08-02T06:59,55062.76,42595.23,2021-08-03T03:20,0.00,0.00,2021-08-02T12:03,0.00,0.00,0.0,NaN,5.35
2021-08-03,55,30.7,17.2,16.9,29.7,6.75,7.10,16.9,26.3,321,,25.85,0.839,2021-08-03T07:24,54872.39,46946.53,2021-08-04T03:18,1.10,0.00,2021-08-03T12:04,0.00,1.10,1.0,NaN,5.63
2021-08-04,45,28.6,13.7,12.8,27.1,6.70,7.00,18.2,20.2,153,2021-08-04T00:11,21.55,0.869,2021-08-04T07:57,54679.55,40188.93,2021-08-05T03:16,0.00,0.00,2021-08-04T12:06,0.00,0.00,0.0,NaN,4.89
2021-08-05,45,30.6,13.0,11.5,29.6,6.95,6.95,23.4,36.0,195,2021-08-05T01:12,23.27,0.900,2021-08-05T08:40,54484.47,35885.43,2021-08-06T03:14,0.00,0.00,2021-08-05T12:07,0.00,0.00,0.0,NaN,5.62
2021-08-06,3,29.9,15.8,13.6,27.0,6.60,6.90,26.6,41.0,273,2021-08-06T02:06,18.62,0.932,2021-08-06T09:34,54287.33,29640.92,2021-08-07T03:13,0.00,0.00,2021-08-06T12:09,0.00,0.00,0.0,NaN,5.56
2021-08-07,3,25.3,13.7,12.4,22.4,5.80,6.90,33.1,39.6,255,2021-08-07T02:49,21.38,0.964,2021-08-07T10:39,54088.35,29090.58,2021-08-08T03:11,0.00,0.00,2021-08-07T12:10,0.00,0.00,0.0,NaN,4.70
2021-08-08,3,25.1,12.0,9.2,20.6,3.50,6.70,24.7,39.6,325,2021-08-08T03:24,17.51,0.997,2021-08-08T11:52,53887.71,28800.00,2021-08-09T03:09,0.00,0.00,2021-08-08T12:12,0.00,0.00,0.0,NaN,4.11
2021-08-09,2,27.0,9.0,7.0,25.2,6.80,6.80,17.8,25.2,254,2021-08-09T03:51,24.73,0.031,2021-08-09T13:09,53685.61,48357.85,2021-08-10T03:07,0.00,0.00,2021-08-09T12:14,0.00,0.00,0.0,NaN,4.57
2021-08-10,3,27.1,14.1,12.2,24.1,5.75,6.75,30.9,76.3,302,2021-08-10T04:12,18.19,0.066,2021-08-10T14:28,53482.22,30429.15,2021-08-11T03:05,0.00,0.00,2021-08-10T12:15,0.00,0.00,0.0,NaN,5.61
2021-08-11,3,21.4,15.5,13.7,18.6,3.40,6.75,27.8,55.8,337,2021-08-11T04:30,20.49,0.101,2021-08-11T15:47,53277.71,44479.90,2021-08-12T03:03,0.00,0.00,2021-08-11T12:17,0.00,0.00,0.0,NaN,4.62
2021-08-12,3,25.7,13.4,11.3,24.0,6.35,6.75,18.8,24.5,20,2021-08-12T04:47,24.97,0.136,2021-08-12T17:06,53072.28,48490.26,2021-08-13T03:02,0.00,0.00,2021-08-12T12:18,0.00,0.00,0.0,NaN,5.06
2021-08-13,0,32.1,9.7,7.5,31.4,6.70,6.70,16.6,22.0,193,2021-08-13T05:04,25.35,0.172,2021-08-13T18:27,52866.07,48831.93,2021-08-14T03:00,0.00,0.00,2021-08-13T12:20,0.00,0.00,0.0,NaN,5.79
2021-08-14,0,33.7,13.3,10.5,30.1,6.75,6.75,15.9,24.5,235,2021-08-14T05:21,19.09,0.209,2021-08-14T19:50,52659.26,40684.81,2021-08-15T02:58,0.00,0.00,2021-08-14T12:21,0.00,0.00,0.0,NaN,5.59
2021-08-15,1,32.9,16.0,14.1,29.8,6.50,6.75,23.8,43.6,232,2021-08-15T05:42,19.95,0.245,2021-08-15T21:14,52452.00,35433.79,2021-08-16T02:56,0.00,0.00,2021-08-15T12:23,0.00,0.00,0.0,NaN,6.06
2021-08-16,51,31.2,16.8,15.3,28.2,6.25,6.60,18.1,36.4,339,2021-08-16T06:07,19.26,0.281,2021-08-16T22:37,52244.16,29706.66,2021-08-17T02:54,0.40,0.00,2021-08-16T12:24,0.00,0.40,1.0,NaN,4.52
2021-08-17,63,15.9,9.4,7.2,14.7,1.60,6.40,17.7,33.5,9,2021-08-17T06:40,5.52,0.318,2021-08-17T23:56,52034.22,0.00,2021-08-18T02:52,30.90,0.00,2021-08-17T12:26,0.00,30.90,18.0,NaN,0.99
2021-08-18,3,19.1,5.6,3.8,15.7,6.35,6.35,18.4,23.8,214,2021-08-18T07:27,22.78,0.355,,51822.08,36000.00,2021-08-19T02:50,0.00,0.00,2021-08-18T12:28,0.00,0.00,0.0,NaN,3.33
2021-08-19,3,19.0,8.6,5.7,15.2,4.25,6.35,21.5,32.8,327,2021-08-19T08:26,17.99,0.392,2021-08-19T01:03,51607.92,23182.29,2021-08-20T02:48,0.00,0.00,2021-08-19T12:29,0.00,0.00,0.0,NaN,2.99
2021-08-20,3,17.2,9.1,6.9,15.9,6.25,6.30,14.8,34.6,343,2021-08-20T09:40,15.52,0.428,2021-08-20T01:56,51391.94,26247.38,2021-08-21T02:46,0.00,0.00,2021-08-20T12:31,0.00,0.00,0.0,NaN,2.54
2021-08-21,3,17.4,8.0,6.1,16.2,4.70,6.25,21.6,28.8,130,2021-08-21T11:00,19.74,0.464,2021-08-21T02:34,51174.30,41838.95,2021-08-22T02:44,0.00,0.00,2021-08-21T12:32,0.00,0.00,0.0,NaN,3.12
2021-08-22,61,18.9,8.4,5.8,19.5,6.15,6.20,21.9,33.1,161,2021-08-22T12:21,15.59,0.500,2021-08-22T03:03,50955.20,24534.77,2021-08-23T02:42,2.20,0.00,2021-08-22T12:34,0.00,2.20,1.0,NaN,2.63
2021-08-23,55,16.2,8.7,4.2,12.6,5.00,6.10,36.0,48.2,330,2021-08-23T13:41,20.97,0.535,2021-08-23T03:24,50734.80,43323.24,2021-08-24T02:40,1.10,0.00,2021-08-23T12:35,0.00,1.10,1.0,NaN,2.63
2021-08-24,3,16.6,6.0,0.7,14.5,5.75,6.05,33.3,59.8,324,2021-08-24T14:56,18.65,0.569,2021-08-24T03:42,50513.25,43032.60,2021-08-25T02:37,0.00,0.00,2021-08-24T12:37,0.00,0.00,0.0,NaN,2.98
2021-08-25,0,20.7,3.8,0.9,17.2,6.10,6.10,19.5,23.8,166,2021-08-25T16:09,23.07,0.602,2021-08-25T03:57,50290.73,46800.00,2021-08-26T02:35,0.00,0.00,2021-08-25T12:38,0.00,0.00,0.0,NaN,4.12
2021-08-26,3,22.6,6.3,4.4,21.2,6.10,6.10,17.5,30.2,165,2021-08-26T17:21,21.23,0.634,2021-08-26T04:11,50067.38,43200.00,2021-08-27T02:33,0.00,0.00,2021-08-26T12:40,0.00,0.00,0.0,NaN,4.37
2021-08-27,3,21.1,11.0,8.7,18.0,5.60,6.00,19.3,31.0,343,2021-08-27T18:31,14.88,0.665,2021-08-27T04:26,49843.36,28800.00,2021-08-28T02:31,0.00,0.00,2021-08-27T12:42,0.00,0.00,0.0,NaN,3.32
2021-08-28,3,22.2,6.8,4.5,20.1,6.05,6.05,22.3,29.5,273,2021-08-28T19:41,21.17,0.696,2021-08-28T04:42,49618.83,36000.00,2021-08-29T02:29,0.00,0.00,2021-08-28T12:43,0.00,0.00,0.0,NaN,3.81
2021-08-29,2,24.7,8.7,6.0,22.2,5.95,5.95,13.6,20.2,208,2021-08-29T20:50,21.98,0.726,2021-08-29T05:01,49393.92,45547.55,2021-08-30T02:27,0.00,0.00,2021-08-29T12:45,0.00,0.00,0.0,NaN,4.55
2021-08-30,3,24.5,8.5,5.1,22.0,5.95,5.95,19.2,27.4,99,2021-08-30T21:58,20.87,0.756,2021-08-30T05:24,49168.78,45930.92,2021-08-31T02:24,0.00,0.00,2021-08-30T12:46,0.00,0.00,0.0,NaN,4.38
2021-08-31,80,22.9,7.0,4.4,19.4,4.40,5.80,19.4,31.0,31,2021-08-31T23:02,14.90,0.786,2021-08-31T05:53,48943.55,28153.28,2021-09-01T02:22,2.20,0.00,2021-08-31T12:48,0.00,2.20,1.0,NaN,3.17
2021-09-01,51,13.9,4.4,1.8,10.1,4.10,5.70,35.3,47.9,324,2021-09-01T23:58,7.47,0.817,2021-09-01T06:31,48718.36,7895.04,2021-09-02T02:20,0.40,0.00,2021-09-01T12:49,0.00,0.40,1.0,NaN,1.54
2021-09-02,2,15.8,5.1,1.4,12.7,5.10,5.65,32.8,49.3,327,,18.12,0.848,2021-09-02T07:21,48493.35,40997.13,2021-09-03T02:18,0.00,0.00,2021-09-02T12:51,0.00,0.00,0.0,NaN,3.17
2021-09-03,1,21.8,5.6,3.4,20.8,5.70,5.70,13.4,20.5,259,2021-09-03T00:45,21.19,0.880,2021-09-03T08:21,48268.65,43200.00,2021-09-04T02:16,0.00,0.00,2021-09-03T12:53,0.00,0.00,0.0,NaN,3.60
2021-09-04,1,24.5,5.0,2.3,21.7,5.75,5.75,13.2,23.8,153,2021-09-04T01:23,20.68,0.912,2021-09-04T09:32,48044.39,43193.00,2021-09-05T02:14,0.00,0.00,2021-09-04T12:54,0.00,0.00,0.0,NaN,4.17
2021-09-05,3,25.3,14.0,10.9,22.9,5.15,5.70,17.3,37.8,258,2021-09-05T01:53,19.25,0.946,2021-09-05T10:48,47820.42,40120.72,2021-09-06T02:11,0.00,0.00,2021-09-05T12:56,0.00,0.00,0.0,NaN,4.85
2021-09-06,3,24.3,9.9,7.4,20.0,5.30,5.60,20.3,42.1,306,2021-09-06T02:16,19.60,0.981,2021-09-06T12:08,47595.21,35827.59,2021-09-07T02:09,0.00,0.00,2021-09-06T12:57,0.00,0.00,0.0,NaN,4.69
2021-09-07,0,23.6,6.5,3.0,21.1,5.65,5.65,20.1,32.0,296,2021-09-07T02:35,19.80,0.017,2021-09-07T13:29,47368.65,42915.45,2021-09-08T02:07,0.00,0.00,2021-09-07T12:59,0.00,0.00,0.0,NaN,4.24
2021-09-08,3,23.3,8.5,5.5,20.3,5.30,5.65,14.8,24.1,161,2021-09-08T02:53,16.60,0.053,2021-09-08T14:50,47140.87,39222.56,2021-09-09T02:05,0.00,0.00,2021-09-08T13:00,0.00,0.00,0.0,NaN,3.66
2021-09-09,3,27.0,8.4,6.2,23.9,5.30,5.55,23.6,39.2,255,2021-09-09T03:09,17.78,0.089,2021-09-09T16:12,46912.02,38473.19,2021-09-10T02:02,0.00,0.00,2021-09-09T13:02,0.00,0.00,0.0,NaN,4.09
2021-09-10,3,26.0,7.6,6.2,22.4,4.40,5.40,15.5,23.4,96,2021-09-10T03:27,17.87,0.126,2021-09-10T17:37,46682.24,34549.58,2021-09-11T02:00,0.00,0.00,2021-09-10T13:03,0.00,0.00,0.0,NaN,3.35
2021-09-11,51,19.3,10.1,8.7,16.1,3.05,5.35,18.1,29.5,136,2021-09-11T03:46,8.82,0.163,2021-09-11T19:02,46451.69,8692.51,2021-09-12T01:58,0.80,0.00,2021-09-11T13:05,0.00,0.80,2.0,NaN,1.77
2021-09-12,45,15.6,9.5,7.3,15.1,5.25,5.25,14.1,26.6,175,2021-09-12T04:09,14.48,0.200,2021-09-12T20:27,46220.48,30327.67,2021-09-13T01:56,0.00,0.00,2021-09-12T13:07,0.00,0.00,0.0,NaN,2.17
2021-09-13,3,16.8,6.3,4.1,16.3,4.80,5.20,11.2,22.0,246,2021-09-13T04:40,18.42,0.237,2021-09-13T21:48,45988.75,42355.91,2021-09-14T01:53,0.00,0.00,2021-09-13T13:08,0.00,0.00,0.0,NaN,2.86
2021-09-14,3,20.8,4.7,1.5,17.4,4.95,5.25,17.3,29.5,209,2021-09-14T05:22,18.17,0.273,2021-09-14T22:58,45756.65,42262.20,2021-09-15T01:51,0.00,0.00,2021-09-14T13:10,0.00,0.00,0.0,NaN,3.48
2021-09-15,51,19.1,4.6,0.9,15.2,2.40,5.00,31.3,52.2,275,2021-09-15T06:16,10.67,0.309,2021-09-15T23:54,45524.30,7200.00,2021-09-16T01:49,0.40,0.00,2021-09-15T13:11,0.00,0.40,1.0,NaN,2.06
2021-09-16,1,14.4,1.6,-2.4,8.6,4.80,4.95,24.4,49.3,291,2021-09-16T07:25,17.17,0.345,,45291.82,40259.00,2021-09-17T01:46,0.00,0.00,2021-09-16T13:13,0.00,0.00,0.0,NaN,3.44
2021-09-17,3,19.4,0.0,-4.2,14.7,3.55,5.05,23.6,45.4,201,2021-09-17T08:41,13.49,0.380,2021-09-17T00:35,45059.36,18000.00,2021-09-18T01:44,0.00,0.00,2021-09-17T13:14,0.00,0.00,0.0,NaN,2.92
2021-09-18,3,20.6,11.9,7.9,15.7,4.40,5.00,30.7,49.7,212,2021-09-18T10:02,13.62,0.415,2021-09-18T01:06,44827.03,15449.13,2021-09-19T01:42,0.00,0.00,2021-09-18T13:16,0.00,0.00,0.0,NaN,4.56
2021-09-19,3,18.6,4.5,1.5,13.7,4.80,4.80,25.8,55.1,279,2021-09-19T11:21,16.67,0.450,2021-09-19T01:29,44594.98,35288.61,2021-09-20T01:39,0.00,0.00,2021-09-19T13:18,0.00,0.00,0.0,NaN,3.89
2021-09-20,3,16.8,2.1,-1.4,13.0,4.80,4.80,20.1,42.5,289,2021-09-20T12:37,16.47,0.483,2021-09-20T01:47,44363.31,34497.95,2021-09-21T01:37,0.00,0.00,2021-09-20T13:19,0.00,0.00,0.0,NaN,3.18
2021-09-21,3,23.1,5.7,1.9,17.9,4.85,4.85,24.2,43.9,255,2021-09-21T13:52,16.78,0.517,2021-09-21T02:03,44132.17,41155.84,2021-09-22T01:35,0.00,0.00,2021-09-21T13:21,0.00,0.00,0.0,NaN,4.05
2021-09-22,3,21.4,13.0,9.1,15.9,2.65,4.75,24.4,48.2,256,2021-09-22T15:04,12.38,0.549,2021-09-22T02:17,43901.67,9318.33,2021-09-23T01:33,0.00,0.00,2021-09-22T13:22,0.00,0.00,0.0,NaN,3.93
2021-09-23,3,15.4,5.5,2.4,13.3,4.65,4.65,20.0,52.2,325,2021-09-23T16:14,15.38,0.581,2021-09-23T02:31,43671.94,36200.72,2021-09-24T01:30,0.00,0.00,2021-09-23T13:24,0.00,0.00,0.0,NaN,2.77
2021-09-24,1,24.1,2.5,-1.0,21.1,4.60,4.65,17.5,25.2,188,2021-09-24T17:25,15.81,0.612,2021-09-24T02:46,43443.12,39191.13,2021-09-25T01:28,0.00,0.00,2021-09-24T13:25,0.00,0.00,0.0,NaN,3.23
2021-09-25,3,22.8,14.1,11.2,19.4,3.85,4.60,18.0,26.3,249,2021-09-25T18:35,14.50,0.642,2021-09-25T03:03,43215.04,36000.00,2021-09-26T01:26,0.00,0.00,2021-09-25T13:27,0.00,0.00,0.0,NaN,3.32
2021-09-26,3,24.5,8.0,5.1,21.5,4.60,4.60,23.9,42.8,208,2021-09-26T19:45,12.88,0.672,2021-09-26T03:24,42986.11,23707.43,2021-09-27T01:24,0.00,0.00,2021-09-26T13:29,0.00,0.00,0.0,NaN,3.04
2021-09-27,3,23.3,9.5,5.5,19.0,4.50,4.50,24.5,47.2,217,2021-09-27T20:50,15.31,0.702,2021-09-27T03:51,42756.19,36713.51,2021-09-28T01:21,0.00,0.00,2021-09-27T13:30,0.00,0.00,0.0,NaN,4.29
2021-09-28,3,20.8,7.9,4.5,16.3,3.75,4.35,24.9,42.1,272,2021-09-28T21:50,11.66,0.732,2021-09-28T04:24,42525.42,19837.30,2021-09-29T01:19,0.00,0.00,2021-09-28T13:32,0.00,0.00,0.0,NaN,3.12
2021-09-29,3,16.9,3.3,-0.3,12.5,4.25,4.25,19.9,45.7,257,2021-09-29T22:40,15.06,0.763,2021-09-29T05:09,42293.94,36000.00,2021-09-30T01:17,0.00,0.00,2021-09-29T13:33,0.00,0.00,0.0,NaN,3.17
2021-09-30,3,21.7,5.9,1.3,17.6,2.55,4.30,22.0,48.2,210,2021-09-30T23:21,12.78,0.794,2021-09-30T06:04,42061.89,22720.96,2021-10-01T01:15,0.00,0.00,2021-09-30T13:35,0.00,0.00,0.0,NaN,3.48
2021-10-01,3,20.9,7.7,3.4,17.3,4.10,4.10,22.7,48.6,280,2021-10-01T23:53,14.30,0.826,2021-10-01T07:10,41829.41,36000.00,2021-10-02T01:12,0.00,0.00,2021-10-01T13:37,0.00,0.00,0.0,NaN,3.60
2021-10-02,3,17.1,0.8,-3.4,13.0,2.75,4.20,15.6,31.3,198,,11.66,0.859,2021-10-02T08:24,41596.65,25200.00,2021-10-03T01:10,0.00,0.00,2021-10-02T13:38,0.00,0.00,0.0,NaN,2.67
2021-10-03,3,19.9,5.5,1.4,13.8,4.10,4.15,27.6,44.3,249,2021-10-03T00:18,13.68,0.893,2021-10-03T09:42,41363.76,32400.00,2021-10-04T01:08,0.00,0.00,2021-10-03T13:40,0.00,0.00,0.0,NaN,3.69
2021-10-04,3,18.6,-1.0,-4.4,13.8,4.10,4.10,15.2,33.1,163,2021-10-04T00:39,12.73,0.928,2021-10-04T11:02,41130.86,25200.00,2021-10-05T01:06,0.00,0.00,2021-10-04T13:42,0.00,0.00,0.0,NaN,2.20
2021-10-05,3,22.7,2.9,-0.1,16.2,3.25,4.00,27.8,56.2,210,2021-10-05T00:57,13.29,0.964,2021-10-05T12:24,40898.10,36000.00,2021-10-06T01:03,0.00,0.00,2021-10-05T13:43,0.00,0.00,0.0,NaN,2.99
2021-10-06,45,21.5,3.9,0.6,16.3,3.40,3.90,17.8,32.4,255,2021-10-06T01:14,9.07,0.001,2021-10-06T13:48,40665.64,14400.00,2021-10-07T01:01,0.00,0.00,2021-10-06T13:45,0.00,0.00,0.0,NaN,2.47
2021-10-07,3,11.6,-2.3,-6.7,7.2,3.75,3.75,21.7,34.6,254,2021-10-07T01:31,9.31,0.039,2021-10-07T15:14,40433.61,25200.00,2021-10-08T00:59,0.00,0.00,2021-10-07T13:46,0.00,0.00,0.0,NaN,1.84
2021-10-08,1,12.2,-3.1,-6.8,7.7,3.75,3.75,12.2,25.2,234,2021-10-08T01:49,13.30,0.077,2021-10-08T16:41,40202.18,36000.00,2021-10-09T00:57,0.00,0.00,2021-10-08T13:48,0.00,0.00,0.0,NaN,2.22
2021-10-09,3,16.9,-1.3,-5.8,11.7,3.80,3.80,23.2,39.6,263,2021-10-09T02:11,12.32,0.115,2021-10-09T18:10,39971.48,32940.46,2021-10-10T00:55,0.00,0.00,2021-10-09T13:50,0.00,0.00,0.0,NaN,2.82
2021-10-10,3,14.7,2.1,-4.8,9.9,2.60,3.70,38.9,56.9,296,2021-10-10T02:39,9.19,0.153,2021-10-10T19:36,39741.67,21600.00,2021-10-11T00:52,0.00,0.00,2021-10-10T13:51,0.00,0.00,0.0,NaN,1.86
2021-10-11,3,4.9,-3.8,-7.6,0.7,3.35,3.55,20.2,48.2,291,2021-10-11T03:18,10.86,0.190,2021-10-11T20:52,39512.92,31465.77,2021-10-12T00:50,0.00,0.00,2021-10-11T13:53,0.00,0.00,0.0,NaN,1.36
2021-10-12,1,8.7,-7.3,-11.6,2.1,3.55,3.55,23.2,33.1,191,2021-10-12T04:09,12.59,0.227,2021-10-12T21:54,39285.36,35961.42,2021-10-13T00:48,0.00,0.00,2021-10-12T13:55,0.00,0.00,0.0,NaN,1.70
2021-10-13,3,7.4,-5.4,-9.8,2.7,2.40,3.45,19.9,43.9,14,2021-10-13T05:15,8.80,0.263,2021-10-13T22:39,39059.18,21398.09,2021-10-14T00:46,0.00,0.00,2021-10-13T13:56,0.00,0.00,0.0,NaN,1.52
2021-10-14,3,10.2,-3.0,-7.0,4.7,3.40,3.40,19.6,36.0,299,2021-10-14T06:29,11.60,0.298,2021-10-14T23:12,38834.53,34342.62,2021-10-15T00:44,0.00,0.00,2021-10-14T13:58,0.00,0.00,0.0,NaN,1.63
2021-10-15,3,13.7,-2.6,-6.7,8.3,3.40,3.40,23.7,47.5,262,2021-10-15T07:49,9.91,0.333,2021-10-15T23:36,38611.26,27527.65,2021-10-16T00:42,0.00,0.00,2021-10-15T14:00,0.00,0.00,0.0,NaN,2.26
2021-10-16,3,18.3,4.9,0.0,13.6,2.60,3.35,22.0,51.1,249,2021-10-16T09:07,7.43,0.366,2021-10-16T23:55,38387.61,4616.41,2021-10-17T00:40,0.00,0.00,2021-10-16T14:01,0.00,0.00,0.0,NaN,2.52
2021-10-17,3,21.2,4.1,0.0,16.3,2.80,3.35,21.9,41.8,186,2021-10-17T10:23,10.10,0.400,,38163.42,29547.43,2021-10-18T00:38,0.00,0.00,2021-10-17T14:03,0.00,0.00,0.0,NaN,3.19
2021-10-18,3,17.9,0.5,-3.4,13.1,0.75,3.15,17.3,36.0,346,2021-10-18T11:37,4.82,0.432,2021-10-18T00:10,37938.85,3600.00,2021-10-19T00:36,0.00,0.00,2021-10-18T14:05,0.00,0.00,0.0,NaN,1.21
2021-10-19,45,9.3,1.6,-3.7,4.1,3.20,3.20,23.5,39.6,152,2021-10-19T12:49,7.39,0.465,2021-10-19T00:24,37714.08,15128.63,2021-10-20T00:34,0.00,0.00,2021-10-19T14:06,0.00,0.00,0.0,NaN,1.13
2021-10-20,45,8.6,-1.3,-6.2,4.0,3.10,3.10,20.5,38.9,166,2021-10-20T14:00,9.04,0.496,2021-10-20T00:38,37489.28,29298.25,2021-10-21T00:32,0.00,0.00,2021-10-20T14:08,0.00,0.00,0.0,NaN,1.29
2021-10-21,3,15.9,2.1,-1.4,12.7,3.05,3.05,29.3,54.0,291,2021-10-21T15:11,10.29,0.527,2021-10-21T00:52,37264.63,33037.16,2021-10-22T00:30,0.00,0.00,2021-10-21T14:10,0.00,0.00,0.0,NaN,2.29
2021-10-22,1,12.5,0.4,-3.3,9.0,2.10,3.00,17.7,32.0,159,2021-10-22T16:21,9.71,0.558,2021-10-22T01:08,37040.30,34944.33,2021-10-23T00:28,0.00,0.00,2021-10-22T14:11,0.00,0.00,0.0,NaN,1.67
2021-10-23,63,11.5,3.4,-0.7,7.9,0.45,2.95,22.6,33.8,322,2021-10-23T17:32,4.03,0.588,2021-10-23T01:27,36816.47,3325.37,2021-10-24T00:26,12.60,0.00,2021-10-23T14:13,0.00,12.60,9.0,NaN,0.84
2021-10-24,3,9.9,-0.5,-3.7,5.2,3.05,3.05,20.5,42.8,168,2021-10-24T18:39,9.69,0.618,2021-10-24T01:51,36593.35,31135.44,2021-10-25T00:24,0.00,0.00,2021-10-24T14:15,0.00,0.00,0.0,NaN,1.16
2021-10-25,3,12.7,2.8,-0.5,7.3,2.45,2.80,22.2,43.9,181,2021-10-25T19:42,9.74,0.648,2021-10-25T02:21,36371.10,31030.60,2021-10-26T00:22,0.00,0.00,2021-10-25T14:17,0.00,0.00,0.0,NaN,1.94
2021-10-26,3,12.8,1.2,-3.2,6.6,2.75,2.75,24.5,46.8,247,2021-10-26T20:35,9.46,0.678,2021-10-26T03:01,36149.94,33307.74,2021-10-27T00:20,0.00,0.00,2021-10-26T14:18,0.00,0.00,0.0,NaN,2.18
2021-10-27,3,10.4,1.9,-2.4,4.4,2.75,2.75,33.7,66.2,270,2021-10-27T21:20,9.32,0.708,2021-10-27T03:52,35930.07,30011.06,2021-10-28T00:18,0.00,0.00,2021-10-27T14:20,0.00,0.00,0.0,NaN,2.30
2021-10-28,3,9.4,-0.7,-4.7,4.1,2.40,2.70,25.5,49.7,212,2021-10-28T21:54,6.16,0.739,2021-10-28T04:53,35711.68,11583.76,2021-10-29T00:16,0.00,0.00,2021-10-28T14:22,0.00,0.00,0.0,NaN,1.53
2021-10-29,3,7.6,1.9,-1.5,2.5,1.05,2.55,18.3,36.0,320,2021-10-29T22:21,3.35,0.771,2021-10-29T06:02,35494.99,0.00,2021-10-30T00:14,0.00,0.00,2021-10-29T14:24,0.00,0.00,0.0,NaN,0.70
2021-10-30,3,1.9,-3.2,-8.1,-1.6,2.80,2.80,18.6,37.8,310,2021-10-30T22:42,8.94,0.804,2021-10-30T07:17,35280.22,29552.50,2021-10-31T00:12,0.00,0.00,2021-10-30T14:25,0.00,0.00,0.0,NaN,1.03
2021-10-31,45,1.4,-9.1,-12.8,-3.4,2.70,2.70,10.5,19.1,223,2021-10-31T23:01,8.00,0.838,2021-10-31T08:34,35067.60,26010.28,2021-11-01T00:10,0.00,0.00,2021-10-31T14:27,0.00,0.00,0.0,NaN,0.79
2021-11-01,3,-0.9,-11.3,-16.2,-6.4,2.70,2.70,21.8,44.3,177,2021-11-01T23:18,7.34,0.873,2021-11-01T09:54,34857.34,18867.98,2021-11-02T00:09,0.00,0.00,2021-11-01T14:29,0.00,0.00,0.0,NaN,0.68
2021-11-02,45,11.9,-8.5,-12.9,8.0,2.40,2.75,18.3,43.9,199,2021-11-02T23:34,8.07,0.909,2021-11-02T11:16,34649.68,28800.00,2021-11-03T00:07,0.00,0.00,2021-11-02T14:30,0.00,0.00,0.0,NaN,1.25
2021-11-03,0,14.2,-1.3,-5.1,10.4,2.55,2.65,16.8,39.2,254,2021-11-03T23:51,7.74,0.947,2021-11-03T12:40,34444.88,28800.00,2021-11-04T00:05,0.00,0.00,2021-11-03T14:32,0.00,0.00,0.0,NaN,1.41
2021-11-04,3,15.6,1.0,-2.3,11.2,2.40,2.40,20.0,33.8,213,,7.26,0.985,2021-11-04T14:08,34242.80,22839.09,2021-11-05T00:04,0.00,0.00,2021-11-04T14:34,0.00,0.00,0.0,NaN,1.59
2021-11-05,3,12.7,7.4,3.7,8.4,2.35,2.35,27.0,58.0,263,2021-11-05T00:11,7.69,0.024,2021-11-05T15:40,34041.56,28800.00,2021-11-06T00:02,0.00,0.00,2021-11-05T14:36,0.00,0.00,0.0,NaN,2.24
2021-11-06,3,9.3,-0.5,-4.7,4.4,2.10,2.25,31.1,58.0,245,2021-11-06T00:36,7.27,0.063,2021-11-06T17:11,33840.97,26316.47,2021-11-07T00:00,0.00,0.00,2021-11-06T14:37,0.00,0.00,0.0,NaN,1.74
2021-11-07,1,5.4,-2.7,-6.7,0.2,2.10,2.15,29.6,45.7,241,2021-11-07T01:11,7.58,0.102,2021-11-07T18:35,33641.28,28800.00,2021-11-07T23:59,0.00,0.00,2021-11-07T14:39,0.00,0.00,0.0,NaN,1.45
2021-11-08,2,5.7,-2.5,-8.9,-1.0,2.05,2.05,27.3,57.6,243,2021-11-08T01:58,7.54,0.140,2021-11-08T19:46,33442.68,28800.00,2021-11-08T23:57,0.00,0.00,2021-11-08T14:41,0.00,0.00,0.0,NaN,1.80
2021-11-09,3,3.4,-4.5,-9.1,-0.1,2.00,2.10,14.2,28.8,169,2021-11-09T03:01,6.39,0.177,2021-11-09T20:38,33245.38,18674.71,2021-11-09T23:56,0.00,0.00,2021-11-09T14:43,0.00,0.00,0.0,NaN,0.95
2021-11-10,3,5.6,0.7,-5.8,-1.0,1.75,2.00,34.6,77.4,286,2021-11-10T04:15,6.01,0.214,2021-11-10T21:16,33049.64,14400.00,2021-11-10T23:54,0.00,0.00,2021-11-10T14:44,0.00,0.00,0.0,NaN,2.03
2021-11-11,1,4.3,-4.7,-9.7,0.7,2.00,2.00,26.3,56.9,292,2021-11-11T05:36,6.73,0.249,2021-11-11T21:43,32855.66,28800.00,2021-11-11T23:53,0.00,0.00,2021-11-11T14:46,0.00,0.00,0.0,NaN,1.47
2021-11-12,3,12.8,-3.6,-9.0,7.5,1.40,2.00,27.5,63.0,189,2021-11-12T06:56,4.42,0.283,2021-11-12T22:03,32663.70,8863.20,2021-11-12T23:51,0.00,0.00,2021-11-12T14:48,0.00,0.00,0.0,NaN,1.22
2021-11-13,3,8.4,-1.2,-5.4,4.7,1.90,1.90,28.7,57.2,290,2021-11-13T08:13,6.54,0.317,2021-11-13T22:19,32473.99,25200.00,2021-11-13T23:50,0.00,0.00,2021-11-13T14:49,0.00,0.00,0.0,NaN,1.54
2021-11-14,3,9.2,-0.6,-5.1,6.4,1.45,1.95,14.8,36.0,193,2021-11-14T09:27,6.23,0.349,2021-11-14T22:33,32286.78,25200.00,2021-11-14T23:48,0.00,0.00,2021-11-14T14:51,0.00,0.00,0.0,NaN,0.96
2021-11-15,71,7.1,0.3,-4.6,3.9,0.90,2.05,18.5,34.9,115,2021-11-15T10:38,2.34,0.381,2021-11-15T22:46,32102.34,0.00,2021-11-15T23:47,0.20,0.00,2021-11-15T14:53,0.14,0.40,1.0,NaN,0.39
2021-11-16,45,4.0,-3.5,-11.9,-0.2,1.50,1.90,42.9,85.3,326,2021-11-16T11:49,5.04,0.412,2021-11-16T23:00,31920.93,13421.91,2021-11-16T23:46,0.00,0.00,2021-11-16T14:55,0.00,0.00,0.0,NaN,0.99
2021-11-17,3,1.1,-10.3,-14.2,-3.7,1.85,1.85,29.0,62.3,307,2021-11-17T12:59,5.19,0.443,2021-11-17T23:15,31742.81,21421.09,2021-11-17T23:44,0.00,0.00,2021-11-17T14:56,0.00,0.00,0.0,NaN,0.73
2021-11-18,3,3.2,-6.4,-10.8,-1.4,1.30,1.80,23.9,44.3,229,2021-11-18T14:09,2.34,0.474,2021-11-18T23:33,31568.25,0.00,2021-11-18T23:43,0.00,0.00,2021-11-18T14:58,0.00,0.00,0.0,NaN,0.80
2021-11-19,45,3.5,-6.3,-10.3,-1.0,1.75,1.75,18.2,27.7,292,2021-11-19T15:20,5.72,0.504,2021-11-19T23:54,31397.56,28420.45,2021-11-19T23:42,0.00,0.00,2021-11-19T15:00,0.00,0.00,0.0,NaN,0.81
2021-11-20,3,6.2,-6.2,-13.4,-1.6,1.75,1.75,39.4,87.5,287,2021-11-20T16:28,5.80,0.534,,31231.00,24722.13,2021-11-20T23:41,0.00,0.00,2021-11-20T15:01,0.00,0.00,0.0,NaN,1.30
2021-11-21,3,7.4,-9.1,-14.6,1.5,1.55,1.75,26.1,56.2,220,2021-11-21T17:34,4.33,0.564,2021-11-21T00:22,31068.88,12254.89,2021-11-21T23:40,0.00,0.00,2021-11-21T15:03,0.00,0.00,0.0,NaN,0.87
2021-11-22,3,12.7,0.7,-3.3,7.3,1.55,1.80,21.5,51.8,210,2021-11-22T18:30,5.36,0.594,2021-11-22T00:58,30911.50,21600.00,2021-11-22T23:39,0.00,0.00,2021-11-22T15:04,0.00,0.00,0.0,NaN,1.59
2021-11-23,3,7.7,-3.1,-7.7,2.6,1.35,1.65,27.8,48.2,322,2021-11-23T19:18,3.50,0.624,2021-11-23T01:45,30759.16,3600.00,2021-11-23T23:38,0.00,0.00,2021-11-23T15:06,0.00,0.00,0.0,NaN,0.93
2021-11-24,45,0.5,-9.4,-13.7,-3.8,1.70,1.70,12.9,22.3,168,2021-11-24T19:55,4.24,0.654,2021-11-24T02:42,30611.85,20745.71,2021-11-24T23:37,0.00,0.00,2021-11-24T15:07,0.00,0.00,0.0,NaN,0.42
2021-11-25,3,11.5,-3.0,-7.1,8.0,1.40,1.70,30.3,65.9,201,2021-11-25T20:24,4.49,0.685,2021-11-25T03:48,30467.93,13449.33,2021-11-25T23:36,0.00,0.00,2021-11-25T15:09,0.00,0.00,0.0,NaN,1.22
2021-11-26,3,10.2,2.9,-1.5,4.1,1.55,1.60,28.4,60.1,284,2021-11-26T20:47,4.77,0.717,2021-11-26T04:59,30327.26,21600.00,2021-11-26T23:35,0.00,0.00,2021-11-26T15:10,0.00,0.00,0.0,NaN,1.79
2021-11-27,45,5.9,-3.0,-7.9,-0.0,1.30,1.60,21.3,52.9,167,2021-11-27T21:06,2.53,0.749,2021-11-27T06:14,30190.06,0.00,2021-11-27T23:34,0.00,0.00,2021-11-27T15:12,0.00,0.00,0.0,NaN,0.46
2021-11-28,3,12.6,-3.4,-7.0,9.9,1.60,1.65,13.4,47.5,184,2021-11-28T21:22,5.00,0.783,2021-11-28T07:30,30056.51,27585.96,2021-11-28T23:34,0.00,0.00,2021-11-28T15:13,0.00,0.00,0.0,NaN,0.78
2021-11-29,3,9.1,1.9,-2.1,3.6,1.50,1.50,23.0,50.4,273,2021-11-29T21:38,5.05,0.817,2021-11-29T08:48,29926.82,24003.46,2021-11-29T23:33,0.00,0.00,2021-11-29T15:15,0.00,0.00,0.0,NaN,1.25
2021-11-30,3,9.9,0.4,-4.1,5.7,1.40,1.50,16.2,42.5,209,2021-11-30T21:54,3.83,0.853,2021-11-30T10:08,29801.20,10800.00,2021-11-30T23:32,0.00,0.00,2021-11-30T15:16,0.00,0.00,0.0,NaN,1.20
2021-12-01,3,11.4,0.2,-3.9,6.1,0.35,1.50,29.9,88.9,34,2021-12-01T22:11,0.50,0.890,2021-12-01T11:33,29679.84,0.00,2021-12-01T23:32,0.00,0.00,2021-12-01T15:17,0.00,0.00,0.0,NaN,1.07
2021-12-02,73,0.7,-2.4,-7.4,-3.4,1.35,1.65,21.7,36.4,134,2021-12-02T22:33,4.19,0.929,2021-12-02T13:01,29562.96,19324.40,2021-12-02T23:31,0.70,0.00,2021-12-02T15:19,1.26,2.50,3.0,NaN,0.32
2021-12-03,3,-2.1,-6.5,-10.7,-5.2,1.50,1.60,12.1,22.3,194,2021-12-03T23:03,4.71,0.968,2021-12-03T14:33,29450.77,21600.00,2021-12-03T23:31,0.00,0.00,2021-12-03T15:20,0.00,0.00,0.0,NaN,0.36
2021-12-04,3,-4.7,-8.7,-12.8,-8.5,0.95,1.55,10.4,19.1,208,2021-12-04T23:44,2.96,0.007,2021-12-04T16:04,29343.47,7200.00,2021-12-04T23:30,0.00,0.00,2021-12-04T15:21,0.00,0.00,0.0,NaN,0.30
2021-12-05,3,-4.4,-13.7,-19.7,-9.0,1.30,1.55,27.4,51.1,346,,4.33,0.046,2021-12-05T17:25,29241.29,19613.29,2021-12-05T23:30,0.00,0.00,2021-12-05T15:23,0.00,0.00,0.0,NaN,0.50
2021-12-06,45,-7.6,-16.6,-21.5,-11.8,1.35,1.50,12.2,15.8,226,2021-12-06T00:40,3.41,0.085,2021-12-06T18:28,29144.44,10800.00,2021-12-06T23:29,0.00,0.00,2021-12-06T15:24,0.00,0.00,0.0,NaN,0.23
2021-12-07,3,-1.8,-13.7,-18.6,-6.0,1.45,1.55,19.1,29.9,221,2021-12-07T01:52,3.47,0.124,2021-12-07T19:13,29053.14,10800.00,2021-12-07T23:29,0.00,0.00,2021-12-07T15:25,0.00,0.00,0.0,NaN,0.47
2021-12-08,3,5.0,-3.7,-8.2,-1.7,1.45,1.55,32.6,66.2,295,2021-12-08T03:14,3.93,0.161,2021-12-08T19:45,28967.58,15981.16,2021-12-08T23:29,0.00,0.00,2021-12-08T15:26,0.00,0.00,0.0,NaN,0.85
2021-12-09,3,-1.8,-6.7,-12.1,-8.1,1.45,1.45,26.1,47.9,283,2021-12-09T04:38,4.69,0.196,2021-12-09T20:08,28888.00,23010.89,2021-12-09T23:29,0.00,0.00,2021-12-09T15:27,0.00,0.00,0.0,NaN,0.90
2021-12-10,3,-0.6,-9.2,-15.1,-8.4,1.45,1.45,30.1,72.7,275,2021-12-10T05:59,4.33,0.231,2021-12-10T20:26,28814.60,22777.08,2021-12-10T23:29,0.00,0.00,2021-12-10T15:28,0.00,0.00,0.0,NaN,1.01
2021-12-11,3,4.4,-4.1,-11.0,-2.6,1.50,1.50,39.4,85.3,225,2021-12-11T07:15,4.53,0.264,2021-12-11T20:41,28747.59,26409.65,2021-12-11T23:28,0.00,0.00,2021-12-11T15:29,0.00,0.00,0.0,NaN,1.49
2021-12-12,3,0.6,-6.2,-11.7,-5.1,1.45,1.45,24.8,38.5,252,2021-12-12T08:28,4.60,0.297,2021-12-12T20:55,28687.18,25485.16,2021-12-12T23:28,0.00,0.00,2021-12-12T15:30,0.00,0.00,0.0,NaN,0.65
2021-12-13,45,-3.0,-15.4,-20.0,-6.9,1.20,1.35,13.3,30.2,210,2021-12-13T09:40,4.46,0.328,2021-12-13T21:08,28633.58,23412.76,2021-12-13T23:28,0.00,0.00,2021-12-13T15:31,0.00,0.00,0.0,NaN,0.40
2021-12-14,3,-7.6,-15.6,-21.7,-12.6,1.00,1.35,27.7,48.2,348,2021-12-14T10:49,4.04,0.359,2021-12-14T21:23,28586.86,11341.24,2021-12-14T23:28,0.00,0.00,2021-12-14T15:32,0.00,0.00,0.0,NaN,0.37
2021-12-15,3,-15.7,-22.1,-27.1,-20.6,1.35,1.40,13.0,24.1,256,2021-12-15T11:59,4.01,0.389,2021-12-15T21:39,28546.41,23288.35,2021-12-15T23:29,0.00,0.00,2021-12-15T15:33,0.00,0.00,0.0,NaN,0.19
2021-12-16,45,-15.3,-18.8,-27.8,-20.5,0.90,1.40,37.5,62.6,326,2021-12-16T13:09,2.37,0.419,2021-12-16T21:59,28512.13,0.00,2021-12-16T23:29,0.00,0.00,2021-12-16T15:34,0.00,0.00,0.0,NaN,0.18
2021-12-17,3,-15.2,-25.4,-30.3,-20.3,1.45,1.45,32.4,61.2,322,2021-12-17T14:18,4.49,0.449,2021-12-17T22:24,28484.05,25200.00,2021-12-17T23:29,0.00,0.00,2021-12-17T15:34,0.00,0.00,0.0,NaN,0.24
2021-12-18,3,-0.2,-20.8,-25.7,-4.2,1.10,1.45,12.4,18.4,186,2021-12-18T15:25,3.07,0.479,2021-12-18T22:58,28462.16,7200.00,2021-12-18T23:29,0.00,0.00,2021-12-18T15:35,0.00,0.00,0.0,NaN,0.46
2021-12-19,3,-3.2,-12.5,-19.3,-6.9,1.30,1.45,30.6,60.5,348,2021-12-19T16:25,3.78,0.509,2021-12-19T23:42,28446.45,14400.00,2021-12-19T23:30,0.00,0.00,2021-12-19T15:36,0.00,0.00,0.0,NaN,0.43
2021-12-20,45,-11.8,-20.8,-25.7,-16.3,1.45,1.45,10.2,23.8,234,2021-12-20T17:16,4.21,0.539,,28436.93,18000.00,2021-12-20T23:30,0.00,0.00,2021-12-20T15:36,0.00,0.00,0.0,NaN,0.26
2021-12-21,45,-3.5,-18.0,-22.4,-7.6,1.45,1.45,9.3,13.7,165,2021-12-21T17:56,1.91,0.570,2021-12-21T00:35,28433.60,0.00,2021-12-21T23:31,0.00,0.00,2021-12-21T15:37,0.00,0.00,0.0,NaN,0.33
2021-12-22,3,1.9,-8.7,-13.7,-1.9,1.05,1.45,11.5,20.5,137,2021-12-22T18:28,2.60,0.601,2021-12-22T01:39,28436.43,0.00,2021-12-22T23:31,0.00,0.00,2021-12-22T15:37,0.00,0.00,0.0,NaN,0.45
2021-12-23,73,0.0,-12.6,-19.9,-4.2,1.20,1.40,25.9,47.5,8,2021-12-23T18:52,3.10,0.632,2021-12-23T02:49,28445.40,8368.38,2021-12-23T23:32,0.20,0.00,2021-12-23T15:38,0.35,0.70,1.0,NaN,0.44
2021-12-24,3,-13.1,-21.5,-26.8,-20.5,1.35,1.45,26.3,50.0,351,2021-12-24T19:12,3.25,0.664,2021-12-24T04:02,28460.51,10580.41,2021-12-24T23:33,0.00,0.00,2021-12-24T15:38,0.00,0.00,0.0,NaN,0.21
2021-12-25,73,-21.3,-26.0,-31.8,-26.4,1.10,1.40,13.0,24.8,29,2021-12-25T19:28,3.69,0.696,2021-12-25T05:16,28481.71,5273.78,2021-12-25T23:33,0.10,0.00,2021-12-25T15:38,0.21,0.40,1.0,NaN,0.12
2021-12-26,51,-26.0,-28.0,-33.1,-31.4,1.15,1.40,13.7,18.4,46,2021-12-26T19:43,3.11,0.729,2021-12-26T06:31,28508.98,0.00,2021-12-26T23:34,0.10,0.00,2021-12-26T15:39,0.00,0.10,1.0,NaN,0.10
2021-12-27,3,-26.9,-32.6,-37.8,-32.6,1.45,1.45,15.9,24.5,197,2021-12-27T19:58,4.23,0.764,2021-12-27T07:48,28542.29,22355.49,2021-12-27T23:35,0.00,0.00,2021-12-27T15:39,0.00,0.00,0.0,NaN,0.08
2021-12-28,3,-16.4,-30.8,-36.1,-22.1,1.20,1.45,19.3,45.0,291,2021-12-28T20:14,3.21,0.799,2021-12-28T09:07,28581.60,4445.46,2021-12-28T23:36,0.00,0.00,2021-12-28T15:39,0.00,0.00,0.0,NaN,0.14
2021-12-29,3,-18.0,-27.1,-32.5,-25.3,1.50,1.50,25.7,53.3,326,2021-12-29T20:33,4.85,0.835,2021-12-29T10:30,28626.85,25200.00,2021-12-29T23:37,0.00,0.00,2021-12-29T15:39,0.00,0.00,0.0,NaN,0.22
2021-12-30,3,-16.2,-23.7,-29.3,-22.2,1.35,1.50,24.7,47.5,352,2021-12-30T20:57,3.12,0.873,2021-12-30T11:58,28678.01,547.70,2021-12-30T23:38,0.00,0.00,2021-12-30T15:39,0.00,0.00,0.0,NaN,0.19
2021-12-31,3,-19.7,-27.6,-32.4,-24.2,1.50,1.50,12.6,21.6,328,2021-12-31T21:31,4.96,0.911,2021-12-31T13:28,28735.02,25200.00,2021-12-31T23:39,0.00,0.00,2021-12-31T15:39,0.00,0.00,0.0,NaN,0.15
2022-01-01,3,-8.9,-25.9,-31.5,-13.8,1.35,1.55,11.5,20.9,209,2022-01-01T22:18,4.27,0.950,2022-01-01T14:53,28797.84,17214.29,2022-01-01T23:40,0.00,0.00,2022-01-01T15:39,0.00,0.00,0.0,NaN,0.32
2022-01-02,3,1.6,-7.5,-12.4,-4.6,1.50,1.50,42.9,93.6,271,2022-01-02T23:23,4.69,0.989,2022-01-02T16:07,28866.39,21200.03,2022-01-02T23:41,0.00,0.00,2022-01-02T15:39,0.00,0.00,0.0,NaN,1.62
2022-01-03,3,-4.4,-22.3,-29.5,-8.7,1.15,1.45,24.1,37.8,38,,3.24,0.028,2022-01-03T17:02,28940.79,0.00,2022-01-03T23:42,0.00,0.00,2022-01-03T15:39,0.00,0.00,0.0,NaN,0.26
2022-01-04,3,-23.3,-26.3,-34.4,-30.8,1.30,1.45,30.3,54.4,345,2022-01-04T00:42,4.50,0.067,2022-01-04T17:42,29021.85,14533.58,2022-01-04T23:43,0.00,0.00,2022-01-04T15:38,0.00,0.00,0.0,NaN,0.22
2022-01-05,3,-23.9,-28.2,-33.4,-28.3,1.50,1.55,10.7,25.6,14,2022-01-05T02:08,4.51,0.104,2022-01-05T18:09,29109.48,19925.57,2022-01-05T23:44,0.00,0.00,2022-01-05T15:38,0.00,0.00,0.0,NaN,0.12
2022-01-06,3,-23.1,-29.4,-35.0,-28.5,1.25,1.65,13.1,29.9,169,2022-01-06T03:34,3.41,0.141,2022-01-06T18:30,29203.46,0.00,2022-01-06T23:45,0.00,0.00,2022-01-06T15:38,0.00,0.00,0.0,NaN,0.13
2022-01-07,3,-19.6,-24.2,-29.6,-26.1,1.65,1.65,20.5,38.5,13,2022-01-07T04:56,4.23,0.176,2022-01-07T18:46,29303.54,21597.99,2022-01-07T23:46,0.00,0.00,2022-01-07T15:37,0.00,0.00,0.0,NaN,0.16
2022-01-08,3,-17.1,-24.4,-30.0,-23.1,1.70,1.70,14.9,38.9,302,2022-01-08T06:13,5.23,0.209,2022-01-08T19:01,29409.46,25200.00,2022-01-08T23:48,0.00,0.00,2022-01-08T15:37,0.00,0.00,0.0,NaN,0.22
2022-01-09,3,-13.7,-23.7,-29.4,-18.5,1.75,1.75,14.8,22.3,173,2022-01-09T07:27,4.91,0.242,2022-01-09T19:15,29521.00,19609.50,2022-01-09T23:49,0.00,0.00,2022-01-09T15:36,0.00,0.00,0.0,NaN,0.25
2022-01-10,3,5.7,-16.1,-21.0,0.5,1.35,1.75,40.0,76.7,227,2022-01-10T08:38,2.99,0.273,2022-01-10T19:29,29637.90,0.00,2022-01-10T23:51,0.00,0.00,2022-01-10T15:36,0.00,0.00,0.0,NaN,0.97
2022-01-11,3,7.8,-2.0,-6.4,0.3,1.70,1.70,46.6,98.6,264,2022-01-11T09:48,4.84,0.304,2022-01-11T19:45,29759.93,21600.00,2022-01-11T23:52,0.00,0.00,2022-01-11T15:35,0.00,0.00,0.0,NaN,1.74
2022-01-12,3,9.7,-0.8,-4.9,3.8,1.40,1.75,26.5,85.3,267,2022-01-12T10:58,3.97,0.334,2022-01-12T20:03,29886.85,10481.34,2022-01-12T23:54,0.00,0.00,2022-01-12T15:35,0.00,0.00,0.0,NaN,1.67
2022-01-13,3,7.0,-1.5,-5.6,3.4,1.50,1.70,28.8,50.8,310,2022-01-13T12:08,4.92,0.364,2022-01-13T20:27,30018.41,17183.74,2022-01-13T23:55,0.00,0.00,2022-01-13T15:34,0.00,0.00,0.0,NaN,0.86
2022-01-14,3,1.8,-1.2,-5.7,-2.5,1.75,1.75,20.6,46.8,251,2022-01-14T13:16,4.86,0.394,2022-01-14T20:57,30154.39,22187.68,2022-01-14T23:57,0.00,0.00,2022-01-14T15:33,0.00,0.00,0.0,NaN,0.50
2022-01-15,3,7.6,-2.6,-6.5,1.8,1.60,1.70,30.3,93.2,270,2022-01-15T14:18,5.17,0.424,2022-01-15T21:38,30294.54,15651.04,2022-01-15T23:58,0.00,0.00,2022-01-15T15:32,0.00,0.00,0.0,NaN,1.61
2022-01-16,3,6.4,-5.9,-10.8,0.2,1.65,1.75,22.9,55.4,252,2022-01-16T15:12,5.35,0.454,2022-01-16T22:28,30438.65,20909.27,2022-01-17T00:00,0.00,0.00,2022-01-16T15:31,0.00,0.00,0.0,NaN,1.03
2022-01-17,3,10.0,-1.6,-5.6,4.7,1.40,1.75,42.0,88.9,281,2022-01-17T15:56,5.91,0.485,2022-01-17T23:30,30586.50,25868.34,2022-01-18T00:01,0.00,0.00,2022-01-17T15:31,0.00,0.00,0.0,NaN,2.13
2022-01-18,3,7.3,-17.3,-22.8,1.0,1.70,1.80,43.8,83.2,351,2022-01-18T16:30,5.17,0.516,,30737.85,18345.90,2022-01-19T00:03,0.00,0.00,2022-01-18T15:30,0.00,0.00,0.0,NaN,0.66
2022-01-19,3,-11.5,-20.8,-26.5,-16.8,1.80,1.80,14.6,31.3,192,2022-01-19T16:57,6.03,0.547,2022-01-19T00:39,30892.49,26675.73,2022-01-20T00:04,0.00,0.00,2022-01-19T15:29,0.00,0.00,0.0,NaN,0.31
2022-01-20,3,8.4,-15.6,-21.1,1.5,1.05,1.90,36.3,83.9,228,2022-01-20T17:18,3.48,0.579,2022-01-20T01:52,31050.20,0.00,2022-01-21T00:06,0.00,0.00,2022-01-20T15:28,0.00,0.00,0.0,NaN,1.09
2022-01-21,3,5.9,-3.8,-7.1,0.6,1.70,1.90,36.1,73.8,293,2022-01-21T17:35,4.97,0.612,2022-01-21T03:07,31210.78,13478.26,2022-01-22T00:08,0.00,0.00,2022-01-21T15:27,0.00,0.00,0.0,NaN,1.32
2022-01-22,3,11.6,0.2,-3.7,7.3,1.90,1.95,22.8,54.0,289,2022-01-22T17:50,6.13,0.645,2022-01-22T04:21,31374.02,26871.37,2022-01-23T00:09,0.00,0.00,2022-01-22T15:25,0.00,0.00,0.0,NaN,1.48
2022-01-23,3,10.7,5.8,-0.4,2.8,1.90,1.95,32.2,73.8,286,2022-01-23T18:04,5.79,0.678,2022-01-23T05:37,31540.06,14558.77,2022-01-24T00:11,0.00,0.00,2022-01-23T15:24,0.00,0.00,0.0,NaN,3.42
2022-01-24,3,6.8,-1.7,-5.7,0.1,1.75,1.90,29.6,50.8,330,2022-01-24T18:19,2.78,0.712,2022-01-24T06:54,31710.64,7200.00,2022-01-25T00:13,0.00,0.00,2022-01-24T15:23,0.00,0.00,0.0,NaN,0.83
2022-01-25,3,7.9,-5.9,-10.4,0.6,1.80,2.00,33.9,73.4,287,2022-01-25T18:36,5.67,0.747,2022-01-25T08:13,31885.81,16119.09,2022-01-26T00:14,0.00,0.00,2022-01-25T15:22,0.00,0.00,0.0,NaN,1.03
2022-01-26,3,6.8,-2.9,-7.9,-1.8,1.95,1.95,35.7,65.5,308,2022-01-26T18:58,6.63,0.783,2022-01-26T09:36,32065.24,25201.08,2022-01-27T00:16,0.00,0.00,2022-01-26T15:21,0.00,0.00,0.0,NaN,2.22
2022-01-27,3,7.4,-8.5,-13.1,1.2,2.00,2.00,26.7,58.0,293,2022-01-27T19:26,6.62,0.820,2022-01-27T11:02,32248.65,25840.26,2022-01-28T00:18,0.00,0.00,2022-01-27T15:19,0.00,0.00,0.0,NaN,1.15
2022-01-28,3,9.7,-1.4,-6.1,2.4,1.30,1.90,27.2,70.6,280,2022-01-28T20:04,4.35,0.857,2022-01-28T12:27,32435.74,2325.39,2022-01-29T00:20,0.00,0.00,2022-01-28T15:18,0.00,0.00,0.0,NaN,2.31
2022-01-29,3,8.7,-2.3,-6.7,3.4,1.65,2.00,26.2,56.9,263,2022-01-29T20:59,6.89,0.895,2022-01-29T13:45,32626.23,27443.34,2022-01-30T00:21,0.00,0.00,2022-01-29T15:16,0.00,0.00,0.0,NaN,1.60
2022-01-30,3,9.3,2.1,-4.1,4.7,1.95,2.05,27.7,60.5,274,2022-01-30T22:11,5.33,0.933,2022-01-30T14:47,32819.84,10579.78,2022-01-31T00:23,0.00,0.00,2022-01-30T15:15,0.00,0.00,0.0,NaN,1.80
2022-01-31,3,5.9,-11.0,-19.3,2.0,1.85,2.05,45.1,78.5,346,2022-01-31T23:35,6.47,0.972,2022-01-31T15:34,33016.30,16121.90,2022-02-01T00:25,0.00,0.00,2022-01-31T15:14,0.00,0.00,0.0,NaN,0.77
2022-02-01,3,-12.2,-19.0,-24.0,-18.6,1.35,2.05,18.9,34.9,12,,4.89,0.010,2022-02-01T16:07,33215.35,0.00,2022-02-02T00:27,0.00,0.00,2022-02-01T15:12,0.00,0.00,0.0,NaN,0.25
2022-02-02,3,-17.5,-25.5,-31.3,-23.9,2.25,2.25,23.0,43.2,192,2022-02-02T01:02,6.89,0.047,2022-02-02T16:30,33416.72,16991.32,2022-02-03T00:29,0.00,0.00,2022-02-02T15:10,0.00,0.00,0.0,NaN,0.24
2022-02-03,3,-12.0,-21.4,-26.7,-17.2,2.00,2.30,20.9,44.6,355,2022-02-03T02:27,6.36,0.083,2022-02-03T16:49,33620.17,13328.58,2022-02-04T00:30,0.00,0.00,2022-02-03T15:09,0.00,0.00,0.0,NaN,0.38
2022-02-04,3,6.6,-16.8,-23.2,1.2,1.70,2.55,27.8,89.3,189,2022-02-04T03:49,3.71,0.119,2022-02-04T17:05,33825.46,0.00,2022-02-05T00:32,0.00,0.00,2022-02-04T15:07,0.00,0.00,0.0,NaN,0.84
2022-02-05,3,6.2,2.2,-6.8,1.1,2.45,2.45,40.9,99.4,288,2022-02-05T05:06,6.61,0.152,2022-02-05T17:19,34032.35,13686.27,2022-02-06T00:34,0.00,0.00,2022-02-05T15:06,0.00,0.00,0.0,NaN,2.50
2022-02-06,3,11.5,-1.9,-6.2,3.6,2.40,2.60,39.3,83.5,280,2022-02-06T06:20,7.69,0.185,2022-02-06T17:34,34240.59,22306.15,2022-02-07T00:36,0.00,0.00,2022-02-06T15:04,0.00,0.00,0.0,NaN,2.62
2022-02-07,3,10.1,2.1,-2.4,3.1,2.45,2.45,41.1,85.7,253,2022-02-07T07:33,8.68,0.217,2022-02-07T17:49,34449.99,31889.97,2022-02-08T00:38,0.00,0.00,2022-02-07T15:02,0.00,0.00,0.0,NaN,2.78
2022-02-08,3,9.4,2.7,-4.6,1.8,2.40,2.40,38.8,93.2,287,2022-02-08T08:44,7.11,0.248,2022-02-08T18:06,34660.30,19685.52,2022-02-09T00:39,0.00,0.00,2022-02-08T15:01,0.00,0.00,0.0,NaN,2.82
2022-02-09,3,12.1,3.9,-1.6,5.8,2.35,2.45,32.4,62.3,284,2022-02-09T09:55,8.15,0.278,2022-02-09T18:28,34871.33,25200.00,2022-02-10T00:41,0.00,0.00,2022-02-09T14:59,0.00,0.00,0.0,NaN,2.98
2022-02-10,3,12.2,8.7,0.8,5.2,1.80,2.50,45.3,107.3,290,2022-02-10T11:04,8.73,0.308,2022-02-10T18:56,35082.85,32203.87,2022-02-11T00:43,0.00,0.00,2022-02-10T14:57,0.00,0.00,0.0,NaN,4.12
2022-02-11,3,6.9,-5.1,-9.9,0.8,2.30,2.50,32.0,62.6,346,2022-02-11T12:09,9.42,0.338,2022-02-11T19:32,35294.67,32310.30,2022-02-12T00:45,0.00,0.00,2022-02-11T14:55,0.00,0.00,0.0,NaN,1.71
2022-02-12,3,7.8,-4.7,-9.0,2.4,2.65,2.65,19.9,38.5,235,2022-02-12T13:06,9.27,0.368,2022-02-12T20:19,35506.95,32400.00,2022-02-13T00:47,0.00,0.00,2022-02-12T14:54,0.00,0.00,0.0,NaN,1.77
2022-02-13,2,7.5,0.5,-4.2,1.8,2.30,2.70,28.8,54.7,307,2022-02-13T13:54,8.94,0.398,2022-02-13T21:18,35721.65,32400.00,2022-02-14T00:48,0.00,0.00,2022-02-13T14:52,0.00,0.00,0.0,NaN,2.24
2022-02-14,3,3.3,-3.7,-7.9,-1.5,1.65,2.60,15.5,30.2,126,2022-02-14T14:31,5.20,0.429,2022-02-14T22:24,35938.88,7200.00,2022-02-15T00:50,0.00,0.00,2022-02-14T14:50,0.00,0.00,0.0,NaN,0.79
2022-02-15,3,-0.8,-3.8,-8.3,-3.8,2.55,2.75,23.1,52.9,354,2022-02-15T15:00,6.64,0.461,2022-02-15T23:38,36158.42,10800.00,2022-02-16T00:52,0.00,0.00,2022-02-15T14:48,0.00,0.00,0.0,NaN,0.69
2022-02-16,73,-2.3,-13.8,-18.6,-6.7,2.50,2.85,17.1,23.8,144,2022-02-16T15:23,8.37,0.493,,36380.04,14641.44,2022-02-17T00:54,0.40,0.00,2022-02-16T14:46,0.84,1.60,4.0,NaN,0.65
2022-02-17,3,7.4,-8.9,-14.0,0.9,2.35,3.00,38.2,83.5,277,2022-02-17T15:41,8.69,0.526,2022-02-17T00:53,36603.53,20425.99,2022-02-18T00:55,0.00,0.00,2022-02-17T14:44,0.00,0.00,0.0,NaN,1.58
2022-02-18,3,6.1,-9.8,-14.7,2.6,2.80,3.20,25.0,45.0,49,2022-02-18T15:57,6.91,0.560,2022-02-18T02:10,36828.68,17261.87,2022-02-19T00:57,0.00,0.00,2022-02-18T14:42,0.00,0.00,0.0,NaN,0.58
2022-02-19,3,8.9,-7.4,-13.9,2.9,2.35,3.25,28.7,54.7,245,2022-02-19T16:11,7.97,0.594,2022-02-19T03:27,37055.27,10800.00,2022-02-20T00:59,0.00,0.00,2022-02-19T14:40,0.00,0.00,0.0,NaN,1.50
2022-02-20,73,0.1,-16.9,-22.3,-3.5,2.75,3.45,31.6,47.9,28,2022-02-20T16:26,7.86,0.628,2022-02-20T04:44,37283.10,494.85,2022-02-21T01:01,0.90,0.00,2022-02-20T14:38,1.05,2.40,9.0,NaN,0.41
2022-02-21,3,-17.0,-21.1,-27.3,-22.0,3.00,3.45,16.1,29.9,19,2022-02-21T16:42,9.08,0.663,2022-02-21T06:03,37511.97,2443.80,2022-02-22T01:03,0.00,0.00,2022-02-21T14:36,0.00,0.00,0.0,NaN,0.26
2022-02-22,3,-17.5,-28.1,-32.6,-21.4,3.50,3.60,8.9,14.4,332,2022-02-22T17:01,11.26,0.698,2022-02-22T07:25,37741.71,28800.00,2022-02-23T01:04,0.00,0.00,2022-02-22T14:34,0.00,0.00,0.0,NaN,0.39
2022-02-23,3,-12.9,-27.2,-33.1,-17.4,3.25,3.65,13.8,26.3,194,2022-02-23T17:26,10.82,0.734,2022-02-23T08:48,37972.11,18487.42,2022-02-24T01:06,0.00,0.00,2022-02-23T14:32,0.00,0.00,0.0,NaN,0.50
2022-02-24,3,-4.4,-13.0,-17.7,-9.4,3.25,3.75,20.6,40.0,331,2022-02-24T18:00,8.06,0.770,2022-02-24T10:12,38202.99,7688.54,2022-02-25T01:08,0.00,0.00,2022-02-24T14:30,0.00,0.00,0.0,NaN,0.63
2022-02-25,3,4.2,-12.5,-17.0,-0.9,3.95,3.95,14.2,28.8,265,2022-02-25T18:46,12.20,0.807,2022-02-25T11:31,38434.17,30295.96,2022-02-26T01:10,0.00,0.00,2022-02-25T14:28,0.00,0.00,0.0,NaN,1.21
2022-02-26,3,9.4,-7.3,-12.4,3.9,3.90,4.00,18.4,32.0,263,2022-02-26T19:50,12.06,0.844,2022-02-26T12:37,38665.47,33827.67,2022-02-27T01:11,0.00,0.00,2022-02-26T14:26,0.00,0.00,0.0,NaN,1.85
2022-02-27,3,8.4,2.0,-2.9,3.3,3.80,3.90,23.9,67.0,267,2022-02-27T21:07,10.29,0.881,2022-02-27T13:29,38896.72,18728.68,2022-02-28T01:13,0.00,0.00,2022-02-27T14:24,0.00,0.00,0.0,NaN,2.31
2022-02-28,3,6.4,-0.9,-5.2,2.6,2.80,3.75,36.1,90.4,273,2022-02-28T22:32,10.98,0.918,2022-02-28T14:05,39127.75,18343.22,2022-03-01T01:15,0.00,0.00,2022-02-28T14:22,0.00,0.00,0.0,NaN,1.89
2022-03-01,45,11.4,-6.4,-11.0,5.0,3.70,3.80,26.5,51.5,199,2022-03-01T23:58,11.60,0.955,2022-03-01T14:32,39358.38,25200.00,2022-03-02T01:17,0.00,0.00,2022-03-01T14:20,0.00,0.00,0.0,NaN,1.29
2022-03-02,45,6.0,-6.9,-11.1,0.4,2.05,3.70,22.0,33.1,111,,4.85,0.992,2022-03-02T14:52,39588.46,3600.00,2022-03-03T01:18,0.00,0.00,2022-03-02T14:17,0.00,0.00,0.0,NaN,0.43
2022-03-03,45,-6.2,-7.9,-12.3,-10.2,1.70,3.65,11.8,18.0,113,2022-03-03T01:21,3.74,0.027,2022-03-03T15:09,39817.81,0.00,2022-03-04T01:20,0.00,0.00,2022-03-03T14:15,0.00,0.00,0.0,NaN,0.34
2022-03-04,3,-4.6,-10.2,-15.6,-10.9,3.90,3.90,23.8,45.7,355,2022-03-04T02:41,11.25,0.062,2022-03-04T15:23,40046.60,28800.00,2022-03-05T01:22,0.00,0.00,2022-03-04T14:13,0.00,0.00,0.0,NaN,0.70
2022-03-05,3,-1.4,-9.5,-14.3,-6.3,3.75,3.90,18.4,39.2,354,2022-03-05T03:58,13.20,0.096,2022-03-05T15:38,40276.62,33959.35,2022-03-06T01:24,0.00,0.00,2022-03-05T14:11,0.00,0.00,0.0,NaN,0.90
2022-03-06,3,1.4,-7.5,-12.2,-3.0,4.00,4.00,14.9,34.6,321,2022-03-06T05:13,13.98,0.128,2022-03-06T15:52,40508.04,31512.04,2022-03-07T01:25,0.00,0.00,2022-03-06T14:09,0.00,0.00,0.0,NaN,1.21
2022-03-07,3,4.1,-5.3,-9.9,-2.9,3.05,4.05,43.4,74.5,320,2022-03-07T06:26,12.46,0.160,2022-03-07T16:08,40740.70,22827.91,2022-03-08T01:27,0.00,0.00,2022-03-07T14:07,0.00,0.00,0.0,NaN,1.66
2022-03-08,3,-1.9,-11.1,-17.8,-10.8,3.60,4.05,38.7,65.5,348,2022-03-08T07:39,10.93,0.191,2022-03-08T16:28,40974.44,8981.90,2022-03-09T01:29,0.00,0.00,2022-03-08T14:05,0.00,0.00,0.0,NaN,1.06
2022-03-09,3,-8.4,-16.8,-21.7,-14.0,3.65,4.00,21.3,46.1,340,2022-03-09T08:50,14.18,0.221,2022-03-09T16:54,41209.11,32400.00,2022-03-10T01:30,0.00,0.00,2022-03-09T14:02,0.00,0.00,0.0,NaN,0.81
2022-03-10,3,-5.9,-14.5,-19.6,-11.8,3.55,4.15,28.8,56.5,321,2022-03-10T09:58,13.67,0.251,2022-03-10T17:27,41444.55,31440.22,2022-03-11T01:32,0.00,0.00,2022-03-10T14:00,0.00,0.00,0.0,NaN,1.18
2022-03-11,3,-1.0,-15.3,-20.5,-5.9,3.80,4.45,17.9,31.0,183,2022-03-11T10:58,10.49,0.281,2022-03-11T18:09,41680.61,6792.59,2022-03-12T01:34,0.00,0.00,2022-03-11T13:58,0.00,0.00,0.0,NaN,0.81
2022-03-12,3,8.5,-3.8,-7.5,3.0,4.05,4.45,39.7,83.5,280,2022-03-12T11:50,15.01,0.312,2022-03-12T19:03,41917.15,35413.88,2022-03-13T01:36,0.00,0.00,2022-03-12T13:56,0.00,0.00,0.0,NaN,2.64
2022-03-13,3,6.3,-2.7,-6.6,2.4,3.60,4.55,15.5,27.7,148,2022-03-13T12:30,13.47,0.342,2022-03-13T20:07,42154.01,28304.66,2022-03-14T01:37,0.00,0.00,2022-03-13T13:53,0.00,0.00,0.0,NaN,1.39
2022-03-14,45,11.1,-2.3,-6.3,4.1,3.95,4.60,34.5,64.8,209,2022-03-14T13:02,14.84,0.374,2022-03-14T21:18,42391.06,31446.33,2022-03-15T01:39,0.00,0.00,2022-03-14T13:51,0.00,0.00,0.0,NaN,2.04
2022-03-15,3,11.3,0.7,-2.8,4.5,4.40,4.40,35.6,56.2,245,2022-03-15T13:27,15.90,0.406,2022-03-15T22:33,42628.14,32400.00,2022-03-16T01:41,0.00,0.00,2022-03-15T13:49,0.00,0.00,0.0,NaN,2.70
2022-03-16,3,8.7,1.1,-4.2,2.0,3.95,4.30,32.6,60.1,290,2022-03-16T13:46,15.30,0.439,2022-03-16T23:50,42865.11,31732.85,2022-03-17T01:42,0.00,0.00,2022-03-16T13:47,0.00,0.00,0.0,NaN,2.93
2022-03-17,3,10.9,-2.9,-7.5,5.5,4.50,4.50,21.3,40.3,275,2022-03-17T14:03,15.33,0.472,,43101.82,28800.00,2022-03-18T01:44,0.00,0.00,2022-03-17T13:44,0.00,0.00,0.0,NaN,2.67
2022-03-18,3,10.0,-2.9,-7.3,4.9,4.30,4.45,26.3,55.8,274,2022-03-18T14:17,15.53,0.507,2022-03-18T01:08,43338.14,34526.61,2022-03-19T01:46,0.00,0.00,2022-03-18T13:42,0.00,0.00,0.0,NaN,2.59
2022-03-19,3,10.6,-2.6,-6.7,7.1,4.25,4.60,18.7,29.5,226,2022-03-19T14:32,16.75,0.542,2022-03-19T02:27,43573.91,39600.00,2022-03-20T01:47,0.00,0.00,2022-03-19T13:40,0.00,0.00,0.0,NaN,2.61
2022-03-20,3,10.4,-1.4,-9.7,6.3,4.20,4.70,40.0,73.4,322,2022-03-20T14:48,13.21,0.578,2022-03-20T03:48,43808.99,18000.00,2022-03-21T01:49,0.00,0.00,2022-03-20T13:38,0.00,0.00,0.0,NaN,1.86
2022-03-21,3,10.6,-2.6,-7.3,4.3,4.65,4.65,27.6,55.8,295,2022-03-21T15:06,17.26,0.614,2022-03-21T05:11,44043.23,32408.37,2022-03-22T01:51,0.00,0.00,2022-03-21T13:35,0.00,0.00,0.0,NaN,2.81
2022-03-22,3,16.0,-0.7,-5.0,12.5,4.50,4.80,24.1,48.2,265,2022-03-22T15:29,16.80,0.650,2022-03-22T06:36,44276.50,32400.00,2022-03-23T01:52,0.00,0.00,2022-03-22T13:33,0.00,0.00,0.0,NaN,3.12
2022-03-23,3,17.0,3.4,-0.9,11.1,1.85,4.90,28.7,43.9,231,2022-03-23T15:59,10.74,0.687,2022-03-23T08:02,44508.63,14433.52,2022-03-24T01:54,0.00,0.00,2022-03-23T13:31,0.00,0.00,0.0,NaN,2.67
2022-03-24,3,15.8,-0.2,-6.9,9.7,3.95,4.75,36.8,64.1,333,2022-03-24T16:41,13.15,0.723,2022-03-24T09:23,44739.78,14400.00,2022-03-25T01:56,0.00,0.00,2022-03-24T13:29,0.00,0.00,0.0,NaN,2.49
2022-03-25,3,8.3,-4.8,-8.9,3.9,4.60,4.90,15.9,26.6,172,2022-03-25T17:39,16.78,0.760,2022-03-25T10:33,44971.60,28893.02,2022-03-26T01:57,0.00,0.00,2022-03-25T13:27,0.00,0.00,0.0,NaN,1.88
2022-03-26,3,8.3,-5.1,-8.8,3.2,4.80,4.90,18.5,32.4,125,2022-03-26T18:51,17.15,0.796,2022-03-26T11:28,45204.26,40165.50,2022-03-27T01:59,0.00,0.00,2022-03-26T13:24,0.00,0.00,0.0,NaN,2.10
2022-03-27,3,14.1,-3.5,-7.2,9.6,4.70,5.00,17.4,22.7,139,2022-03-27T20:12,17.96,0.832,2022-03-27T12:07,45437.62,36154.27,2022-03-28T02:01,0.00,0.00,2022-03-27T13:22,0.00,0.00,0.0,NaN,2.60
2022-03-28,3,14.1,-3.6,-8.2,8.9,4.45,5.00,26.6,36.4,0,2022-03-28T21:37,10.40,0.868,2022-03-28T12:36,45671.56,7614.55,2022-03-29T02:02,0.00,0.00,2022-03-28T13:20,0.00,0.00,0.0,NaN,1.32
2022-03-29,3,9.3,-5.6,-8.9,5.1,5.20,5.20,28.1,45.4,332,2022-03-29T22:59,18.36,0.904,2022-03-29T12:57,45905.93,34595.45,2022-03-30T02:04,0.00,0.00,2022-03-29T13:18,0.00,0.00,0.0,NaN,2.06
2022-03-30,3,16.6,-3.2,-7.8,11.7,4.70,5.30,23.9,33.1,219,,19.63,0.939,2022-03-30T13:14,46140.60,41930.77,2022-03-31T02:05,0.00,0.00,2022-03-30T13:15,0.00,0.00,0.0,NaN,3.50
2022-03-31,3,13.9,-0.3,-5.1,8.5,5.05,5.75,41.4,63.7,312,2022-03-31T00:19,14.81,0.974,2022-03-31T13:29,46375.44,21600.00,2022-04-01T02:07,0.00,0.00,2022-03-31T13:13,0.00,0.00,0.0,NaN,2.76
2022-04-01,3,8.3,-2.3,-5.8,4.5,5.45,5.45,21.8,28.8,344,2022-04-01T01:37,17.62,0.008,2022-04-01T13:43,46610.31,24201.26,2022-04-02T02:09,0.00,0.00,2022-04-01T13:11,0.00,0.00,0.0,NaN,2.35
2022-04-02,3,9.3,-0.5,-5.1,4.6,4.70,5.35,27.4,37.4,282,2022-04-02T02:52,15.44,0.041,2022-04-02T13:57,46845.06,18483.36,2022-04-03T02:10,0.00,0.00,2022-04-02T13:09,0.00,0.00,0.0,NaN,2.53
2022-04-03,3,9.0,-4.4,-8.1,3.5,2.80,5.50,23.3,33.5,222,2022-04-03T04:07,18.85,0.073,2022-04-03T14:12,47079.56,35271.15,2022-04-04T02:12,0.00,0.00,2022-04-03T13:06,0.00,0.00,0.0,NaN,2.20
2022-04-04,3,12.7,0.8,-4.3,5.8,4.65,5.45,29.3,52.6,210,2022-04-04T05:21,15.64,0.105,2022-04-04T14:30,47313.67,18000.00,2022-04-05T02:14,0.00,0.00,2022-04-04T13:04,0.00,0.00,0.0,NaN,3.20
2022-04-05,3,9.5,2.0,-5.5,2.3,4.90,5.40,39.5,76.7,302,2022-04-05T06:33,17.19,0.135,2022-04-05T14:53,47547.23,21600.00,2022-04-06T02:15,0.00,0.00,2022-04-05T13:02,0.00,0.00,0.0,NaN,4.08
2022-04-06,3,8.2,-1.0,-5.6,4.5,5.15,5.50,21.5,53.3,329,2022-04-06T07:44,14.73,0.166,2022-04-06T15:22,47780.12,25367.47,2022-04-07T02:17,0.00,0.00,2022-04-06T13:00,0.00,0.00,0.0,NaN,2.79
2022-04-07,3,16.5,-4.0,-8.3,11.0,5.70,5.70,19.7,26.6,160,2022-04-07T08:48,21.37,0.196,2022-04-07T16:01,48012.15,43005.16,2022-04-08T02:19,0.00,0.00,2022-04-07T12:57,0.00,0.00,0.0,NaN,3.50
2022-04-08,3,20.3,7.3,2.5,14.6,5.85,5.85,31.2,63.7,208,2022-04-08T09:44,20.26,0.226,2022-04-08T16:50,48243.21,32490.93,2022-04-09T02:20,0.00,0.00,2022-04-08T12:55,0.00,0.00,0.0,NaN,4.94
2022-04-09,3,16.5,1.1,-3.4,9.7,4.20,5.60,39.2,65.9,292,2022-04-09T10:28,18.85,0.257,2022-04-09T17:50,48473.11,35115.11,2022-04-10T02:22,0.00,0.00,2022-04-09T12:53,0.00,0.00,0.0,NaN,3.08
2022-04-10,3,4.7,-4.2,-9.0,-1.7,4.95,5.85,33.5,45.7,340,2022-04-10T11:03,20.31,0.287,2022-04-10T18:58,48701.69,32466.31,2022-04-11T02:24,0.00,0.00,2022-04-10T12:51,0.00,0.00,0.0,NaN,2.55
2022-04-11,3,1.2,-7.4,-12.5,-7.0,5.25,5.70,30.7,43.9,358,2022-04-11T11:30,21.32,0.319,2022-04-11T20:10,48928.81,36051.54,2022-04-12T02:25,0.00,0.00,2022-04-11T12:49,0.00,0.00,0.0,NaN,2.10
2022-04-12,3,-2.2,-10.3,-17.0,-10.0,3.50,5.55,28.5,40.0,17,2022-04-12T11:51,18.86,0.351,2022-04-12T21:27,49154.30,14463.11,2022-04-13T02:27,0.00,0.00,2022-04-12T12:47,0.00,0.00,0.0,NaN,1.38
2022-04-13,3,-5.2,-10.1,-15.9,-10.7,3.70,5.75,23.4,31.7,4,2022-04-13T12:08,17.55,0.384,2022-04-13T22:43,49378.25,12730.42,2022-04-14T02:29,0.00,0.00,2022-04-13T12:45,0.00,0.00,0.0,NaN,1.17
2022-04-14,3,-5.0,-10.5,-15.0,-10.2,4.65,6.20,21.7,29.5,13,2022-04-14T12:23,14.32,0.418,,49602.30,0.00,2022-04-15T02:30,0.00,0.00,2022-04-14T12:42,0.00,0.00,0.0,NaN,0.96
2022-04-15,3,-2.3,-9.7,-13.6,-6.5,4.85,6.25,17.3,25.9,19,2022-04-15T12:37,16.66,0.453,2022-04-15T00:02,49826.58,10800.00,2022-04-16T02:32,0.00,0.00,2022-04-15T12:40,0.00,0.00,0.0,NaN,1.35
2022-04-16,3,3.6,-10.9,-15.1,-0.1,6.10,6.20,14.8,26.3,158,2022-04-16T12:53,22.57,0.489,2022-04-16T01:23,50050.97,37360.00,2022-04-17T02:33,0.00,0.00,2022-04-16T12:38,0.00,0.00,0.0,NaN,2.07
2022-04-17,3,4.2,-7.5,-11.5,0.6,7.00,7.00,20.9,39.2,63,2022-04-17T13:10,21.10,0.526,2022-04-17T02:46,50275.30,38555.27,2022-04-18T02:35,0.00,0.00,2022-04-17T12:36,0.00,0.00,0.0,NaN,2.18
2022-04-18,3,9.2,-6.5,-10.6,3.3,4.85,6.15,26.8,37.1,161,2022-04-18T13:31,21.66,0.564,2022-04-18T04:14,50499.45,39298.06,2022-04-19T02:37,0.00,0.00,2022-04-18T12:34,0.00,0.00,0.0,NaN,2.84
2022-04-19,75,8.4,-0.9,-6.9,1.5,1.75,6.00,34.1,60.5,191,2022-04-19T13:59,15.10,0.601,2022-04-19T05:43,50723.26,6029.24,2022-04-20T02:38,3.10,0.00,2022-04-19T12:32,4.06,8.90,4.0,NaN,1.79
2022-04-20,51,1.8,-4.3,-10.3,-1.6,7.15,7.20,31.9,58.7,342,2022-04-20T14:37,20.78,0.639,2022-04-20T07:10,50946.56,25200.00,2022-04-21T02:40,0.10,0.00,2022-04-20T12:30,0.00,0.10,1.0,NaN,1.65
2022-04-21,3,5.8,-4.2,-9.5,1.3,6.30,6.55,25.9,51.1,150,2022-04-21T15:31,22.98,0.676,2022-04-21T08:26,51169.21,46316.68,2022-04-22T02:42,0.00,0.00,2022-04-21T12:28,0.00,0.00,0.0,NaN,2.17
2022-04-22,45,4.5,-0.6,-4.3,-0.8,3.20,7.00,25.8,34.2,79,2022-04-22T16:40,10.29,0.713,2022-04-22T09:27,51391.03,10896.11,2022-04-23T02:43,0.00,0.00,2022-04-22T12:26,0.00,0.00,0.0,NaN,1.07
2022-04-23,3,10.4,-1.6,-5.7,7.7,6.50,6.50,15.9,22.0,349,2022-04-23T18:00,23.69,0.750,2022-04-23T10:11,51611.87,38357.05,2022-04-24T02:45,0.00,0.00,2022-04-23T12:24,0.00,0.00,0.0,NaN,2.59
2022-04-24,0,15.3,-2.3,-5.6,13.5,6.35,6.35,10.8,18.7,103,2022-04-24T19:23,25.40,0.786,2022-04-24T10:42,51831.55,44812.17,2022-04-25T02:47,0.00,0.00,2022-04-24T12:22,0.00,0.00,0.0,NaN,3.79
2022-04-25,3,17.3,0.5,-3.4,14.3,6.20,6.45,18.1,26.3,185,2022-04-25T20:45,25.54,0.821,2022-04-25T11:05,52049.89,48846.40,2022-04-26T02:48,0.00,0.00,2022-04-25T12:20,0.00,0.00,0.0,NaN,4.48
2022-04-26,3,16.7,4.3,0.4,11.2,5.40,6.45,24.1,30.6,208,2022-04-26T22:05,16.74,0.856,2022-04-26T11:22,52266.71,24317.88,2022-04-27T02:50,0.00,0.00,2022-04-26T12:18,0.00,0.00,0.0,NaN,3.50
2022-04-27,51,12.0,1.4,-2.2,8.9,6.45,6.50,24.5,53.3,295,2022-04-27T23:21,23.18,0.890,2022-04-27T11:37,52481.83,30626.85,2022-04-28T02:52,0.40,0.00,2022-04-27T12:16,0.00,0.40,1.0,NaN,3.61
2022-04-28,3,11.3,-3.3,-7.6,8.3,6.50,6.50,23.7,41.4,282,,23.71,0.924,2022-04-28T11:51,52695.05,41994.04,2022-04-29T02:53,0.00,0.00,2022-04-28T12:14,0.00,0.00,0.0,NaN,3.83
2022-04-29,3,11.8,-0.1,-5.0,9.9,6.15,6.40,15.0,34.6,332,2022-04-29T00:36,22.15,0.957,2022-04-29T12:04,52906.17,38280.32,2022-04-30T02:55,0.00,0.00,2022-04-29T12:12,0.00,0.00,0.0,NaN,3.46
2022-04-30,3,13.4,-2.0,-6.7,8.8,6.45,6.55,15.7,22.7,161,2022-04-30T01:50,19.17,0.989,2022-04-30T12:18,53115.00,28101.41,2022-05-01T02:56,0.00,0.00,2022-04-30T12:10,0.00,0.00,0.0,NaN,2.97
2022-05-01,3,13.6,3.6,0.7,8.2,6.30,6.55,26.3,34.9,186,2022-05-01T03:04,19.40,0.020,2022-05-01T12:35,53321.31,21351.53,2022-05-02T02:58,0.00,0.00,2022-05-01T12:08,0.00,0.00,0.0,NaN,3.33
2022-05-02,3,15.6,1.0,-2.1,14.9,5.30,6.70,22.8,28.4,175,2022-05-02T04:17,24.30,0.051,2022-05-02T12:55,53524.90,44111.32,2022-05-03T03:00,0.00,0.00,2022-05-02T12:06,0.00,0.00,0.0,NaN,3.98
2022-05-03,3,17.3,2.2,-0.9,14.8,6.75,6.75,16.9,27.4,90,2022-05-03T05:30,18.77,0.082,2022-05-03T13:22,53725.83,29309.29,2022-05-04T03:01,0.00,0.00,2022-05-03T12:05,0.00,0.00,0.0,NaN,3.50
2022-05-04,3,19.6,8.3,4.9,16.5,5.65,6.95,23.1,42.1,237,2022-05-04T06:36,23.97,0.112,2022-05-04T13:56,53925.64,36000.00,2022-05-05T03:03,0.00,0.00,2022-05-04T12:03,0.00,0.00,0.0,NaN,4.82
2022-05-05,3,19.9,8.3,4.7,16.6,5.00,6.90,26.7,46.8,219,2022-05-05T07:36,23.86,0.143,2022-05-05T14:41,54124.46,26252.68,2022-05-06T03:04,0.00,0.00,2022-05-05T12:01,0.00,0.00,0.0,NaN,4.98
2022-05-06,3,18.2,8.1,2.6,13.2,6.80,6.80,34.6,58.3,257,2022-05-06T08:25,24.12,0.173,2022-05-06T15:37,54322.12,29165.13,2022-05-07T03:06,0.00,0.00,2022-05-06T11:59,0.00,0.00,0.0,NaN,5.12
2022-05-07,3,15.6,3.8,-0.6,11.1,6.60,6.80,25.4,38.9,302,2022-05-07T09:03,20.78,0.203,2022-05-07T16:41,54518.45,34199.26,2022-05-08T03:07,0.00,0.00,2022-05-07T11:58,0.00,0.00,0.0,NaN,4.17
2022-05-08,3,10.1,-0.4,-3.3,6.1,5.45,6.80,24.3,36.4,200,2022-05-08T09:33,21.32,0.234,2022-05-08T17:52,54713.26,32245.39,2022-05-09T03:09,0.00,0.00,2022-05-08T11:56,0.00,0.00,0.0,NaN,2.73
2022-05-09,73,8.1,0.6,-3.0,5.9,5.15,7.00,16.8,35.3,84,2022-05-09T09:55,18.96,0.265,2022-05-09T19:05,54906.38,18606.91,2022-05-10T03:11,1.00,0.00,2022-05-09T11:54,0.63,1.90,3.0,NaN,2.25
2022-05-10,3,9.0,-0.2,-4.9,6.8,5.80,6.80,17.9,31.0,13,2022-05-10T10:13,18.42,0.297,2022-05-10T20:20,55097.62,10833.97,2022-05-11T03:12,0.00,0.00,2022-05-10T11:53,0.00,0.00,0.0,NaN,2.29
2022-05-11,3,13.4,0.1,-3.0,11.7,6.90,6.90,15.5,26.6,226,2022-05-11T10:28,23.01,0.330,2022-05-11T21:36,55286.78,39543.20,2022-05-12T03:14,0.00,0.00,2022-05-11T11:51,0.00,0.00,0.0,NaN,3.25
2022-05-12,3,15.5,-1.3,-5.6,11.6,6.90,6.95,25.7,32.8,204,2022-05-12T10:43,24.64,0.365,2022-05-12T22:55,55473.68,36000.00,2022-05-13T03:15,0.00,0.00,2022-05-12T11:50,0.00,0.00,0.0,NaN,4.21
2022-05-13,3,13.4,0.6,-3.3,9.5,6.10,6.90,28.2,42.5,214,2022-05-13T10:57,17.97,0.400,,55658.09,28839.04,2022-05-14T03:17,0.00,0.00,2022-05-13T11:48,0.00,0.00,0.0,NaN,3.40
2022-05-14,3,15.6,4.0,-0.4,12.8,6.45,6.95,23.7,30.2,325,2022-05-14T11:13,25.56,0.437,2022-05-14T00:16,55839.82,36741.56,2022-05-15T03:18,0.00,0.00,2022-05-14T11:47,0.00,0.00,0.0,NaN,4.24
2022-05-15,3,18.3,3.2,-0.9,16.4,7.10,7.15,22.3,43.2,278,2022-05-15T11:32,26.76,0.474,2022-05-15T01:42,56018.65,43200.00,2022-05-16T03:20,0.00,0.00,2022-05-15T11:45,0.00,0.00,0.0,NaN,5.18
2022-05-16,3,20.3,7.3,3.9,16.8,6.80,7.15,22.9,29.9,261,2022-05-16T11:56,28.10,0.512,2022-05-16T03:12,56194.35,48628.93,2022-05-17T03:21,0.00,0.00,2022-05-16T11:44,0.00,0.00,0.0,NaN,5.53
2022-05-17,61,20.0,7.3,2.1,14.8,3.40,7.00,28.1,54.0,320,2022-05-17T12:30,21.88,0.551,2022-05-17T04:43,56366.71,39224.03,2022-05-18T03:23,1.40,0.00,2022-05-17T11:42,0.00,1.40,1.0,NaN,4.11
2022-05-18,3,14.5,0.5,-3.3,9.4,6.80,7.20,39.0,58.7,206,2022-05-18T13:19,25.04,0.590,2022-05-18T06:08,56535.48,36433.22,2022-05-19T03:24,0.00,0.00,2022-05-18T11:41,0.00,0.00,0.0,NaN,3.41
2022-05-19,53,11.1,3.1,-3.4,3.9,2.75,7.00,43.3,72.4,322,2022-05-19T14:24,12.26,0.629,2022-05-19T07:18,56700.45,11829.14,2022-05-20T03:25,1.10,0.00,2022-05-19T11:40,0.00,1.10,2.0,NaN,2.21
2022-05-20,71,7.5,1.9,-3.4,2.6,6.40,7.20,28.8,54.7,345,2022-05-20T15:44,15.13,0.667,2022-05-20T08:10,56861.36,10942.28,2022-05-21T03:27,1.60,0.00,2022-05-20T11:38,0.14,1.80,2.0,NaN,1.87
2022-05-21,3,10.0,-0.3,-3.9,7.5,6.40,7.10,23.6,34.2,353,2022-05-21T17:09,25.79,0.704,2022-05-21T08:46,57017.96,21888.76,2022-05-22T03:28,0.00,0.00,2022-05-21T11:37,0.00,0.00,0.0,NaN,3.53
2022-05-22,3,15.8,-1.0,-4.6,13.4,7.00,7.15,15.2,23.8,244,2022-05-22T18:33,28.54,0.740,2022-05-22T09:11,57170.03,48384.50,2022-05-23T03:29,0.00,0.00,2022-05-22T11:36,0.00,0.00,0.0,NaN,4.36
2022-05-23,3,18.7,2.4,-1.6,17.3,7.25,7.25,20.6,29.5,258,2022-05-23T19:54,23.33,0.775,2022-05-23T09:30,57317.52,28800.00,2022-05-24T03:31,0.00,0.00,2022-05-23T11:35,0.00,0.00,0.0,NaN,4.58
2022-05-24,3,18.7,7.6,3.3,15.3,6.95,7.20,20.5,34.2,324,2022-05-24T21:11,23.85,0.809,2022-05-24T09:46,57461.66,29437.13,2022-05-25T03:32,0.00,0.00,2022-05-24T11:34,0.00,0.00,0.0,NaN,4.50
2022-05-25,3,18.5,7.9,4.6,15.2,7.25,7.30,21.1,31.3,272,2022-05-25T22:25,20.65,0.843,2022-05-25T09:59,57602.53,21600.00,2022-05-26T03:33,0.00,0.00,2022-05-25T11:32,0.00,0.00,0.0,NaN,4.24
2022-05-26,1,20.6,5.6,1.7,18.7,7.35,7.35,28.7,43.6,275,2022-05-26T23:39,29.73,0.876,2022-05-26T10:12,57739.96,50062.96,2022-05-27T03:35,0.00,0.00,2022-05-26T11:31,0.00,0.00,0.0,NaN,6.01
2022-05-27,3,21.6,8.9,5.2,18.2,7.00,7.40,33.8,46.1,252,,24.85,0.908,2022-05-27T10:26,57873.80,46584.35,2022-05-28T03:36,0.00,0.00,2022-05-27T11:30,0.00,0.00,0.0,NaN,5.20
2022-05-28,3,18.9,9.5,5.6,16.7,6.50,7.40,31.0,52.6,294,2022-05-28T00:52,26.38,0.939,2022-05-28T10:41,58003.89,27006.20,2022-05-29T03:37,0.00,0.00,2022-05-28T11:29,0.00,0.00,0.0,NaN,5.72
2022-05-29,3,18.2,8.3,2.5,14.7,5.00,7.30,32.6,54.4,351,2022-05-29T02:05,27.48,0.970,2022-05-29T11:00,58130.07,43353.74,2022-05-30T03:38,0.00,0.00,2022-05-29T11:29,0.00,0.00,0.0,NaN,4.86
2022-05-30,3,14.8,6.5,1.4,10.0,6.25,7.30,28.1,51.1,353,2022-05-30T03:17,13.59,0.001,2022-05-30T11:24,58252.16,4356.14,2022-05-31T03:39,0.00,0.00,2022-05-30T11:28,0.00,0.00,0.0,NaN,2.86
2022-05-31,3,17.0,1.5,-1.9,15.5,6.60,7.30,23.7,31.0,9,2022-05-31T04:26,24.84,0.031,2022-05-31T11:55,58370.00,36108.92,2022-06-01T03:40,0.00,0.00,2022-05-31T11:27,0.00,0.00,0.0,NaN,4.46
2022-06-01,3,18.2,6.0,2.0,17.7,6.60,7.35,8.9,16.9,78,2022-06-01T05:29,27.90,0.061,2022-06-01T12:36,58483.42,47947.59,2022-06-02T03:41,0.00,0.00,2022-06-01T11:26,0.00,0.00,0.0,NaN,4.82
2022-06-02,2,20.0,3.8,0.7,17.2,7.10,7.45,13.7,16.6,138,2022-06-02T06:21,28.90,0.091,2022-06-02T13:28,58592.24,50469.00,2022-06-03T03:43,0.00,0.00,2022-06-02T11:25,0.00,0.00,0.0,NaN,5.32
2022-06-03,3,21.6,5.6,2.0,17.4,6.55,7.45,26.9,38.5,158,2022-06-03T07:03,28.86,0.122,2022-06-03T14:30,58696.31,43698.93,2022-06-04T03:44,0.00,0.00,2022-06-03T11:25,0.00,0.00,0.0,NaN,6.16
2022-06-04,3,21.2,8.9,6.7,18.1,6.20,7.50,26.6,36.0,156,2022-06-04T07:35,24.69,0.152,2022-06-04T15:38,58795.44,46800.00,2022-06-05T03:45,0.00,0.00,2022-06-04T11:24,0.00,0.00,0.0,NaN,4.84
2022-06-05,53,18.5,7.9,4.9,15.8,5.00,7.40,25.6,36.7,88,2022-06-05T07:59,14.54,0.183,2022-06-05T16:50,58889.47,19605.94,2022-06-06T03:45,0.70,0.00,2022-06-05T11:23,0.00,0.70,1.0,NaN,2.55
2022-06-06,61,15.7,9.1,8.0,13.6,6.00,7.35,19.2,25.9,69,2022-06-06T08:18,13.52,0.214,2022-06-06T18:03,58978.22,11603.89,2022-06-07T03:46,2.50,0.00,2022-06-06T11:23,0.00,2.50,3.0,NaN,2.04
2022-06-07,63,16.1,8.3,5.5,16.6,6.00,7.40,22.9,39.2,349,2022-06-07T08:34,18.68,0.246,2022-06-07T19:17,59061.51,15382.66,2022-06-08T03:47,3.70,0.00,2022-06-07T11:22,0.00,3.70,4.0,NaN,2.94
2022-06-08,3,21.4,5.6,2.7,18.7,7.50,7.50,21.6,28.8,184,2022-06-08T08:48,26.85,0.279,2022-06-08T20:31,59139.20,41661.36,2022-06-09T03:48,0.00,0.00,2022-06-08T11:22,0.00,0.00,0.0,NaN,4.58
2022-06-09,3,22.6,7.6,4.7,20.7,6.75,7.45,25.0,37.1,276,2022-06-09T09:02,25.37,0.313,2022-06-09T21:49,59211.10,46396.89,2022-06-10T03:49,0.00,0.00,2022-06-09T11:21,0.00,0.00,0.0,NaN,5.36
2022-06-10,3,24.5,12.2,9.4,19.9,7.50,7.50,29.2,54.4,260,2022-06-10T09:17,31.41,0.348,2022-06-10T23:11,59277.06,54171.64,2022-06-11T03:49,0.00,0.00,2022-06-10T11:21,0.00,0.00,0.0,NaN,6.98
2022-06-11,3,23.0,13.6,10.5,18.2,7.50,7.50,26.6,40.0,279,2022-06-11T09:33,22.67,0.385,,59336.90,36000.00,2022-06-12T03:50,0.00,0.00,2022-06-11T11:21,0.00,0.00,0.0,NaN,5.20
2022-06-12,63,20.7,6.8,4.5,17.3,7.35,7.50,20.9,28.1,15,2022-06-12T09:54,21.10,0.422,2022-06-12T00:37,59390.55,28814.58,2022-06-13T03:51,5.80,0.00,2022-06-12T11:20,0.00,5.80,1.0,NaN,3.82
2022-06-13,63,15.3,8.7,6.3,12.7,3.75,7.50,30.0,39.6,7,2022-06-13T10:23,16.42,0.461,2022-06-13T02:08,59438.46,12662.70,2022-06-14T03:51,7.90,0.00,2022-06-13T11:20,0.00,7.90,3.0,NaN,2.52
2022-06-14,65,10.4,8.4,1.1,9.2,1.10,7.30,47.1,88.6,333,2022-06-14T11:04,7.55,0.500,2022-06-14T03:38,59480.64,0.00,2022-06-15T03:52,29.40,0.00,2022-06-14T11:20,0.00,29.40,12.0,NaN,1.08
2022-06-15,51,14.3,8.8,2.6,9.5,5.55,7.45,43.8,86.4,323,2022-06-15T12:03,17.84,0.540,2022-06-15T04:57,59517.12,7205.07,2022-06-16T03:52,0.40,0.00,2022-06-15T11:20,0.00,0.40,1.0,NaN,2.60
2022-06-16,3,18.7,6.5,4.2,16.4,5.80,7.50,30.6,49.3,266,2022-06-16T13:19,29.12,0.579,2022-06-16T05:59,59547.87,55765.62,2022-06-17T03:53,0.00,0.00,2022-06-16T11:20,0.00,0.00,0.0,NaN,4.38
2022-06-17,61,19.2,12.0,9.6,19.3,7.20,7.65,22.0,32.8,109,2022-06-17T14:45,23.62,0.618,2022-06-17T06:43,59572.86,38863.57,2022-06-18T03:53,1.40,0.00,2022-06-17T11:20,0.00,1.40,1.0,NaN,3.87
2022-06-18,61,19.8,12.9,11.5,20.6,5.25,7.50,17.3,25.2,337,2022-06-18T16:13,20.70,0.656,2022-06-18T07:14,59592.10,23811.79,2022-06-19T03:53,3.40,0.00,2022-06-18T11:20,0.00,3.40,4.0,NaN,3.47
2022-06-19,53,18.8,10.3,9.2,17.3,7.05,7.50,18.2,21.6,1,2022-06-19T17:39,20.99,0.693,2022-06-19T07:36,59605.58,25292.73,2022-06-20T03:54,0.70,0.00,2022-06-19T11:20,0.00,0.70,1.0,NaN,3.42
2022-06-20,3,18.2,8.7,6.0,16.7,7.25,7.45,26.3,37.8,347,2022-06-20T18:59,22.94,0.728,2022-06-20T07:52,59613.30,32835.45,2022-06-21T03:54,0.00,0.00,2022-06-20T11:20,0.00,0.00,0.0,NaN,3.83
2022-06-21,3,21.9,7.7,5.8,22.1,7.15,7.45,25.0,34.2,296,2022-06-21T20:15,27.35,0.762,2022-06-21T08:07,59615.29,51731.14,2022-06-22T03:54,0.00,0.00,2022-06-21T11:21,0.00,0.00,0.0,NaN,4.95
2022-06-22,3,24.2,14.5,12.2,21.5,7.55,7.55,27.0,37.4,262,2022-06-22T21:30,26.33,0.796,2022-06-22T08:20,59611.51,43200.00,2022-06-23T03:54,0.00,0.00,2022-06-22T11:21,0.00,0.00,0.0,NaN,5.90
2022-06-23,51,19.9,8.8,5.1,14.8,4.55,7.30,33.8,43.6,9,2022-06-23T22:42,17.20,0.828,2022-06-23T08:33,59602.01,25200.00,2022-06-24T03:55,0.80,0.00,2022-06-23T11:21,0.00,0.80,2.0,NaN,2.57
2022-06-24,51,12.6,6.6,1.5,7.0,5.95,7.40,36.6,62.6,331,2022-06-24T23:55,16.61,0.859,2022-06-24T08:48,59586.80,16982.72,2022-06-25T03:55,0.40,0.00,2022-06-24T11:21,0.00,0.40,1.0,NaN,2.67
2022-06-25,1,19.7,5.0,2.0,19.0,7.35,7.35,26.6,37.1,336,,27.10,0.890,2022-06-25T09:06,59565.90,53385.22,2022-06-26T03:55,0.00,0.00,2022-06-25T11:22,0.00,0.00,0.0,NaN,4.66
2022-06-26,1,24.6,6.6,3.6,24.0,7.40,7.40,18.7,29.2,175,2022-06-26T01:07,31.95,0.921,2022-06-26T09:28,59539.33,55818.53,2022-06-27T03:55,0.00,0.00,2022-06-26T11:22,0.00,0.00,0.0,NaN,6.18
2022-06-27,0,24.8,7.4,4.9,24.0,7.40,7.55,15.3,23.0,128,2022-06-27T02:16,31.41,0.951,2022-06-27T09:57,59507.13,54936.37,2022-06-28T03:54,0.00,0.00,2022-06-27T11:23,0.00,0.00,0.0,NaN,6.23
2022-06-28,3,24.2,10.8,9.4,22.3,7.45,7.60,23.8,46.8,115,2022-06-28T03:22,28.16,0.981,2022-06-28T10:34,59469.33,48301.00,2022-06-29T03:54,0.00,0.00,2022-06-28T11:23,0.00,0.00,0.0,NaN,5.02
2022-06-29,3,20.4,10.1,8.3,18.9,5.90,7.35,29.6,43.9,309,2022-06-29T04:17,21.73,0.011,2022-06-29T11:23,59425.96,21610.78,2022-06-30T03:54,0.00,0.00,2022-06-29T11:24,0.00,0.00,0.0,NaN,3.48
2022-06-30,3,20.4,8.6,6.4,19.2,7.25,7.45,20.8,35.3,338,2022-06-30T05:03,22.24,0.042,2022-06-30T12:22,59377.08,34896.65,2022-07-01T03:54,0.00,0.00,2022-06-30T11:24,0.00,0.00,0.0,NaN,4.02
2022-07-01,3,22.7,11.2,9.9,21.8,7.45,7.45,14.8,19.4,257,2022-07-01T05:38,28.13,0.072,2022-07-01T13:29,59322.72,50941.64,2022-07-02T03:54,0.00,0.00,2022-07-01T11:25,0.00,0.00,0.0,NaN,5.07
2022-07-02,3,17.9,9.8,8.5,17.7,6.95,7.45,19.6,30.2,16,2022-07-02T06:04,17.43,0.103,2022-07-02T14:39,59262.81,22580.88,2022-07-03T03:53,0.00,0.00,2022-07-02T11:26,0.00,0.00,0.0,NaN,2.85
2022-07-03,51,14.6,9.2,7.8,13.3,4.40,7.45,19.2,27.0,27,2022-07-03T06:24,13.74,0.134,2022-07-03T15:51,59196.78,15788.47,2022-07-04T03:53,0.40,0.00,2022-07-03T11:26,0.00,0.40,1.0,NaN,2.06
2022-07-04,3,14.4,10.3,9.7,14.0,1.35,7.30,17.3,23.0,37,2022-07-04T06:41,10.74,0.165,2022-07-04T17:04,59124.70,2031.49,2022-07-05T03:52,0.00,0.00,2022-07-04T11:27,0.00,0.00,0.0,NaN,1.68
2022-07-05,63,20.8,10.3,9.3,18.9,7.35,7.35,16.1,23.4,201,2022-07-05T06:55,20.72,0.197,2022-07-05T18:17,59046.73,32704.71,2022-07-06T03:52,4.00,0.00,2022-07-05T11:28,0.00,4.00,3.0,NaN,3.55
2022-07-06,51,18.4,7.3,5.6,16.0,4.25,7.40,26.3,29.9,20,2022-07-06T07:08,20.43,0.230,2022-07-06T19:31,58963.07,28800.00,2022-07-07T03:51,0.40,0.00,2022-07-06T11:29,0.00,0.40,1.0,NaN,3.14
2022-07-07,3,24.6,11.6,10.9,24.6,7.40,7.50,27.7,36.4,145,2022-07-07T07:22,20.91,0.264,2022-07-07T20:48,58873.89,31899.93,2022-07-08T03:51,0.00,0.00,2022-07-07T11:30,0.00,0.00,0.0,NaN,3.64
2022-07-08,1,25.0,11.2,9.9,26.5,7.45,7.45,19.8,23.8,221,2022-07-08T07:37,27.27,0.299,2022-07-08T22:10,58779.39,50400.00,2022-07-09T03:50,0.00,0.00,2022-07-08T11:31,0.00,0.00,0.0,NaN,5.16
2022-07-09,3,24.7,11.5,7.9,25.9,7.45,7.45,17.6,32.0,288,2022-07-09T07:55,27.45,0.335,2022-07-09T23:37,58679.74,47069.00,2022-07-10T03:49,0.00,0.00,2022-07-09T11:32,0.00,0.00,0.0,NaN,5.49
2022-07-10,3,24.1,12.0,9.5,23.1,7.35,7.35,25.0,54.4,283,2022-07-10T08:18,25.38,0.372,,58575.14,44886.62,2022-07-11T03:48,0.00,0.00,2022-07-10T11:33,0.00,0.00,0.0,NaN,5.13
2022-07-11,1,24.6,13.2,10.7,24.0,7.50,7.50,26.4,44.3,275,2022-07-11T08:52,30.05,0.410,2022-07-11T01:05,58465.75,54000.00,2022-07-12T03:48,0.00,0.00,2022-07-11T11:34,0.00,0.00,0.0,NaN,6.83
2022-07-12,0,30.4,11.6,8.0,28.6,7.35,7.50,31.1,44.3,184,2022-07-12T09:42,30.81,0.449,2022-07-12T02:30,58351.79,54000.00,2022-07-13T03:47,0.00,0.00,2022-07-12T11:35,0.00,0.00,0.0,NaN,7.28
2022-07-13,2,29.6,11.0,8.3,26.9,7.50,7.50,28.2,37.1,179,2022-07-13T10:49,29.84,0.489,2022-07-13T03:41,58233.43,54000.00,2022-07-14T03:46,0.00,0.00,2022-07-13T11:36,0.00,0.00,0.0,NaN,6.24
2022-07-14,1,27.5,11.4,9.6,26.8,7.40,7.40,25.2,33.8,143,2022-07-14T12:13,29.38,0.529,2022-07-14T04:34,58110.85,50400.00,2022-07-15T03:45,0.00,0.00,2022-07-14T11:37,0.00,0.00,0.0,NaN,5.62
2022-07-15,0,29.6,12.5,9.8,28.7,7.40,7.40,20.7,30.2,160,2022-07-15T13:44,30.29,0.568,2022-07-15T05:11,57984.22,54000.00,2022-07-16T03:44,0.00,0.00,2022-07-15T11:38,0.00,0.00,0.0,NaN,7.00
2022-07-16,3,28.7,14.2,11.8,27.0,7.35,7.40,22.7,37.4,114,2022-07-16T15:13,28.93,0.606,2022-07-16T05:37,57853.74,54000.00,2022-07-17T03:43,0.00,0.00,2022-07-16T11:39,0.00,0.00,0.0,NaN,6.59
2022-07-17,3,29.6,14.5,12.6,29.3,7.25,7.30,18.9,32.0,30,2022-07-17T16:38,27.89,0.643,2022-07-17T05:56,57719.58,50400.00,2022-07-18T03:42,0.00,0.00,2022-07-17T11:41,0.00,0.00,0.0,NaN,5.46
2022-07-18,3,23.2,14.5,13.7,22.9,4.70,7.20,28.1,42.8,166,2022-07-18T17:59,25.71,0.679,2022-07-18T06:12,57581.90,38376.35,2022-07-19T03:41,0.00,0.00,2022-07-18T11:42,0.00,0.00,0.0,NaN,4.02
2022-07-19,3,29.4,15.1,12.5,25.9,7.35,7.35,31.1,45.4,277,2022-07-19T19:16,27.58,0.714,2022-07-19T06:26,57440.89,50400.00,2022-07-20T03:40,0.00,0.00,2022-07-19T11:43,0.00,0.00,0.0,NaN,6.30
2022-07-20,0,28.4,9.8,7.8,24.4,7.30,7.30,26.4,50.8,251,2022-07-20T20:30,29.37,0.747,2022-07-20T06:40,57296.71,54000.00,2022-07-21T03:39,0.00,0.00,2022-07-20T11:44,0.00,0.00,0.0,NaN,6.41
2022-07-21,2,27.8,11.4,10.2,27.3,7.25,7.25,23.0,29.2,156,2022-07-21T21:45,28.22,0.779,2022-07-21T06:54,57149.53,50348.85,2022-07-22T03:37,0.00,0.00,2022-07-21T11:46,0.00,0.00,0.0,NaN,5.98
2022-07-22,3,27.9,12.2,9.6,25.7,6.75,7.20,25.0,43.9,139,2022-07-22T22:57,26.35,0.810,2022-07-22T07:11,56999.26,50400.00,2022-07-23T03:36,0.00,0.00,2022-07-22T11:47,0.00,0.00,0.0,NaN,5.43
2022-07-23,51,24.5,12.3,11.6,24.3,7.20,7.20,19.3,22.0,156,,25.35,0.841,2022-07-23T07:32,56844.62,36000.00,2022-07-24T03:35,0.40,0.00,2022-07-23T11:48,0.00,0.40,1.0,NaN,4.49
2022-07-24,3,26.7,12.4,11.4,26.6,7.20,7.20,19.1,24.1,186,2022-07-24T00:08,28.08,0.871,2022-07-24T07:58,56685.62,49539.42,2022-07-25T03:34,0.00,0.00,2022-07-24T11:50,0.00,0.00,0.0,NaN,5.68
2022-07-25,3,24.9,12.8,11.9,24.1,6.75,7.15,17.7,33.8,26,2022-07-25T01:15,17.55,0.901,2022-07-25T08:33,56522.50,25247.14,2022-07-26T03:32,0.00,0.00,2022-07-25T11:51,0.00,0.00,0.0,NaN,3.59
2022-07-26,1,23.2,13.1,13.1,24.2,7.20,7.20,17.8,20.5,345,2022-07-26T02:13,23.09,0.932,2022-07-26T09:18,56355.51,50442.89,2022-07-27T03:31,0.00,0.00,2022-07-26T11:52,0.00,0.00,0.0,NaN,4.23
2022-07-27,2,28.1,14.0,12.8,29.1,7.15,7.15,11.5,19.8,140,2022-07-27T03:02,26.69,0.962,2022-07-27T10:14,56184.88,52345.44,2022-07-28T03:29,0.00,0.00,2022-07-27T11:54,0.00,0.00,0.0,NaN,5.45
2022-07-28,0,29.9,14.7,13.9,29.8,7.15,7.15,20.2,24.8,158,2022-07-28T03:40,27.69,0.992,2022-07-28T11:19,56010.86,51668.48,2022-07-29T03:28,0.00,0.00,2022-07-28T11:55,0.00,0.00,0.0,NaN,5.97
2022-07-29,1,31.1,16.1,15.6,33.4,7.10,7.20,20.3,28.8,138,2022-07-29T04:08,27.42,0.023,2022-07-29T12:29,55833.67,51898.23,2022-07-30T03:26,0.00,0.00,2022-07-29T11:57,0.00,0.00,0.0,NaN,6.42
2022-07-30,63,29.1,14.4,13.1,28.4,7.20,7.20,33.8,46.8,332,2022-07-30T04:30,22.25,0.054,2022-07-30T13:42,55653.54,35706.42,2022-07-31T03:25,3.60,0.00,2022-07-30T11:58,0.00,3.60,2.0,NaN,5.14
2022-07-31,3,29.5,13.1,11.8,30.9,7.15,7.15,20.2,29.2,95,2022-07-31T04:47,26.53,0.086,2022-07-31T14:55,55470.67,50019.54,2022-08-01T03:23,0.00,0.00,2022-07-31T12:00,0.00,0.00,0.0,NaN,5.38
2022-08-01,3,31.3,15.0,14.5,32.5,7.10,7.10,26.0,34.6,116,2022-08-01T05:02,26.15,0.118,2022-08-01T16:07,55285.30,47034.34,2022-08-02T03:21,0.00,0.00,2022-08-01T12:01,0.00,0.00,0.0,NaN,5.56
2022-08-02,3,26.9,13.9,12.2,26.2,6.95,6.95,33.2,65.5,342,2022-08-02T05:16,26.29,0.150,2022-08-02T17:21,55097.62,46805.43,2022-08-03T03:20,0.00,0.00,2022-08-02T12:03,0.00,0.00,0.0,NaN,5.23
2022-08-03,3,27.8,13.0,10.5,26.6,6.20,7.05,16.3,29.5,181,2022-08-03T05:29,26.01,0.183,2022-08-03T18:36,54907.84,47124.38,2022-08-04T03:18,0.00,0.00,2022-08-03T12:04,0.00,0.00,0.0,NaN,5.41
2022-08-04,80,26.6,10.7,9.9,24.8,6.55,6.85,22.7,37.8,357,2022-08-04T05:43,16.56,0.217,2022-08-04T19:54,54716.15,21813.14,2022-08-05T03:16,1.80,0.00,2022-08-04T12:06,0.00,1.80,1.0,NaN,3.06
2022-08-05,3,18.2,7.5,3.8,14.9,6.70,6.70,29.8,45.0,333,2022-08-05T05:58,24.32,0.251,2022-08-05T21:16,54522.75,42376.44,2022-08-06T03:15,0.00,0.00,2022-08-05T12:07,0.00,0.00,0.0,NaN,4.08
2022-08-06,0,25.5,6.2,3.2,22.9,6.80,6.80,20.7,28.1,178,2022-08-06T06:19,26.97,0.287,2022-08-06T22:41,54327.82,49486.75,2022-08-07T03:13,0.00,0.00,2022-08-06T12:09,0.00,0.00,0.0,NaN,5.27
2022-08-07,1,29.6,13.4,9.9,29.4,6.85,6.85,20.8,26.6,220,2022-08-07T06:47,26.51,0.324,,54131.55,49396.92,2022-08-08T03:11,0.00,0.00,2022-08-07T12:10,0.00,0.00,0.0,NaN,6.33
2022-08-08,0,29.6,14.8,11.7,27.0,6.90,6.90,25.9,33.8,284,2022-08-08T07:27,25.98,0.361,2022-08-08T00:05,53934.10,49307.04,2022-08-09T03:09,0.00,0.00,2022-08-08T12:12,0.00,0.00,0.0,NaN,6.82
2022-08-09,2,26.7,13.7,11.2,24.2,6.90,6.90,23.6,37.8,130,2022-08-09T08:24,25.83,0.400,2022-08-09T01:22,53735.66,49217.18,2022-08-10T03:08,0.00,0.00,2022-08-09T12:13,0.00,0.00,0.0,NaN,5.87
2022-08-10,3,27.4,17.0,15.8,26.8,5.45,6.85,18.1,26.6,156,2022-08-10T09:41,15.61,0.439,2022-08-10T02:22,53536.39,16269.26,2022-08-11T03:06,0.00,0.00,2022-08-10T12:15,0.00,0.00,0.0,NaN,4.47
2022-08-11,3,31.1,15.9,15.2,29.5,6.85,6.85,40.1,51.5,313,2022-08-11T11:09,23.58,0.478,2022-08-11T03:06,53336.15,36702.49,2022-08-12T03:04,0.00,0.00,2022-08-11T12:16,0.00,0.00,0.0,NaN,6.40
2022-08-12,3,31.8,14.8,14.0,31.5,6.80,6.80,24.7,35.3,327,2022-08-12T12:40,25.17,0.517,2022-08-12T03:36,53133.44,48480.61,2022-08-13T03:02,0.00,0.00,2022-08-12T12:18,0.00,0.00,0.0,NaN,5.95
2022-08-13,3,31.2,14.2,13.3,29.2,6.70,6.70,21.1,29.9,210,2022-08-13T14:09,25.18,0.555,2022-08-13T03:58,52928.19,48856.78,2022-08-14T03:00,0.00,0.00,2022-08-13T12:19,0.00,0.00,0.0,NaN,6.48
2022-08-14,0,29.1,11.6,8.3,25.7,6.75,6.75,23.5,37.4,273,2022-08-14T15:34,24.92,0.592,2022-08-14T04:15,52720.58,47382.01,2022-08-15T02:58,0.00,0.00,2022-08-14T12:21,0.00,0.00,0.0,NaN,6.02
2022-08-15,2,28.2,11.4,10.0,26.0,5.90,6.65,18.4,29.9,33,2022-08-15T16:55,24.21,0.628,2022-08-15T04:30,52510.81,44940.49,2022-08-16T02:56,0.00,0.00,2022-08-15T12:22,0.00,0.00,0.0,NaN,5.74
2022-08-16,3,30.6,10.7,8.9,30.9,6.40,6.55,12.5,21.6,307,2022-08-16T18:12,23.21,0.663,2022-08-16T04:45,52299.10,39600.00,2022-08-17T02:54,0.00,0.00,2022-08-16T12:24,0.00,0.00,0.0,NaN,5.10
2022-08-17,3,28.8,12.5,11.3,26.6,6.60,6.60,28.5,48.6,4,2022-08-17T19:29,23.11,0.696,2022-08-17T04:59,52085.62,40559.98,2022-08-18T02:52,0.00,0.00,2022-08-17T12:26,0.00,0.00,0.0,NaN,5.23
2022-08-18,0,30.5,11.8,10.7,28.7,6.55,6.55,18.7,23.0,128,2022-08-18T20:44,23.83,0.728,2022-08-18T05:15,51870.56,46800.00,2022-08-19T02:50,0.00,0.00,2022-08-18T12:27,0.00,0.00,0.0,NaN,5.45
2022-08-19,3,31.6,15.2,13.6,28.7,5.85,6.55,23.5,33.8,153,2022-08-19T21:57,23.47,0.759,2022-08-19T05:34,51654.09,46819.49,2022-08-20T02:48,0.00,0.00,2022-08-19T12:29,0.00,0.00,0.0,NaN,6.59
2022-08-20,3,30.5,14.9,12.7,26.4,4.40,6.45,23.5,33.5,181,2022-08-20T23:06,17.27,0.790,2022-08-20T05:59,51436.39,23866.77,2022-08-21T02:46,0.00,0.00,2022-08-20T12:30,0.00,0.00,0.0,NaN,5.03
2022-08-21,3,26.7,14.8,13.3,26.5,6.30,6.40,17.4,32.0,360,,20.55,0.820,2022-08-21T06:30,51217.64,41936.11,2022-08-22T02:44,0.00,0.00,2022-08-21T12:32,0.00,0.00,0.0,NaN,4.63
2022-08-22,63,26.8,13.2,13.3,28.1,6.40,6.40,13.8,18.4,301,2022-08-22T00:08,21.08,0.851,2022-08-22T07:12,50997.98,36000.00,2022-08-23T02:42,2.90,0.00,2022-08-22T12:33,0.00,2.90,1.0,NaN,3.87
2022-08-23,61,26.0,14.3,13.1,26.7,3.10,6.30,20.0,43.2,329,2022-08-23T01:00,11.17,0.881,2022-08-23T08:05,50777.58,10851.11,2022-08-24T02:40,4.80,0.00,2022-08-23T12:35,0.00,4.80,4.0,NaN,2.30
2022-08-24,3,24.0,13.0,12.9,23.3,6.30,6.30,21.9,24.5,258,2022-08-24T01:41,19.01,0.911,2022-08-24T09:08,50556.61,36000.00,2022-08-25T02:38,0.00,0.00,2022-08-24T12:37,0.00,0.00,0.0,NaN,3.49
2022-08-25,3,23.1,10.5,9.5,22.6,6.30,6.35,15.9,22.7,190,2022-08-25T02:12,20.53,0.942,2022-08-25T10:17,50335.20,46800.00,2022-08-26T02:36,0.00,0.00,2022-08-25T12:38,0.00,0.00,0.0,NaN,3.76
2022-08-26,3,27.1,11.5,10.7,26.2,6.25,6.25,25.3,34.2,226,2022-08-26T02:36,21.25,0.973,2022-08-26T11:30,50113.51,46573.22,2022-08-27T02:34,0.00,0.00,2022-08-26T12:40,0.00,0.00,0.0,NaN,4.52
2022-08-27,63,26.2,11.0,7.1,22.8,3.90,6.05,32.1,50.0,307,2022-08-27T02:54,10.11,0.005,2022-08-27T12:43,49891.69,13608.05,2022-08-28T02:31,14.70,0.00,2022-08-27T12:41,0.00,14.70,4.0,NaN,2.58
2022-08-28,3,22.3,9.5,7.1,19.2,6.00,6.15,17.9,40.7,302,2022-08-28T03:10,21.68,0.037,2022-08-28T13:57,49669.87,39600.00,2022-08-29T02:29,0.00,0.00,2022-08-28T12:43,0.00,0.00,0.0,NaN,3.91
2022-08-29,3,26.9,9.6,6.7,25.6,5.35,6.15,19.2,27.4,251,2022-08-29T03:23,19.54,0.070,2022-08-29T15:11,49448.19,39694.26,2022-08-30T02:27,0.00,0.00,2022-08-29T12:44,0.00,0.00,0.0,NaN,4.56
2022-08-30,1,30.9,13.5,11.1,30.4,6.10,6.10,17.7,26.6,245,2022-08-30T03:36,21.45,0.103,2022-08-30T16:26,49226.80,45027.44,2022-08-31T02:25,0.00,0.00,2022-08-30T12:46,0.00,0.00,0.0,NaN,5.15
2022-08-31,0,31.3,13.8,12.7,30.0,6.05,6.05,13.4,34.9,227,2022-08-31T03:50,21.36,0.136,2022-08-31T17:44,49005.53,44509.24,2022-09-01T02:23,0.00,0.00,2022-08-31T12:48,0.00,0.00,0.0,NaN,5.09
2022-09-01,3,29.2,17.3,14.9,27.1,5.75,6.00,20.5,32.4,294,2022-09-01T04:04,21.00,0.171,2022-09-01T19:04,48782.88,43716.49,2022-09-02T02:21,0.00,0.00,2022-09-01T12:49,0.00,0.00,0.0,NaN,5.75
2022-09-02,0,30.2,10.3,7.0,27.4,6.00,6.00,18.0,24.5,166,2022-09-02T04:23,21.11,0.205,2022-09-02T20:27,48558.72,43580.14,2022-09-03T02:19,0.00,0.00,2022-09-02T12:51,0.00,0.00,0.0,NaN,4.91
2022-09-03,0,32.5,11.7,9.7,29.3,5.90,5.90,17.9,28.4,184,2022-09-03T04:47,19.66,0.241,2022-09-03T21:51,48333.20,43200.00,2022-09-04T02:16,0.00,0.00,2022-09-03T12:52,0.00,0.00,0.0,NaN,5.15
2022-09-04,3,32.3,17.5,15.0,29.8,5.85,5.85,22.9,41.4,268,2022-09-04T05:22,19.45,0.277,2022-09-04T23:09,48106.47,37494.92,2022-09-05T02:14,0.00,0.00,2022-09-04T12:54,0.00,0.00,0.0,NaN,6.15
2022-09-05,3,30.8,13.7,10.3,26.3,5.60,5.65,22.5,41.4,317,2022-09-05T06:10,19.32,0.314,,47878.69,39600.00,2022-09-06T02:12,0.00,0.00,2022-09-05T12:55,0.00,0.00,0.0,NaN,5.20
2022-09-06,2,22.8,5.7,3.4,19.2,5.70,5.70,22.9,31.7,137,2022-09-06T07:18,19.77,0.352,2022-09-06T00:13,47649.99,43029.23,2022-09-07T02:10,0.00,0.00,2022-09-06T12:57,0.00,0.00,0.0,NaN,3.94
2022-09-07,3,28.8,9.4,6.9,24.7,5.25,5.70,26.4,50.0,223,2022-09-07T08:39,18.97,0.390,2022-09-07T01:01,47420.52,42714.44,2022-09-08T02:07,0.00,0.00,2022-09-07T12:58,0.00,0.00,0.0,NaN,4.63
2022-09-08,3,20.5,9.3,5.7,16.5,4.45,5.45,24.9,40.7,347,2022-09-08T10:08,13.53,0.428,2022-09-08T01:36,47190.42,21600.00,2022-09-09T02:05,0.00,0.00,2022-09-08T13:00,0.00,0.00,0.0,NaN,3.00
2022-09-09,3,16.2,6.0,3.1,13.7,5.40,5.40,17.9,31.3,311,2022-09-09T11:38,17.02,0.466,2022-09-09T02:00,46959.83,39149.57,2022-09-10T02:03,0.00,0.00,2022-09-09T13:02,0.00,0.00,0.0,NaN,2.71
2022-09-10,0,26.2,3.3,-0.4,23.4,5.50,5.50,10.5,20.2,210,2022-09-10T13:05,19.67,0.503,2022-09-10T02:19,46728.88,42656.21,2022-09-11T02:01,0.00,0.00,2022-09-10T13:03,0.00,0.00,0.0,NaN,3.76
2022-09-11,0,28.7,10.8,7.6,26.0,5.20,5.45,17.3,29.2,215,2022-09-11T14:28,18.77,0.540,2022-09-11T02:35,46497.70,42562.79,2022-09-12T01:58,0.00,0.00,2022-09-11T13:05,0.00,0.00,0.0,NaN,4.59
2022-09-12,3,26.0,10.7,8.3,21.3,4.85,5.40,21.1,40.0,313,2022-09-12T15:49,17.02,0.575,2022-09-12T02:49,46266.42,36661.22,2022-09-13T01:56,0.00,0.00,2022-09-12T13:06,0.00,0.00,0.0,NaN,4.47
2022-09-13,3,19.8,13.3,11.0,18.8,5.25,5.40,17.7,41.0,165,2022-09-13T17:07,15.70,0.610,2022-09-13T03:03,46035.17,29764.16,2022-09-14T01:54,0.00,0.00,2022-09-13T13:08,0.00,0.00,0.0,NaN,3.36
2022-09-14,3,20.3,10.0,7.8,17.8,5.25,5.25,17.7,24.1,355,2022-09-14T18:24,17.03,0.643,2022-09-14T03:18,45804.08,42224.27,2022-09-15T01:51,0.00,0.00,2022-09-14T13:09,0.00,0.00,0.0,NaN,3.28
2022-09-15,2,22.4,8.3,6.1,20.0,5.20,5.20,15.4,19.8,196,2022-09-15T19:41,17.21,0.675,2022-09-15T03:36,45573.28,37265.54,2022-09-16T01:49,0.00,0.00,2022-09-15T13:11,0.00,0.00,0.0,NaN,3.28
2022-09-16,3,21.7,8.2,6.0,18.7,4.85,5.10,14.9,32.8,253,2022-09-16T20:53,17.21,0.707,2022-09-16T03:58,45342.88,39600.00,2022-09-17T01:47,0.00,0.00,2022-09-16T13:13,0.00,0.00,0.0,NaN,3.52
2022-09-17,3,19.9,7.5,3.4,16.3,4.75,5.00,18.1,45.0,297,2022-09-17T21:59,17.36,0.737,2022-09-17T04:27,45113.03,39061.97,2022-09-18T01:45,0.00,0.00,2022-09-17T13:14,0.00,0.00,0.0,NaN,3.39
2022-09-18,0,17.9,3.2,-0.4,16.5,4.65,5.00,10.5,18.0,13,2022-09-18T22:55,17.49,0.768,2022-09-18T05:05,44883.83,41908.01,2022-09-19T01:42,0.00,0.00,2022-09-18T13:16,0.00,0.00,0.0,NaN,3.02
2022-09-19,53,16.4,6.7,2.1,13.1,3.75,4.90,31.1,60.1,345,2022-09-19T23:40,6.48,0.798,2022-09-19T05:54,44655.41,6064.19,2022-09-20T01:40,1.80,0.00,2022-09-19T13:17,0.00,1.80,3.0,NaN,1.38
2022-09-20,3,13.8,1.0,-2.7,11.0,4.90,4.90,18.8,35.3,324,,16.97,0.828,2022-09-20T06:54,44427.62,36452.54,2022-09-21T01:38,0.00,0.00,2022-09-20T13:19,0.00,0.00,0.0,NaN,2.40
2022-09-21,0,16.1,-0.6,-4.0,11.5,4.85,4.85,24.9,36.7,175,2022-09-21T00:14,17.37,0.859,2022-09-21T08:01,44198.90,41509.49,2022-09-22T01:36,0.00,0.00,2022-09-21T13:20,0.00,0.00,0.0,NaN,2.82
2022-09-22,3,16.4,4.0,0.7,14.5,4.45,4.80,22.3,38.5,173,2022-09-22T00:40,16.20,0.890,2022-09-22T09:13,43969.11,39600.00,2022-09-23T01:33,0.00,0.00,2022-09-22T13:22,0.00,0.00,0.0,NaN,2.99
2022-09-23,3,19.2,6.7,3.6,14.5,4.60,4.75,23.9,45.4,281,2022-09-23T01:01,15.63,0.921,2022-09-23T10:27,43738.39,33308.51,2022-09-24T01:31,0.00,0.00,2022-09-23T13:24,0.00,0.00,0.0,NaN,3.85
2022-09-24,0,21.4,11.4,7.3,17.6,4.70,4.70,25.5,57.2,294,2022-09-24T01:17,16.18,0.953,2022-09-24T11:42,43506.87,40474.98,2022-09-25T01:29,0.00,0.00,2022-09-24T13:25,0.00,0.00,0.0,NaN,4.38
2022-09-25,0,22.9,5.5,1.9,20.5,4.70,4.70,17.4,27.0,310,2022-09-25T01:31,15.74,0.986,2022-09-25T12:56,43274.70,40239.08,2022-09-26T01:27,0.00,0.00,2022-09-25T13:27,0.00,0.00,0.0,NaN,3.30
2022-09-26,0,24.9,7.3,4.3,21.8,4.65,4.65,13.6,17.3,176,2022-09-26T01:44,15.30,0.020,2022-09-26T14:12,43042.01,38598.31,2022-09-27T01:24,0.00,0.00,2022-09-26T13:28,0.00,0.00,0.0,NaN,3.34
2022-09-27,1,27.5,9.0,6.2,23.2,4.55,4.55,19.2,40.3,229,2022-09-27T01:57,15.34,0.054,2022-09-27T15:31,42808.95,37348.78,2022-09-28T01:22,0.00,0.00,2022-09-27T13:30,0.00,0.00,0.0,NaN,4.39
2022-09-28,0,28.1,8.9,6.2,25.6,4.50,4.50,13.7,29.2,217,2022-09-28T02:11,15.22,0.088,2022-09-28T16:52,42575.64,37028.42,2022-09-29T01:20,0.00,0.00,2022-09-28T13:31,0.00,0.00,0.0,NaN,3.62
2022-09-29,3,25.9,10.7,8.2,22.5,2.95,4.35,24.9,34.6,328,2022-09-29T02:28,6.18,0.124,2022-09-29T18:16,42342.22,7200.00,2022-09-30T01:17,0.00,0.00,2022-09-29T13:33,0.00,0.00,0.0,NaN,2.28
2022-09-30,3,15.6,11.1,6.8,12.5,3.90,4.35,27.4,57.6,345,2022-09-30T02:50,9.83,0.159,2022-09-30T19:41,42108.83,17809.61,2022-10-01T01:15,0.00,0.00,2022-09-30T13:35,0.00,0.00,0.0,NaN,2.26
2022-10-01,3,21.4,5.3,3.2,19.0,4.30,4.30,14.0,18.4,25,2022-10-01T03:21,13.83,0.195,2022-10-01T21:00,41875.61,36000.00,2022-10-02T01:13,0.00,0.00,2022-10-01T13:36,0.00,0.00,0.0,NaN,2.43
2022-10-02,0,23.1,4.6,1.9,21.3,4.25,4.25,18.9,25.6,175,2022-10-02T04:05,14.18,0.231,2022-10-02T22:09,41642.70,36000.00,2022-10-03T01:11,0.00,0.00,2022-10-02T13:38,0.00,0.00,0.0,NaN,2.95
2022-10-03,1,23.2,6.6,4.1,21.2,4.20,4.20,16.2,29.9,314,2022-10-03T05:05,13.61,0.268,2022-10-03T23:01,41410.23,36000.00,2022-10-04T01:08,0.00,0.00,2022-10-03T13:40,0.00,0.00,0.0,NaN,2.88
2022-10-04,0,23.1,7.3,4.4,20.9,4.20,4.20,19.4,29.5,9,2022-10-04T06:20,13.49,0.305,2022-10-04T23:38,41178.35,36000.00,2022-10-05T01:06,0.00,0.00,2022-10-04T13:41,0.00,0.00,0.0,NaN,3.24
2022-10-05,3,20.8,4.8,1.6,17.7,3.80,4.10,15.0,19.1,86,2022-10-05T07:46,12.91,0.342,,40947.19,35784.90,2022-10-06T01:04,0.00,0.00,2022-10-05T13:43,0.00,0.00,0.0,NaN,2.63
2022-10-06,3,16.2,2.3,-0.8,13.5,4.00,4.00,18.3,37.4,139,2022-10-06T09:13,12.95,0.379,2022-10-06T00:04,40716.91,36000.00,2022-10-07T01:02,0.00,0.00,2022-10-06T13:44,0.00,0.00,0.0,NaN,2.13
2022-10-07,3,20.8,3.6,0.5,18.8,4.00,4.00,11.7,20.5,177,2022-10-07T10:39,13.10,0.415,2022-10-07T00:24,40487.65,36000.00,2022-10-08T01:00,0.00,0.00,2022-10-07T13:46,0.00,0.00,0.0,NaN,2.34
2022-10-08,3,22.4,5.1,1.4,20.3,3.95,3.95,10.0,19.8,219,2022-10-08T12:02,13.02,0.451,2022-10-08T00:40,40259.56,36000.00,2022-10-09T00:57,0.00,0.00,2022-10-08T13:48,0.00,0.00,0.0,NaN,2.70
2022-10-09,3,20.6,4.5,1.0,18.2,3.90,3.90,8.7,23.0,278,2022-10-09T13:23,12.58,0.487,2022-10-09T00:54,40032.79,36000.00,2022-10-10T00:55,0.00,0.00,2022-10-09T13:49,0.00,0.00,0.0,NaN,2.44
2022-10-10,3,20.9,5.5,1.7,16.0,3.00,3.80,29.0,53.3,234,2022-10-10T14:43,8.15,0.522,2022-10-10T01:08,39807.18,21786.63,2022-10-11T00:53,0.00,0.00,2022-10-10T13:51,0.00,0.00,0.0,NaN,3.03
2022-10-11,3,18.9,2.5,-1.8,12.3,3.70,3.70,32.8,54.7,320,2022-10-11T16:01,12.15,0.556,2022-10-11T01:23,39581.01,32400.00,2022-10-12T00:51,0.00,0.00,2022-10-11T13:53,0.00,0.00,0.0,NaN,2.76
2022-10-12,3,13.7,3.0,-1.8,10.1,3.60,3.60,18.6,35.6,306,2022-10-12T17:19,11.95,0.589,2022-10-12T01:39,39354.14,35988.09,2022-10-13T00:49,0.00,0.00,2022-10-12T13:54,0.00,0.00,0.0,NaN,2.39
2022-10-13,1,20.9,0.1,-3.7,17.5,3.55,3.55,13.4,29.5,242,2022-10-13T18:35,11.87,0.621,2022-10-13T01:59,39126.72,35887.80,2022-10-14T00:47,0.00,0.00,2022-10-13T13:56,0.00,0.00,0.0,NaN,2.36
2022-10-14,3,19.5,8.0,4.6,14.8,3.15,3.45,31.7,43.9,315,2022-10-14T19:45,9.43,0.652,2022-10-14T02:24,38898.91,27335.07,2022-10-15T00:45,0.00,0.00,2022-10-14T13:58,0.00,0.00,0.0,NaN,2.42
2022-10-15,2,15.7,1.2,-1.8,12.2,3.15,3.40,22.4,40.0,298,2022-10-15T20:46,11.14,0.683,2022-10-15T02:59,38670.88,35685.64,2022-10-16T00:42,0.00,0.00,2022-10-15T13:59,0.00,0.00,0.0,NaN,2.11
2022-10-16,2,19.5,2.5,-0.7,16.5,3.40,3.40,11.5,20.9,177,2022-10-16T21:37,11.11,0.713,2022-10-16T03:44,38442.78,35583.85,2022-10-17T00:40,0.00,0.00,2022-10-16T14:01,0.00,0.00,0.0,NaN,2.13
2022-10-17,0,25.4,3.9,-0.5,21.6,3.35,3.35,11.8,37.8,195,2022-10-17T22:15,11.26,0.743,2022-10-17T04:39,38214.80,35481.62,2022-10-18T00:38,0.00,0.00,2022-10-17T14:03,0.00,0.00,0.0,NaN,2.66
2022-10-18,0,24.0,6.5,2.4,20.4,3.30,3.30,14.2,24.1,331,2022-10-18T22:44,10.25,0.774,2022-10-18T05:44,37987.08,35379.01,2022-10-19T00:36,0.00,0.00,2022-10-18T14:04,0.00,0.00,0.0,NaN,2.44
2022-10-19,2,24.1,3.3,-0.8,19.7,3.05,3.25,12.7,28.1,230,2022-10-19T23:06,10.67,0.804,2022-10-19T06:54,37759.82,32800.27,2022-10-20T00:34,0.00,0.00,2022-10-19T14:06,0.00,0.00,0.0,NaN,2.76
2022-10-20,3,21.2,7.6,2.0,16.6,2.70,3.10,34.9,50.4,332,2022-10-20T23:23,5.96,0.835,2022-10-20T08:07,37533.19,17226.37,2022-10-21T00:32,0.00,0.00,2022-10-20T14:08,0.00,0.00,0.0,NaN,2.13
2022-10-21,71,9.4,2.1,-1.9,6.6,1.40,3.40,22.1,38.9,332,2022-10-21T23:38,4.45,0.867,2022-10-21T09:21,37307.36,5691.35,2022-10-22T00:30,0.90,0.00,2022-10-21T14:09,0.14,1.10,2.0,NaN,0.77
2022-10-22,75,4.0,-0.2,-4.6,0.5,2.20,3.15,16.3,32.4,7,2022-10-22T23:51,4.69,0.899,2022-10-22T10:35,37082.52,620.18,2022-10-23T00:28,3.70,0.00,2022-10-22T14:11,5.53,11.60,11.0,NaN,0.41
2022-10-23,73,1.4,-1.3,-5.7,-1.5,2.10,3.05,19.1,37.4,356,,6.41,0.932,2022-10-23T11:51,36858.86,4462.34,2022-10-24T00:26,0.10,0.00,2022-10-23T14:13,0.21,0.40,1.0,NaN,0.54
2022-10-24,3,6.1,-5.2,-9.7,3.3,2.85,2.90,14.7,35.3,186,2022-10-24T00:03,8.83,0.967,2022-10-24T13:09,36636.58,24550.85,2022-10-25T00:24,0.00,0.00,2022-10-24T14:15,0.00,0.00,0.0,NaN,1.02
2022-10-25,3,3.9,-1.6,-5.2,0.6,2.85,2.85,19.6,41.0,303,2022-10-25T00:17,9.58,0.002,2022-10-25T14:30,36415.86,31053.81,2022-10-26T00:22,0.00,0.00,2022-10-25T14:16,0.00,0.00,0.0,NaN,1.10
2022-10-26,3,8.8,-3.5,-7.5,3.6,2.80,2.80,23.0,42.5,220,2022-10-26T00:33,8.74,0.037,2022-10-26T15:56,36196.92,26768.41,2022-10-27T00:20,0.00,0.00,2022-10-26T14:18,0.00,0.00,0.0,NaN,1.28
2022-10-27,3,12.0,1.8,-3.8,6.4,2.25,2.80,40.6,92.2,257,2022-10-27T00:53,7.42,0.074,2022-10-27T17:24,35979.97,11635.31,2022-10-28T00:18,0.00,0.00,2022-10-27T14:20,0.00,0.00,0.0,NaN,2.64
2022-10-28,3,11.3,2.5,-2.0,5.8,2.75,2.75,26.2,51.8,226,2022-10-28T01:21,9.01,0.111,2022-10-28T18:48,35765.20,30123.50,2022-10-29T00:16,0.00,0.00,2022-10-28T14:21,0.00,0.00,0.0,NaN,2.00
2022-10-29,3,11.2,0.2,-4.5,5.6,2.50,2.65,19.8,45.0,215,2022-10-29T02:01,7.83,0.148,2022-10-29T20:03,35552.86,18555.25,2022-10-30T00:15,0.00,0.00,2022-10-29T14:23,0.00,0.00,0.0,NaN,1.77
2022-10-30,3,13.5,4.6,0.1,7.9,2.05,2.65,35.3,71.3,234,2022-10-30T02:57,7.33,0.185,2022-10-30T21:01,35342.80,10800.00,2022-10-31T00:13,0.00,0.00,2022-10-30T14:25,0.00,0.00,0.0,NaN,2.46
2022-10-31,73,10.4,1.1,-2.2,4.8,2.40,2.55,23.3,68.0,197,2022-10-31T04:09,5.20,0.222,2022-10-31T21:42,35133.14,14084.65,2022-11-01T00:11,0.20,0.00,2022-10-31T14:27,0.35,0.70,1.0,NaN,1.36
2022-11-01,73,2.5,-1.6,-7.4,-1.1,1.50,2.45,22.3,37.4,347,2022-11-01T05:32,3.89,0.258,2022-11-01T22:10,34923.72,2144.90,2022-11-02T00:09,0.40,0.00,2022-11-01T14:28,0.84,1.60,4.0,NaN,0.55
2022-11-02,73,-2.3,-6.4,-14.1,-7.8,1.35,2.75,33.0,65.9,337,2022-11-02T06:58,6.08,0.294,2022-11-02T22:31,34714.72,0.00,2022-11-03T00:08,1.30,0.00,2022-11-02T14:30,2.52,4.90,10.0,NaN,0.43
2022-11-03,3,-2.4,-14.1,-18.6,-6.7,2.75,2.75,25.6,48.2,290,2022-11-03T08:23,8.19,0.330,2022-11-03T22:48,34506.38,28800.00,2022-11-04T00:06,0.00,0.00,2022-11-03T14:32,0.00,0.00,0.0,NaN,0.61
2022-11-04,3,3.2,-6.1,-10.4,-1.1,2.70,2.75,15.0,28.8,162,2022-11-04T09:45,7.37,0.366,2022-11-04T23:02,34298.88,24607.22,2022-11-05T00:04,0.00,0.00,2022-11-04T14:33,0.00,0.00,0.0,NaN,0.99
2022-11-05,73,1.1,-7.3,-15.7,-2.7,2.15,2.55,36.7,74.9,343,2022-11-05T11:04,5.36,0.400,2022-11-05T23:15,34092.45,743.71,2022-11-06T00:02,0.30,0.00,2022-11-05T14:35,0.63,1.20,3.0,NaN,0.49
2022-11-06,3,-7.9,-14.3,-20.3,-16.0,2.20,2.50,32.8,66.2,351,2022-11-06T12:22,6.40,0.435,2022-11-06T23:29,33887.29,16252.25,2022-11-07T00:01,0.00,0.00,2022-11-06T14:37,0.00,0.00,0.0,NaN,0.43
2022-11-07,73,-15.1,-17.3,-23.0,-20.4,1.50,2.40,20.6,31.0,30,2022-11-07T13:41,4.25,0.468,2022-11-07T23:44,33683.65,0.00,2022-11-07T23:59,1.60,0.00,2022-11-07T14:39,3.08,6.00,11.0,NaN,0.20
2022-11-08,73,-14.6,-21.7,-27.0,-19.5,2.40,2.40,18.1,33.1,334,2022-11-08T14:58,7.39,0.501,,33481.75,25563.66,2022-11-08T23:58,0.60,0.00,2022-11-08T14:40,1.12,2.20,3.0,NaN,0.34
2022-11-09,3,-15.3,-22.7,-27.5,-20.9,2.45,2.45,15.1,27.0,189,2022-11-09T16:15,6.79,0.534,2022-11-09T00:02,33281.83,25200.00,2022-11-09T23:56,0.00,0.00,2022-11-09T14:42,0.00,0.00,0.0,NaN,0.27
2022-11-10,3,-6.0,-21.1,-26.2,-9.8,2.55,2.55,11.9,21.2,204,2022-11-10T17:29,7.20,0.565,2022-11-10T00:24,33084.12,28800.00,2022-11-10T23:54,0.00,0.00,2022-11-10T14:44,0.00,0.00,0.0,NaN,0.46
2022-11-11,0,-0.5,-12.5,-17.6,-4.2,2.45,2.45,13.3,28.4,245,2022-11-11T18:34,6.82,0.596,2022-11-11T00:55,32888.89,28800.00,2022-11-11T23:53,0.00,0.00,2022-11-11T14:46,0.00,0.00,0.0,NaN,0.76
2022-11-12,3,-1.1,-10.7,-15.0,-4.8,2.30,2.35,16.6,31.0,324,2022-11-12T19:30,5.82,0.627,2022-11-12T01:36,32696.39,21600.00,2022-11-12T23:51,0.00,0.00,2022-11-12T14:47,0.00,0.00,0.0,NaN,0.57
2022-11-13,3,-0.6,-9.0,-13.6,-4.9,2.40,2.40,9.3,25.2,289,2022-11-13T20:13,5.81,0.657,2022-11-13T02:27,32506.89,18000.00,2022-11-13T23:50,0.00,0.00,2022-11-13T14:49,0.00,0.00,0.0,NaN,0.58
2022-11-14,3,2.9,-3.9,-8.1,-1.4,2.15,2.30,17.1,37.4,308,2022-11-14T20:45,6.47,0.687,2022-11-14T03:29,32320.65,28800.00,2022-11-14T23:49,0.00,0.00,2022-11-14T14:51,0.00,0.00,0.0,NaN,0.90
2022-11-15,3,5.6,-6.8,-11.4,-1.3,2.15,2.25,30.9,68.8,299,2022-11-15T21:10,6.35,0.718,2022-11-15T04:37,32137.94,25200.00,2022-11-15T23:47,0.00,0.00,2022-11-15T14:52,0.00,0.00,0.0,NaN,1.07
2022-11-16,3,1.7,-3.7,-11.1,-3.7,1.25,2.05,33.3,59.8,333,2022-11-16T21:28,4.18,0.748,2022-11-16T05:48,31959.07,6389.84,2022-11-16T23:46,0.00,0.00,2022-11-16T14:54,0.00,0.00,0.0,NaN,0.67
2022-11-17,45,-4.5,-13.1,-20.7,-12.1,2.10,2.10,36.8,67.0,342,2022-11-17T21:43,6.40,0.779,2022-11-17T07:01,31784.31,28648.29,2022-11-17T23:45,0.00,0.00,2022-11-17T14:56,0.00,0.00,0.0,NaN,0.73
2022-11-18,3,2.4,-10.6,-15.6,-4.0,2.10,2.10,26.5,42.1,292,2022-11-18T21:56,6.29,0.810,2022-11-18T08:13,31613.97,28550.01,2022-11-18T23:44,0.00,0.00,2022-11-18T14:57,0.00,0.00,0.0,NaN,1.17
2022-11-19,1,7.8,-11.9,-17.1,0.6,2.05,2.10,28.5,56.5,265,2022-11-19T22:09,6.08,0.843,2022-11-19T09:28,31447.99,28452.93,2022-11-19T23:42,0.00,0.00,2022-11-19T14:59,0.00,0.00,0.0,NaN,1.46
2022-11-20,3,6.7,-2.8,-8.3,1.6,1.65,2.05,27.1,47.5,288,2022-11-20T22:22,5.58,0.876,2022-11-20T10:43,31284.61,25200.00,2022-11-20T23:41,0.00,0.00,2022-11-20T15:01,0.00,0.00,0.0,NaN,1.94
2022-11-21,2,8.3,-4.0,-8.3,1.7,2.05,2.05,26.6,58.7,286,2022-11-21T22:36,5.52,0.911,2022-11-21T12:02,31123.69,21059.20,2022-11-21T23:40,0.00,0.00,2022-11-21T15:02,0.00,0.00,0.0,NaN,1.31
2022-11-22,3,8.7,3.9,-2.5,4.8,1.60,2.00,31.3,62.6,260,2022-11-22T22:55,3.91,0.946,2022-11-22T13:26,30965.44,8123.87,2022-11-22T23:39,0.00,0.00,2022-11-22T15:04,0.00,0.00,0.0,NaN,1.68
2022-11-23,71,6.6,0.7,-4.1,2.9,1.90,1.90,28.2,53.6,311,2022-11-23T23:19,5.55,0.983,2022-11-23T14:54,30810.07,28066.85,2022-11-23T23:38,0.30,0.00,2022-11-23T15:05,0.07,0.40,1.0,NaN,1.13
2022-11-24,3,10.3,-1.2,-5.8,5.7,1.40,1.90,32.6,52.9,229,2022-11-24T23:54,2.41,0.020,2022-11-24T16:23,30657.81,0.00,2022-11-24T23:37,0.00,0.00,2022-11-24T15:07,0.00,0.00,0.0,NaN,1.63
2022-11-25,3,11.6,2.2,-4.6,5.2,1.40,1.75,44.1,91.4,252,,5.26,0.059,2022-11-25T17:46,30508.89,24277.22,2022-11-25T23:36,0.00,0.00,2022-11-25T15:08,0.00,0.00,0.0,NaN,2.64
2022-11-26,3,5.9,-4.7,-9.0,-0.0,1.70,1.70,26.6,56.2,267,2022-11-26T00:44,5.17,0.097,2022-11-26T18:53,30363.53,23272.53,2022-11-26T23:35,0.00,0.00,2022-11-26T15:10,0.00,0.00,0.0,NaN,0.96
2022-11-27,3,2.1,-3.3,-10.1,-2.8,1.00,1.60,34.6,71.6,305,2022-11-27T01:53,3.05,0.135,2022-11-27T19:41,30221.96,1016.74,2022-11-27T23:35,0.00,0.00,2022-11-27T15:11,0.00,0.00,0.0,NaN,1.25
2022-11-28,3,-4.7,-13.4,-22.4,-9.5,1.25,1.55,37.4,74.9,339,2022-11-28T03:16,4.43,0.173,2022-11-28T20:14,30084.42,16800.92,2022-11-28T23:34,0.00,0.00,2022-11-28T15:13,0.00,0.00,0.0,NaN,0.75
2022-11-29,3,-13.2,-19.4,-24.5,-19.5,1.60,1.60,26.7,54.7,339,2022-11-29T04:44,4.73,0.210,2022-11-29T20:38,29951.15,15236.82,2022-11-29T23:33,0.00,0.00,2022-11-29T15:14,0.00,0.00,0.0,NaN,0.39
2022-11-30,73,-16.3,-18.5,-24.6,-21.2,1.20,1.55,19.7,38.2,122,2022-11-30T06:10,3.22,0.246,2022-11-30T20:56,29822.40,0.00,2022-11-30T23:32,0.10,0.00,2022-11-30T15:16,0.21,0.40,1.0,NaN,0.18
2022-12-01,73,-17.5,-23.8,-28.1,-24.2,1.45,1.55,20.7,42.8,347,2022-12-01T07:34,4.58,0.281,2022-12-01T21:10,29698.42,16715.51,2022-12-01T23:32,0.20,0.00,2022-12-01T15:17,0.42,0.80,2.0,NaN,0.23
2022-12-02,3,-16.0,-25.6,-30.5,-20.4,1.45,1.55,12.1,23.8,284,2022-12-02T08:53,4.60,0.316,2022-12-02T21:24,29579.44,18451.57,2022-12-02T23:31,0.00,0.00,2022-12-02T15:19,0.00,0.00,0.0,NaN,0.19
2022-12-03,45,-0.1,-20.2,-25.3,-7.2,1.60,1.60,31.3,64.4,265,2022-12-03T10:10,4.94,0.350,2022-12-03T21:37,29465.73,27174.01,2022-12-03T23:31,0.00,0.00,2022-12-03T15:20,0.00,0.00,0.0,NaN,0.71
2022-12-04,3,0.4,-12.2,-17.5,-5.3,1.55,1.55,35.0,56.5,297,2022-12-04T11:27,3.10,0.383,2022-12-04T21:51,29357.53,9080.25,2022-12-04T23:30,0.00,0.00,2022-12-04T15:21,0.00,0.00,0.0,NaN,1.00
2022-12-05,73,-3.8,-12.1,-17.7,-9.1,1.15,1.50,36.9,58.7,6,2022-12-05T12:43,2.86,0.415,2022-12-05T22:07,29255.11,0.00,2022-12-05T23:30,0.10,0.00,2022-12-05T15:23,0.21,0.40,1.0,NaN,0.33
2022-12-06,73,-12.4,-22.8,-28.3,-20.9,0.80,1.50,33.6,60.5,62,2022-12-06T13:59,2.38,0.447,2022-12-06T22:28,29158.71,0.00,2022-12-06T23:29,0.10,0.00,2022-12-06T15:24,0.21,0.40,1.0,NaN,0.16
2022-12-07,3,3.9,-22.7,-29.5,-2.0,1.70,1.70,33.7,63.0,245,2022-12-07T15:13,4.42,0.479,2022-12-07T22:55,29068.60,18000.00,2022-12-07T23:29,0.00,0.00,2022-12-07T15:25,0.00,0.00,0.0,NaN,0.99
2022-12-08,3,2.6,-4.8,-9.3,-2.6,1.25,1.65,15.4,39.2,219,2022-12-08T16:22,4.37,0.510,2022-12-08T23:32,28985.02,22220.33,2022-12-08T23:29,0.00,0.00,2022-12-08T15:26,0.00,0.00,0.0,NaN,0.93
2022-12-09,3,0.9,-7.1,-12.1,-5.3,1.45,1.55,24.2,40.7,256,2022-12-09T17:22,4.65,0.541,,28908.03,26330.11,2022-12-09T23:29,0.00,0.00,2022-12-09T15:27,0.00,0.00,0.0,NaN,0.76
2022-12-10,3,-3.3,-12.3,-17.8,-7.4,1.40,1.55,12.6,24.5,182,2022-12-10T18:10,4.22,0.571,2022-12-10T00:18,28836.70,14913.94,2022-12-10T23:28,0.00,0.00,2022-12-10T15:28,0.00,0.00,0.0,NaN,0.46
2022-12-11,3,-5.9,-13.0,-18.8,-10.4,1.40,1.50,21.3,41.0,346,2022-12-11T18:46,3.79,0.601,2022-12-11T01:17,28770.91,24808.87,2022-12-11T23:28,0.00,0.00,2022-12-11T15:29,0.00,0.00,0.0,NaN,0.36
2022-12-12,45,-9.8,-15.4,-21.5,-14.4,1.55,1.55,15.5,30.2,348,2022-12-12T19:13,3.55,0.632,2022-12-12T02:23,28710.74,21275.10,2022-12-12T23:28,0.00,0.00,2022-12-12T15:30,0.00,0.00,0.0,NaN,0.34
2022-12-13,45,-1.5,-15.8,-21.0,-5.4,1.60,1.65,12.6,20.9,196,2022-12-13T19:33,4.37,0.662,2022-12-13T03:34,28656.27,25200.00,2022-12-13T23:28,0.00,0.00,2022-12-13T15:31,0.00,0.00,0.0,NaN,0.40
2022-12-14,45,1.4,-4.5,-9.3,-2.8,1.60,1.60,25.8,53.6,339,2022-12-14T19:49,3.27,0.692,2022-12-14T04:45,28607.56,13035.27,2022-12-14T23:29,0.00,0.00,2022-12-14T15:32,0.00,0.00,0.0,NaN,0.53
2022-12-15,45,0.0,-12.4,-16.6,-5.8,1.50,1.50,18.3,37.4,302,2022-12-15T20:02,4.40,0.723,2022-12-15T05:56,28564.69,25200.00,2022-12-15T23:29,0.00,0.00,2022-12-15T15:33,0.00,0.00,0.0,NaN,0.53
2022-12-16,3,1.3,-10.8,-16.0,-3.3,1.45,1.55,15.3,29.5,259,2022-12-16T20:14,3.92,0.754,2022-12-16T07:08,28527.71,18000.00,2022-12-16T23:29,0.00,0.00,2022-12-16T15:33,0.00,0.00,0.0,NaN,0.67
2022-12-17,3,-2.2,-18.7,-25.8,-7.3,1.25,1.45,35.3,61.2,348,2022-12-17T20:27,3.21,0.786,2022-12-17T08:20,28496.69,495.72,2022-12-17T23:29,0.00,0.00,2022-12-17T15:34,0.00,0.00,0.0,NaN,0.45
2022-12-18,3,-19.1,-23.2,-30.3,-26.1,1.20,1.45,26.4,51.1,346,2022-12-18T20:40,3.18,0.819,2022-12-18T09:36,28471.69,1245.60,2022-12-18T23:29,0.00,0.00,2022-12-18T15:35,0.00,0.00,0.0,NaN,0.25
2022-12-19,3,-23.2,-29.9,-35.2,-29.9,1.45,1.45,22.6,45.7,340,2022-12-19T20:56,4.31,0.853,2022-12-19T10:55,28452.75,21600.00,2022-12-19T23:30,0.00,0.00,2022-12-19T15:36,0.00,0.00,0.0,NaN,0.18
2022-12-20,3,-28.4,-33.2,-38.1,-33.4,0.95,1.40,9.7,19.4,341,2022-12-20T21:17,3.60,0.889,2022-12-20T12:19,28439.92,7200.00,2022-12-20T23:30,0.00,0.00,2022-12-20T15:36,0.00,0.00,0.0,NaN,0.09
2022-12-21,3,-27.6,-31.8,-38.1,-34.5,1.30,1.40,23.7,44.3,344,2022-12-21T21:46,3.70,0.926,2022-12-21T13:48,28433.25,9582.41,2022-12-21T23:31,0.00,0.00,2022-12-21T15:37,0.00,0.00,0.0,NaN,0.13
2022-12-22,3,-23.4,-31.9,-36.8,-29.2,1.50,1.50,16.2,37.1,274,2022-12-22T22:28,4.71,0.964,2022-12-22T15:16,28432.78,25214.26,2022-12-22T23:31,0.00,0.00,2022-12-22T15:37,0.00,0.00,0.0,NaN,0.13
2022-12-23,73,-18.7,-27.9,-33.9,-24.1,1.05,1.50,16.2,28.4,167,2022-12-23T23:29,2.94,0.003,2022-12-23T16:32,28438.53,7200.00,2022-12-23T23:32,0.40,0.00,2022-12-23T15:38,0.70,1.40,2.0,NaN,0.14
2022-12-24,3,-10.8,-23.2,-28.1,-15.3,1.30,1.55,11.8,19.8,130,,2.43,0.042,2022-12-24T17:32,28450.55,3600.00,2022-12-24T23:32,0.00,0.00,2022-12-24T15:38,0.00,0.00,0.0,NaN,0.18
2022-12-25,3,3.4,-10.5,-15.4,-0.6,1.35,1.55,36.8,94.3,286,2022-12-25T00:49,4.36,0.081,2022-12-25T18:12,28468.86,24132.20,2022-12-25T23:33,0.00,0.00,2022-12-25T15:38,0.00,0.00,0.0,NaN,1.18
2022-12-26,3,7.7,-5.2,-9.4,1.8,1.30,1.55,27.4,53.3,184,2022-12-26T02:19,2.94,0.120,2022-12-26T18:40,28493.46,0.00,2022-12-26T23:34,0.00,0.00,2022-12-26T15:39,0.00,0.00,0.0,NaN,0.82
2022-12-27,51,7.2,0.9,-3.1,2.5,0.75,1.50,19.9,59.4,169,2022-12-27T03:51,1.78,0.158,2022-12-27T19:01,28524.40,0.00,2022-12-27T23:35,0.40,0.00,2022-12-27T15:39,0.00,0.40,1.0,NaN,0.51
2022-12-28,51,0.8,-7.5,-13.2,-2.9,1.00,1.50,18.4,34.9,10,2022-12-28T05:18,3.29,0.195,2022-12-28T19:17,28561.67,9105.70,2022-12-28T23:35,0.10,0.00,2022-12-28T15:39,0.00,0.10,1.0,NaN,0.27
2022-12-29,45,-3.8,-9.0,-12.7,-6.8,1.50,1.50,8.2,15.5,208,2022-12-29T06:41,4.49,0.231,2022-12-29T19:31,28605.36,25200.00,2022-12-29T23:36,0.00,0.00,2022-12-29T15:39,0.00,0.00,0.0,NaN,0.27
2022-12-30,3,0.6,-8.8,-12.9,-3.2,1.50,1.55,11.2,15.5,204,2022-12-30T08:00,4.48,0.265,2022-12-30T19:44,28655.93,21600.00,2022-12-30T23:37,0.00,0.00,2022-12-30T15:39,0.00,0.00,0.0,NaN,0.51
2022-12-31,3,-0.1,-8.6,-13.3,-3.4,1.40,1.55,12.2,18.0,353,2022-12-31T09:17,4.61,0.299,2022-12-31T19:58,28713.31,25200.00,2022-12-31T23:38,0.00,0.00,2022-12-31T15:39,0.00,0.00,0.0,NaN,0.48
2023-01-01,3,1.9,-6.9,-10.7,-1.9,1.55,1.55,12.1,32.8,296,2023-01-01T10:33,4.71,0.331,2023-01-01T20:13,28777.29,25200.00,2023-01-01T23:39,0.00,0.00,2023-01-01T15:39,0.00,0.00,0.0,NaN,0.52
2023-01-02,45,-1.7,-8.9,-14.0,-5.4,1.60,1.60,13.0,34.9,224,2023-01-02T11:49,4.81,0.363,2023-01-02T20:32,28847.69,25200.00,2023-01-02T23:40,0.00,0.00,2023-01-02T15:39,0.00,0.00,0.0,NaN,0.56
2023-01-03,1,0.4,-11.1,-17.0,-3.8,1.55,1.60,14.8,28.1,217,2023-01-03T13:03,4.87,0.394,2023-01-03T20:57,28924.31,25200.00,2023-01-03T23:41,0.00,0.00,2023-01-03T15:39,0.00,0.00,0.0,NaN,0.60
2023-01-04,2,-1.7,-8.0,-13.6,-6.1,1.55,1.55,15.1,29.5,322,2023-01-04T14:13,4.91,0.425,2023-01-04T21:30,29006.96,25200.00,2023-01-04T23:43,0.00,0.00,2023-01-04T15:38,0.00,0.00,0.0,NaN,0.72
2023-01-05,3,-4.1,-15.2,-20.2,-8.6,1.30,1.60,15.5,30.2,202,2023-01-05T15:15,4.50,0.455,2023-01-05T22:13,29095.43,21626.88,2023-01-05T23:44,0.00,0.00,2023-01-05T15:38,0.00,0.00,0.0,NaN,0.40
2023-01-06,45,7.7,-8.4,-13.1,2.2,1.65,1.65,21.7,50.0,215,2023-01-06T16:06,5.03,0.486,2023-01-06T23:09,29189.53,25214.77,2023-01-06T23:45,0.00,0.00,2023-01-06T15:38,0.00,0.00,0.0,NaN,0.99
2023-01-07,3,6.9,-2.1,-6.3,2.4,1.55,1.65,19.4,41.0,254,2023-01-07T16:46,4.73,0.516,,29289.07,18001.07,2023-01-07T23:46,0.00,0.00,2023-01-07T15:37,0.00,0.00,0.0,NaN,1.06
2023-01-08,3,3.7,-5.0,-8.7,0.4,1.55,1.60,12.6,23.4,222,2023-01-08T17:16,5.07,0.546,2023-01-08T00:13,29393.83,25200.00,2023-01-08T23:48,0.00,0.00,2023-01-08T15:37,0.00,0.00,0.0,NaN,0.66
2023-01-09,3,5.9,-4.6,-9.4,1.6,1.60,1.60,17.8,53.6,261,2023-01-09T17:38,5.30,0.576,2023-01-09T01:22,29503.62,25200.00,2023-01-09T23:49,0.00,0.00,2023-01-09T15:37,0.00,0.00,0.0,NaN,0.90
2023-01-10,3,3.8,-3.6,-7.8,-0.8,1.65,1.65,18.0,33.1,288,2023-01-10T17:55,5.31,0.607,2023-01-10T02:33,29618.25,25200.00,2023-01-10T23:50,0.00,0.00,2023-01-10T15:36,0.00,0.00,0.0,NaN,0.76
2023-01-11,3,-1.0,-11.0,-15.2,-5.3,1.60,1.70,10.8,18.0,244,2023-01-11T18:09,4.79,0.637,2023-01-11T03:45,29737.50,20646.89,2023-01-11T23:52,0.00,0.00,2023-01-11T15:35,0.00,0.00,0.0,NaN,0.44
2023-01-12,3,3.1,-11.5,-16.3,-0.7,1.50,1.75,14.1,19.1,176,2023-01-12T18:21,4.33,0.668,2023-01-12T04:55,29861.19,14400.00,2023-01-12T23:53,0.00,0.00,2023-01-12T15:35,0.00,0.00,0.0,NaN,0.63
2023-01-13,3,8.6,-2.2,-5.2,5.5,1.45,1.80,14.7,27.4,215,2023-01-13T18:33,4.57,0.699,2023-01-13T06:06,29989.13,12742.84,2023-01-13T23:55,0.00,0.00,2023-01-13T15:34,0.00,0.00,0.0,NaN,0.86
2023-01-14,3,7.2,0.9,-3.1,3.8,1.75,1.75,12.3,19.4,236,2023-01-14T18:45,5.54,0.731,2023-01-14T07:18,30121.11,25970.80,2023-01-14T23:56,0.00,0.00,2023-01-14T15:33,0.00,0.00,0.0,NaN,0.84
2023-01-15,3,0.9,-4.1,-8.1,-2.7,1.55,1.75,10.5,16.6,196,2023-01-15T18:59,4.86,0.763,2023-01-15T08:33,30256.96,21600.00,2023-01-15T23:58,0.00,0.00,2023-01-15T15:33,0.00,0.00,0.0,NaN,0.46
2023-01-16,45,-1.2,-4.4,-8.4,-4.7,1.50,1.75,10.1,19.4,174,2023-01-16T19:17,4.92,0.797,2023-01-16T09:53,30396.47,16617.04,2023-01-16T23:59,0.00,0.00,2023-01-16T15:32,0.00,0.00,0.0,NaN,0.36
2023-01-17,45,4.0,-11.3,-16.1,-0.3,1.80,1.80,13.5,39.2,316,2023-01-17T19:40,5.91,0.832,2023-01-17T11:17,30539.47,26329.34,2023-01-18T00:01,0.00,0.00,2023-01-17T15:31,0.00,0.00,0.0,NaN,0.60
2023-01-18,1,4.6,-8.2,-13.1,0.9,1.80,1.80,9.4,14.0,215,2023-01-18T20:14,5.95,0.869,2023-01-18T12:43,30686.07,26294.49,2023-01-19T00:02,0.00,0.00,2023-01-18T15:30,0.00,0.00,0.0,NaN,0.67
2023-01-19,3,2.3,-3.0,-7.7,-1.8,1.80,1.85,24.6,47.2,339,2023-01-19T21:04,6.07,0.907,2023-01-19T14:05,30837.86,25200.00,2023-01-20T00:04,0.00,0.00,2023-01-19T15:29,0.00,0.00,0.0,NaN,1.04
2023-01-20,3,5.3,-6.2,-11.1,-1.1,1.65,1.90,22.8,45.4,284,2023-01-20T22:15,5.66,0.946,2023-01-20T15:14,30994.85,18115.48,2023-01-21T00:05,0.00,0.00,2023-01-20T15:28,0.00,0.00,0.0,NaN,1.37
2023-01-21,3,8.9,1.6,-3.8,4.8,1.95,1.95,23.3,41.0,271,2023-01-21T23:42,6.18,0.985,2023-01-21T16:03,31156.71,26622.39,2023-01-22T00:07,0.00,0.00,2023-01-21T15:27,0.00,0.00,0.0,NaN,1.82
2023-01-22,3,5.3,-0.1,-7.2,0.2,1.80,1.90,33.9,69.8,311,,6.17,0.025,2023-01-22T16:38,31323.15,23523.72,2023-01-23T00:09,0.00,0.00,2023-01-22T15:26,0.00,0.00,0.0,NaN,1.65
2023-01-23,3,4.8,-9.5,-13.9,-3.5,2.00,2.00,37.1,74.9,269,2023-01-23T01:16,6.43,0.064,2023-01-23T17:02,31493.87,21600.00,2023-01-24T00:10,0.00,0.00,2023-01-23T15:25,0.00,0.00,0.0,NaN,1.20
2023-01-24,3,4.0,1.1,-6.7,-1.3,1.90,2.00,34.2,75.6,290,2023-01-24T02:49,4.94,0.103,2023-01-24T17:21,31668.57,7977.10,2023-01-25T00:12,0.00,0.00,2023-01-24T15:23,0.00,0.00,0.0,NaN,2.08
2023-01-25,3,5.6,-4.7,-9.4,0.9,1.60,2.05,18.9,38.2,293,2023-01-25T04:17,3.86,0.141,2023-01-25T17:36,31846.98,11225.72,2023-01-26T00:14,0.00,0.00,2023-01-25T15:22,0.00,0.00,0.0,NaN,0.99
2023-01-26,3,8.8,2.4,-1.5,3.5,2.05,2.15,38.0,83.5,282,2023-01-26T05:42,3.98,0.177,2023-01-26T17:50,32028.82,0.00,2023-01-27T00:16,0.00,0.00,2023-01-26T15:21,0.00,0.00,0.0,NaN,2.11
2023-01-27,73,5.7,-7.0,-12.6,1.6,1.90,2.15,24.5,53.6,350,2023-01-27T07:02,4.26,0.212,2023-01-27T18:03,32213.81,3589.43,2023-01-28T00:17,0.50,0.00,2023-01-27T15:19,0.77,1.60,4.0,NaN,0.45
2023-01-28,3,-8.1,-18.4,-24.3,-13.1,2.15,2.20,18.9,38.9,1,2023-01-28T08:20,6.79,0.245,2023-01-28T18:18,32401.68,21600.00,2023-01-29T00:19,0.00,0.00,2023-01-28T15:18,0.00,0.00,0.0,NaN,0.30
2023-01-29,3,-16.4,-23.0,-29.0,-21.8,2.25,2.30,16.7,38.2,287,2023-01-29T09:38,7.71,0.278,2023-01-29T18:36,32592.17,29281.65,2023-01-30T00:21,0.00,0.00,2023-01-29T15:17,0.00,0.00,0.0,NaN,0.30
2023-01-30,3,-7.0,-18.3,-23.4,-11.5,2.25,2.25,18.8,39.2,289,2023-01-30T10:53,6.23,0.309,2023-01-30T19:00,32785.05,15587.84,2023-01-31T00:23,0.00,0.00,2023-01-30T15:15,0.00,0.00,0.0,NaN,0.49
2023-01-31,3,-5.8,-12.4,-17.8,-10.0,2.25,2.35,17.3,35.3,319,2023-01-31T12:05,5.71,0.340,2023-01-31T19:30,32980.04,11846.60,2023-02-01T00:25,0.00,0.00,2023-01-31T15:14,0.00,0.00,0.0,NaN,0.53
2023-02-01,3,-8.1,-14.5,-19.2,-12.7,2.10,2.45,23.8,41.8,9,2023-02-01T13:10,7.25,0.371,2023-02-01T20:10,33176.93,31278.06,2023-02-02T00:26,0.00,0.00,2023-02-01T15:12,0.00,0.00,0.0,NaN,0.36
2023-02-02,3,-7.7,-17.6,-24.1,-11.6,2.40,2.55,20.0,38.9,163,2023-02-02T14:04,7.13,0.401,2023-02-02T21:01,33375.47,24321.89,2023-02-03T00:28,0.00,0.00,2023-02-02T15:11,0.00,0.00,0.0,NaN,0.37
2023-02-03,3,9.0,-8.0,-13.0,4.2,2.15,2.55,21.4,49.3,237,2023-02-03T14:47,5.65,0.431,2023-02-03T22:03,33575.43,13757.76,2023-02-04T00:30,0.00,0.00,2023-02-03T15:09,0.00,0.00,0.0,NaN,1.42
2023-02-04,3,7.9,-0.1,-4.4,1.6,2.55,2.55,30.8,69.8,276,2023-02-04T15:19,8.12,0.462,2023-02-04T23:12,33776.60,27961.17,2023-02-05T00:32,0.00,0.00,2023-02-04T15:08,0.00,0.00,0.0,NaN,2.03
2023-02-05,3,7.4,-3.3,-7.7,2.5,2.20,2.65,24.4,55.8,242,2023-02-05T15:43,7.37,0.492,,33978.75,19787.40,2023-02-06T00:34,0.00,0.00,2023-02-05T15:06,0.00,0.00,0.0,NaN,1.37
2023-02-06,3,8.2,-5.4,-9.8,0.5,2.60,2.60,36.4,87.1,290,2023-02-06T16:01,7.78,0.522,2023-02-06T00:23,34181.68,24556.46,2023-02-07T00:35,0.00,0.00,2023-02-06T15:04,0.00,0.00,0.0,NaN,1.93
